s1_id	country	business_name	business_address	s2_top1_id	s2_top1_score	n_s2	s3_top1_id	s3_top1_score	n_s3	max_top1_score	s2_top20	s3_top20	status
S1-303396463	India	Indo Super Impex Private Limited	242 - Ground Floor, Mumbai, Geeta Nagar, Dr Homi Bhabha Road, Navy Nagar, Colaba, Mumbai City, Maharashtra	S2-469533269	117.08698	20	S3-757631312	55.45504	20	117.08698	S2-469533269:117.09,S2-274093781:61.93,S2-187706455:61.75,S2-329801375:60.73,S2-668411405:59.14,S2-19397871:59.02,S2-215727237:56.52,S2-967971591:55.92,S2-865393217:55.87,S2-700547081:55.87,S2-866543849:55.66,S2-154901618:55.07,S2-872438832:53.90,S2-235285063:53.85,S2-619346510:53.63,S2-423233834:53.18,S2-880607013:52.91,S2-338397162:52.81,S2-352284798:52.61,S2-967603003:52.60	S3-757631312:55.46,S3-614138800:54.96,S3-424115965:54.72,S3-946728293:54.66,S3-190892469:54.63,S3-30060710:54.45,S3-777396422:53.86,S3-317718364:53.72,S3-535063370:53.61,S3-722421260:53.19,S3-163270487:53.15,S3-716474211:52.72,S3-739963118:52.55,S3-928187690:52.50,S3-269075167:52.40,S3-480137985:52.21,S3-626573436:51.71,S3-376077474:51.52,S3-174582419:51.32,S3-717750570:51.15	ok
S1-310547813	US	Maxwell's Digital	4105 123rd Lane, Avondale, AZ	S2-369288706	61.576057	20	S3-195328210	57.43895	20	61.576057	S2-369288706:61.58,S2-735206023:43.46,S2-489396875:43.38,S2-720183072:43.38,S2-871674204:43.38,S2-833106520:43.38,S2-843594663:43.38,S2-383960289:42.31,S2-793218937:40.94,S2-237652670:39.14,S2-763525186:39.14,S2-49090897:39.14,S2-788543909:39.14,S2-529587318:39.14,S2-352899965:37.98,S2-185763431:37.98,S2-239860746:37.98,S2-305941495:37.98,S2-91467294:37.98,S2-734945512:34.81	S3-195328210:57.44,S3-594041861:51.58,S3-851848874:43.73,S3-745805822:43.73,S3-466219050:42.60,S3-182102949:42.60,S3-416294522:42.60,S3-651368775:42.60,S3-150648293:42.60,S3-805973815:38.34,S3-315876947:38.34,S3-921782411:38.34,S3-905984106:38.34,S3-160919276:38.34,S3-270259380:37.35,S3-390601886:37.35,S3-348499399:37.35,S3-87143366:37.35,S3-605464951:37.35,S3-71062074:37.35	ok
S1-855453577	US	Pradhan Classic Cms PLLC	Pittsfield, MA, 15 May Terrace	S2-3847972	92.5683	20	S3-481484565	80.91147	20	92.5683	S2-3847972:92.57,S2-918939913:85.62,S2-150562799:77.09,S2-469520:72.24,S2-46959804:72.24,S2-491791967:72.24,S2-633283739:72.24,S2-972241888:71.88,S2-418544688:71.88,S2-815051829:71.88,S2-909955560:71.88,S2-712057325:71.88,S2-901696839:65.05,S2-938936469:65.05,S2-928565:61.22,S2-961763928:61.22,S2-343348930:44.75,S2-899193644:44.31,S2-133833029:42.01,S2-969495029:41.14	S3-481484565:80.91,S3-750625303:80.69,S3-388440479:80.69,S3-183803231:72.03,S3-274201933:72.03,S3-363005319:72.03,S3-405383052:72.03,S3-626998201:72.03,S3-604341509:72.03,S3-237950762:72.03,S3-195266230:71.83,S3-429462419:71.83,S3-762588873:71.83,S3-269612250:64.91,S3-902714466:64.91,S3-904246115:64.73,S3-549837246:64.73,S3-551172858:64.73,S3-319353591:62.35,S3-942400853:60.87	ok
S1-345358219	US	Commission on Labor	7628 291 Highway, Ford, WA	S2-138116492	78.71483	20	S3-283122673	89.65502	20	89.65502	S2-138116492:78.71,S2-802644314:74.19,S2-963576909:72.62,S2-63483931:72.51,S2-227949118:72.51,S2-679575823:72.51,S2-715881446:72.51,S2-69221418:72.51,S2-31515823:72.51,S2-957575335:72.51,S2-213809463:72.51,S2-447891602:72.51,S2-843361524:72.51,S2-917947087:72.51,S2-944196378:72.51,S2-642322825:72.51,S2-210086843:72.51,S2-692438560:72.51,S2-254349623:72.51,S2-366557902:72.51	S3-283122673:89.66,S3-996238634:73.09,S3-717929179:73.09,S3-859120623:73.09,S3-235055626:73.09,S3-34343895:73.09,S3-828699870:73.09,S3-56921386:73.09,S3-590069350:73.09,S3-606088444:73.09,S3-616933071:73.09,S3-913628156:73.09,S3-505931629:73.09,S3-923206027:73.09,S3-605662672:73.09,S3-393343317:73.09,S3-318183974:73.09,S3-765961570:73.09,S3-921462721:73.09,S3-309847130:73.09	ok
S1-288186667	US	Milissent Maske Fargo	6110 Norwich Street, TX, Houston	S2-524935571	115.84386	20	S3-65195529	46.98615	20	115.84386	S2-524935571:115.84,S2-395922542:91.61,S2-583935127:47.84,S2-471676710:47.43,S2-988135159:44.11,S2-502889395:43.61,S2-790618458:41.72,S2-378847431:41.32,S2-373437275:39.95,S2-906628464:39.75,S2-70755648:39.43,S2-875852715:39.43,S2-841382815:39.07,S2-858780189:38.62,S2-190479845:38.19,S2-1201194:38.19,S2-618241476:38.18,S2-185919039:38.18,S2-911405988:37.67,S2-363403522:37.48	S3-65195529:46.99,S3-869553966:46.15,S3-107109552:46.15,S3-719719128:44.74,S3-734305122:44.74,S3-141972956:42.60,S3-414796969:41.54,S3-824937037:40.46,S3-491055453:39.22,S3-812818096:39.22,S3-535298973:39.22,S3-936291343:39.22,S3-561665197:39.22,S3-940179394:38.75,S3-848107598:37.59,S3-144135771:37.34,S3-259952196:37.34,S3-231628840:37.34,S3-620100545:36.91,S3-823992673:36.91	ok
S1-454631586	US	Ruiz Evo	1608 Marcella Avenue, Unit 1N, Joliet, IL	S2-636263657	55.827877	20	S3-37704512	64.13458	20	64.13458	S2-636263657:55.83,S2-394541947:39.99,S2-549524718:39.99,S2-733948606:39.63,S2-596523209:37.87,S2-889287121:37.62,S2-668842105:37.11,S2-489806282:37.11,S2-906806132:36.22,S2-822917735:36.09,S2-579847426:36.02,S2-15427760:35.83,S2-72783591:35.83,S2-396236363:35.67,S2-25467256:35.60,S2-881603101:35.60,S2-103964268:35.46,S2-207628656:35.40,S2-412441013:35.11,S2-673982911:35.06	S3-37704512:64.13,S3-457841158:41.97,S3-514525621:38.56,S3-377853911:37.12,S3-54378240:36.84,S3-209280663:36.59,S3-998585393:36.59,S3-32625385:36.52,S3-302006097:35.17,S3-5487903:35.17,S3-286819303:35.17,S3-560776731:35.17,S3-2329066:35.17,S3-948834076:35.13,S3-14805856:35.13,S3-291906331:35.03,S3-958235364:34.96,S3-910735288:34.96,S3-76711105:34.91,S3-740161929:34.91	ok
S1-503321857	US	United Clear Kgaa LLC	TX, 15521 Whistling Straits Drive, Austin	S2-489788535	95.14595	20	S3-891082585	50.50273	20	95.14595	S2-489788535:95.15,S2-153739455:91.68,S2-496218295:43.03,S2-606622558:42.93,S2-363598235:42.80,S2-83178475:42.80,S2-136421891:42.80,S2-242466778:42.17,S2-925817419:42.17,S2-73159887:41.82,S2-530933429:40.87,S2-103527196:40.84,S2-862202696:40.79,S2-374179799:40.27,S2-193245313:40.00,S2-942226831:39.81,S2-114967640:39.81,S2-212065611:39.81,S2-974533314:39.81,S2-946140241:39.81	S3-891082585:50.50,S3-318462075:47.12,S3-882249410:42.63,S3-98099378:42.63,S3-479546035:42.50,S3-18291715:42.50,S3-468460665:42.50,S3-227864392:42.50,S3-42475493:41.18,S3-426769015:40.42,S3-857792944:39.60,S3-689863541:39.60,S3-191290911:39.60,S3-678351983:39.60,S3-205712324:39.60,S3-128120910:39.60,S3-271733090:39.60,S3-212499659:39.60,S3-580835772:39.60,S3-31159159:39.51	ok
S1-384733974	India	Grey (india) (India) Ltd	No 30/A1, Parakoottam Road, Near Kinfra Park Koratty, Mukundapuram, Thrissur, Kerala	S2-544849482	107.457436	20	S3-227407716	66.59819	20	107.457436	S2-544849482:107.46,S2-150428383:99.52,S2-700705792:68.34,S2-534929503:60.07,S2-963507845:59.90,S2-361110891:59.77,S2-458759694:59.58,S2-907415705:59.58,S2-145899369:58.13,S2-468877248:56.71,S2-510131154:54.62,S2-500789936:52.01,S2-901825656:51.26,S2-279865480:51.09,S2-524556999:51.00,S2-467406628:50.60,S2-280801326:47.07,S2-777329713:46.04,S2-820405050:45.96,S2-185694375:45.75	S3-227407716:66.60,S3-411834573:64.78,S3-965763019:61.87,S3-870206822:56.80,S3-715293283:55.77,S3-79378057:52.05,S3-451570109:48.18,S3-255626122:47.88,S3-138759667:47.46,S3-800664061:46.69,S3-93883118:45.96,S3-522186994:45.78,S3-198234802:45.59,S3-658678121:45.13,S3-760931089:44.87,S3-22406125:44.76,S3-707744734:44.47,S3-12035238:44.43,S3-357833276:44.19,S3-218207135:43.84	ok
S1-958374761	US	Corner Pilates LLC	300 High Plain Street, Walpole, MA	S2-810595672	78.43019	20	S3-199593312	58.29049	20	78.43019	S2-810595672:78.43,S2-731828602:70.46,S2-93390675:60.23,S2-78769581:59.69,S2-927627785:59.16,S2-32529430:58.97,S2-975734702:58.63,S2-845235989:58.49,S2-624122535:56.65,S2-679008082:56.13,S2-80687555:55.92,S2-785388887:55.22,S2-882236905:55.22,S2-45591536:55.08,S2-802679154:55.04,S2-150739399:54.88,S2-89263441:53.50,S2-120588085:53.50,S2-821644053:53.36,S2-230605252:52.76	S3-199593312:58.29,S3-559851504:56.95,S3-789512987:55.51,S3-339706332:55.36,S3-280175896:55.19,S3-914630313:55.19,S3-17215414:55.16,S3-606497920:53.51,S3-502184285:53.48,S3-5670380:52.77,S3-803073430:52.77,S3-993437650:52.77,S3-788572282:52.77,S3-479612404:52.73,S3-776055407:52.73,S3-732762919:52.73,S3-252555009:52.73,S3-251753924:52.73,S3-972869504:52.73,S3-421548295:52.73	ok
S1-700749845	US	Obsidian Xsolla Inc	1509 Salem Court, Kendallville, IN	S2-919335891	46.93256	20	S3-974298305	77.58381	20	77.58381	S2-919335891:46.93,S2-368345983:45.73,S2-2427118:45.55,S2-373859511:45.55,S2-162262904:45.49,S2-783697178:45.09,S2-363750396:45.05,S2-848271770:45.05,S2-995399735:41.71,S2-422434017:41.71,S2-174611491:41.52,S2-258614576:41.52,S2-52341463:41.48,S2-960272493:41.48,S2-819516559:41.48,S2-70650492:41.27,S2-614660444:41.22,S2-305221385:40.90,S2-210215968:40.90,S2-159833050:40.90	S3-974298305:77.58,S3-446507075:74.30,S3-958146876:47.53,S3-636332707:46.39,S3-995393636:45.66,S3-519921811:43.79,S3-929008585:43.60,S3-573721390:43.06,S3-858877967:42.22,S3-847328975:42.22,S3-854120327:41.11,S3-619869768:41.02,S3-790500400:41.02,S3-754265523:41.02,S3-418039409:41.02,S3-41851045:41.02,S3-433494587:41.02,S3-362528048:41.02,S3-79499034:41.02,S3-33751900:41.02	ok
S1-719914380	US	Harrisonburg City Asset Building Federation LLC	440 Ohio Avenue, Harrisonburg City, VA	S2-781127656	83.84738	20	S3-55167046	102.53124	20	102.53124	S2-781127656:83.85,S2-383022663:77.27,S2-598094796:76.76,S2-376918102:75.26,S2-409840062:71.01,S2-293289803:68.95,S2-428174894:68.61,S2-391195505:68.44,S2-18043222:67.08,S2-587189877:66.54,S2-195030594:65.15,S2-744644206:65.02,S2-340340297:65.02,S2-838072329:65.02,S2-474787175:65.02,S2-48767222:65.02,S2-524740986:65.02,S2-204366463:65.02,S2-7143678:65.02,S2-402408641:65.02	S3-55167046:102.53,S3-742931304:89.53,S3-982641834:72.69,S3-787135936:72.38,S3-300220265:69.00,S3-617942360:68.89,S3-502808203:68.47,S3-918558427:65.44,S3-107066080:65.44,S3-853085548:65.44,S3-916032354:65.44,S3-550983473:65.44,S3-462716774:65.44,S3-239678869:65.44,S3-967941351:65.44,S3-857547664:65.44,S3-898880648:65.44,S3-998599460:65.35,S3-977772282:65.35,S3-441934255:65.35	ok
S1-674220654	India	Shree Engineering Private Limited	Plot No.-64 Khaspa, Sheragada, Ganjam, Orissa	S2-95880007	48.59063	20	S3-193399453	83.06861	20	83.06861	S2-95880007:48.59,S2-27823924:48.50,S2-978163296:47.46,S2-342238061:47.46,S2-879018416:47.40,S2-946538641:47.31,S2-241562610:46.90,S2-59537685:46.32,S2-431355639:46.24,S2-811791602:46.07,S2-591139327:46.05,S2-294334472:45.94,S2-935641898:45.94,S2-33647317:45.91,S2-262285466:45.83,S2-854133167:45.30,S2-217580634:44.57,S2-196836379:44.55,S2-564118627:44.55,S2-276347448:44.55	S3-193399453:83.07,S3-437709942:51.32,S3-343294299:48.04,S3-984920181:47.03,S3-349676158:46.30,S3-443115124:46.05,S3-393369440:46.03,S3-317830017:45.97,S3-927878374:45.61,S3-604550584:45.10,S3-595587657:44.22,S3-527393217:44.12,S3-674873173:44.10,S3-207767980:44.10,S3-558101626:44.10,S3-187940315:44.08,S3-802049552:44.08,S3-674794893:43.03,S3-259307549:43.03,S3-27672948:43.01	ok
S1-621361330	India	Vka Ventures Pvt Ltd	C/O- Ajay Spinners Limited, Khasra No.1875-1876 Khari Ka Lamba, Tehsil-Hurda, Gulabpura, Bhilwara, Rajasthan	S2-236394102	52.4385	20	S3-73020318	142.58047	20	142.58047	S2-236394102:52.44,S2-934544395:52.12,S2-263416770:51.57,S2-192786424:51.21,S2-838649894:47.99,S2-926189916:47.13,S2-262423647:45.66,S2-699879500:44.63,S2-639840656:43.66,S2-212773971:42.74,S2-177973004:42.42,S2-839431193:41.61,S2-358450074:41.48,S2-265391164:41.48,S2-676416450:40.91,S2-163288330:40.48,S2-98480569:40.42,S2-334837900:40.28,S2-179561593:40.09,S2-868968206:38.88	S3-73020318:142.58,S3-378364284:89.33,S3-359476600:48.47,S3-89853129:48.37,S3-678292335:48.19,S3-660590464:48.19,S3-418780043:47.65,S3-299990488:42.58,S3-220989182:42.58,S3-186958708:42.58,S3-242673128:41.27,S3-866866562:40.15,S3-354101074:39.92,S3-996121680:39.89,S3-576386874:39.85,S3-50513194:39.62,S3-439646093:39.62,S3-625054764:39.52,S3-195859177:38.93,S3-884045988:38.72	ok
S1-979970707	India	One Infra LLP	15, Vaikuntha Vathyar Street Sowcarpet, Chennai, Tamil Nadu	S2-670589200	51.208256	20	S3-297786371	51.32817	20	51.32817	S2-670589200:51.21,S2-796554777:50.26,S2-542796231:48.14,S2-440138246:47.77,S2-948767571:47.69,S2-963902988:47.69,S2-229058925:46.18,S2-826371599:46.15,S2-397466435:46.08,S2-25772420:45.73,S2-903746573:45.38,S2-493660752:44.88,S2-802802643:44.02,S2-146361166:43.86,S2-64474340:43.48,S2-159874933:43.40,S2-184694990:42.99,S2-826499800:42.46,S2-766214890:41.93,S2-556773070:41.83	S3-297786371:51.33,S3-26157409:45.71,S3-547492579:43.92,S3-397664537:43.13,S3-520738700:43.13,S3-304031497:43.13,S3-319315280:43.13,S3-370831972:43.13,S3-136602495:43.13,S3-703571443:43.13,S3-803136424:43.02,S3-137552225:42.11,S3-133678542:42.04,S3-971500236:41.62,S3-532694487:41.54,S3-802207325:40.95,S3-611094336:40.40,S3-820998081:40.29,S3-500415658:40.08,S3-831841198:39.48	ok
S1-210863997	US	Myrtie L. Dawley, CPA, PC	Summerdale, 302 Jackson Avenue, AL	S2-496822269	51.18392	20	S3-372748015	120.240135	20	120.240135	S2-496822269:51.18,S2-263622604:47.38,S2-149415329:47.38,S2-882561539:47.38,S2-781023141:47.35,S2-924497091:47.35,S2-387864324:47.35,S2-786479424:46.09,S2-91304072:46.08,S2-530970694:44.69,S2-529732971:43.41,S2-500827940:43.28,S2-385359097:43.09,S2-108843310:43.09,S2-792891024:43.09,S2-39174526:43.06,S2-24500434:43.06,S2-548093068:43.06,S2-801804997:42.59,S2-248910216:42.59	S3-372748015:120.24,S3-391733953:76.70,S3-584379173:52.15,S3-861191809:48.42,S3-803834322:47.53,S3-187768318:47.53,S3-994844903:47.53,S3-475905305:47.53,S3-641478590:47.53,S3-743879203:47.49,S3-338384896:47.49,S3-726545567:47.49,S3-342511479:47.49,S3-476943565:43.73,S3-988992995:43.59,S3-582250321:43.59,S3-594833176:43.21,S3-450181549:43.21,S3-643362443:43.21,S3-944317759:43.21	ok
S1-924757726	India	New Delhi Producer Private Limited	148-A, Delhi, Second Floor, Sarai Jullena New Friends Colony, New Delhi, New Delhi, South Delhi	S2-776256937	94.35214	20	S3-470439425	82.45903	20	94.35214	S2-776256937:94.35,S2-690236176:94.25,S2-997176080:94.15,S2-415363441:90.93,S2-345889657:87.97,S2-111231725:86.38,S2-221520795:85.75,S2-195443583:84.68,S2-31585271:84.17,S2-593845239:83.53,S2-602927642:83.46,S2-432684989:82.61,S2-111726439:81.69,S2-193821145:81.68,S2-860689864:81.58,S2-270157146:81.25,S2-176397318:81.05,S2-725723458:81.05,S2-883589402:81.02,S2-854215555:80.65	S3-470439425:82.46,S3-523874694:82.44,S3-415661565:82.29,S3-471789828:81.44,S3-521311959:81.07,S3-695492985:80.65,S3-350831430:80.03,S3-463731321:79.52,S3-661427790:79.48,S3-402378455:79.37,S3-23383883:78.31,S3-443465004:78.27,S3-512612330:78.22,S3-273140526:78.10,S3-75947817:77.83,S3-847780945:77.46,S3-943137642:77.40,S3-262022318:77.36,S3-701379875:77.23,S3-514266905:77.18	ok
S1-848416950	US	Perla Cooper Tpg LLC	1009 Main Street, Lexington, TX	S2-25257028	93.66412	20	S3-836807766	58.28109	20	93.66412	S2-25257028:93.66,S2-234302356:44.80,S2-883165556:44.80,S2-363266082:41.53,S2-133816527:41.23,S2-726885673:41.03,S2-425117616:41.03,S2-618859486:41.03,S2-911617547:40.34,S2-616645957:40.15,S2-542716899:40.15,S2-916451507:39.29,S2-405859194:39.11,S2-554469123:39.11,S2-702778667:38.69,S2-264329675:38.47,S2-748784431:38.33,S2-181092969:38.33,S2-111486250:38.05,S2-311805744:37.57	S3-836807766:58.28,S3-659375776:42.96,S3-986490578:42.51,S3-981983966:42.03,S3-186069066:42.00,S3-292806384:42.00,S3-27767447:41.86,S3-633547800:41.26,S3-199699052:41.26,S3-418637290:41.26,S3-661728161:41.26,S3-870691782:41.26,S3-541243705:41.04,S3-266504460:40.32,S3-858842379:40.06,S3-582551595:39.29,S3-85028993:39.29,S3-272443080:39.29,S3-62997408:39.22,S3-190625483:39.22	ok
S1-76531232	US	Houck Advantage	1824 Hillcrest Avenue, Springfield, MO	S2-753793909	42.588943	20	S3-390703981	60.305935	20	60.305935	S2-753793909:42.59,S2-92113393:42.59,S2-382335522:42.59,S2-73255491:42.59,S2-496335508:41.18,S2-247214085:40.70,S2-267470872:40.70,S2-71617888:40.70,S2-349793879:37.29,S2-170636687:37.29,S2-650599997:37.29,S2-795561851:37.29,S2-143462724:36.98,S2-36218042:36.87,S2-75112096:36.85,S2-716838997:36.53,S2-128249663:36.24,S2-300241840:36.24,S2-215280109:35.64,S2-545377833:35.64	S3-390703981:60.31,S3-435922380:60.09,S3-793402393:43.79,S3-771103727:40.45,S3-338165340:38.83,S3-575686332:38.83,S3-325506541:38.79,S3-264616652:38.64,S3-647115089:37.28,S3-553835640:36.77,S3-218219901:36.77,S3-889314012:35.46,S3-108009475:35.46,S3-381512286:35.46,S3-205614751:35.46,S3-475353470:35.46,S3-649100835:35.46,S3-209097957:35.46,S3-337448981:35.46,S3-339635695:35.46	ok
S1-645927560	India	Marbles It LLP	108 Transport Centre, New Delhi, West Delhi, Delhi	S2-911466279	80.3766	20	S3-390530329	76.757614	20	80.3766	S2-911466279:80.38,S2-294470525:57.47,S2-122686079:57.02,S2-192626956:54.73,S2-188650625:52.85,S2-718133763:49.72,S2-35078508:49.35,S2-74815160:48.74,S2-794402406:48.36,S2-653254228:48.30,S2-42553093:48.08,S2-303452058:48.08,S2-980298451:48.01,S2-726866460:47.71,S2-805980788:47.44,S2-15856208:47.39,S2-946192772:47.23,S2-783556613:46.99,S2-442969507:46.97,S2-370303146:46.93	S3-390530329:76.76,S3-151481596:57.10,S3-988806254:57.10,S3-988094698:51.06,S3-655053597:49.34,S3-314876829:48.27,S3-34701763:48.16,S3-23054992:48.09,S3-55543575:47.63,S3-940434006:47.34,S3-811621229:46.94,S3-480441541:46.94,S3-373480809:46.90,S3-467179436:46.73,S3-746572077:46.37,S3-117130399:46.37,S3-681419429:46.24,S3-36689520:45.84,S3-81532635:45.71,S3-959606318:45.66	ok
S1-598658348	India	Silver Enterprises Private Limited	Shop No S-110 1St Floor Express Avenue, Whites Road, Chennai, Tamil Nadu	S2-231179694	50.646183	20	S3-349671157	63.186096	20	63.186096	S2-231179694:50.65,S2-727083865:49.72,S2-141857948:48.48,S2-985368004:46.48,S2-788582493:43.60,S2-317108160:42.96,S2-354209868:42.93,S2-672476836:42.80,S2-868048746:42.77,S2-349772489:42.60,S2-21284174:42.53,S2-552810232:42.46,S2-282550246:42.38,S2-806044996:42.38,S2-857516296:42.34,S2-673906587:41.85,S2-579393931:41.35,S2-391031143:41.35,S2-533912698:41.35,S2-429231438:41.35	S3-349671157:63.19,S3-775200086:44.30,S3-589737996:43.97,S3-314233658:43.20,S3-80969742:42.94,S3-374913939:42.52,S3-903018286:42.42,S3-488888949:42.30,S3-881121030:42.23,S3-110928450:42.05,S3-992374204:42.04,S3-883911742:41.78,S3-524374543:41.71,S3-668183295:41.57,S3-135734528:41.53,S3-987235052:41.21,S3-132175216:41.17,S3-168120764:40.50,S3-58414824:40.38,S3-219636893:40.32	ok
S1-292017266	US	Heritage Initiative IV PC	Huntsville, AL, 15802 Trey Hughes Drive	S2-704713361	91.769135	20	S3-484314645	82.54459	20	91.769135	S2-704713361:91.77,S2-171265230:58.92,S2-62993955:55.89,S2-181143296:55.89,S2-758895960:55.89,S2-956507210:55.89,S2-812521227:55.89,S2-377598671:55.89,S2-225458980:55.89,S2-419572546:55.81,S2-672608813:55.81,S2-237494132:55.81,S2-569502175:55.81,S2-146426618:55.81,S2-640109268:55.81,S2-133665186:55.81,S2-316970783:55.81,S2-271995466:55.81,S2-542584819:55.81,S2-333997812:55.42	S3-484314645:82.54,S3-71914108:70.01,S3-446713158:63.05,S3-466826508:63.05,S3-290895894:63.00,S3-721145895:63.00,S3-253321353:63.00,S3-355075485:57.11,S3-341792719:56.13,S3-917585135:56.13,S3-764262976:56.09,S3-368800291:56.09,S3-847457427:56.09,S3-488256869:56.09,S3-857826969:53.54,S3-239366432:53.19,S3-180964531:52.93,S3-390299100:51.27,S3-837622577:50.58,S3-70273609:50.58	ok
S1-690282030	India	Unique Agro Private Limited	D.No.14-5/A, Sukhsagar Chs, Akurli Cross Rd No.1, Kandivali Nr Railwaystation, Mumbai, Mumbai City, Maharashtra	S2-512620833	56.84467	20	S3-671379431	93.945045	20	93.945045	S2-512620833:56.84,S2-566266608:56.84,S2-23496592:53.47,S2-560845561:53.31,S2-555504222:52.22,S2-411419769:51.47,S2-231316183:51.23,S2-799308523:51.20,S2-572324660:51.00,S2-539353221:50.91,S2-143478115:50.71,S2-827663553:50.56,S2-426484386:50.46,S2-174955811:50.44,S2-844048298:50.12,S2-136885623:50.12,S2-312754669:50.12,S2-340520622:50.12,S2-43338270:50.06,S2-832977124:49.94	S3-671379431:93.95,S3-286008778:60.49,S3-577047549:57.92,S3-976762256:55.76,S3-106752050:52.80,S3-142954407:49.86,S3-945839178:49.83,S3-966569476:49.74,S3-341243339:49.69,S3-750348077:49.60,S3-4007172:49.05,S3-670326928:48.92,S3-990389690:48.80,S3-403370891:48.49,S3-287576111:48.48,S3-839602086:48.37,S3-472863275:48.34,S3-687847896:48.06,S3-199713337:47.77,S3-219534147:47.50	ok
S1-853204970	India	United Foods Private Limited	7 Aravali Shopping, And Office Complex, New Delhi, South Delhi, Delhi	S2-895431602	53.255493	20	S3-470620896	55.260674	20	55.260674	S2-895431602:53.26,S2-466093808:53.21,S2-723046513:52.14,S2-542674910:50.31,S2-309338737:50.29,S2-274922097:49.60,S2-841316739:48.33,S2-51557665:47.99,S2-915821365:47.75,S2-275387177:47.72,S2-14994912:47.43,S2-203258702:47.30,S2-129226952:47.10,S2-314968971:46.69,S2-386828668:46.60,S2-109792554:46.42,S2-773762996:46.21,S2-190741637:46.02,S2-191910102:45.98,S2-941728854:45.65	S3-470620896:55.26,S3-377881671:53.36,S3-959069007:53.25,S3-878996169:50.95,S3-835200419:50.90,S3-154507898:49.48,S3-264891516:48.55,S3-31863308:48.23,S3-409731419:48.21,S3-933412712:47.50,S3-649874836:47.39,S3-373057583:47.35,S3-63914711:47.35,S3-293792249:47.08,S3-357733189:46.81,S3-436277117:46.75,S3-833360973:46.54,S3-941621998:46.54,S3-327861728:46.51,S3-282843454:46.51	ok
S1-446132485	India	Shreshta Digital Private Limited	Sharda Nagar Bhatta Bazar, Purnea, Purnia, Bihar	S2-305393809	95.4623	20	S3-4176317	53.549545	20	95.4623	S2-305393809:95.46,S2-599984247:48.57,S2-634278372:44.93,S2-519756290:43.92,S2-446332011:43.20,S2-99549535:43.19,S2-565190463:42.68,S2-42174864:41.67,S2-665120398:41.67,S2-68672415:41.65,S2-708166506:41.48,S2-420684210:40.36,S2-250040939:39.74,S2-614210773:38.29,S2-632338396:38.26,S2-963733521:37.56,S2-581191447:37.12,S2-946267919:36.89,S2-341462248:36.89,S2-394003022:36.62	S3-4176317:53.55,S3-149295666:47.74,S3-358756255:47.74,S3-227515561:46.78,S3-565005385:45.75,S3-392436021:44.37,S3-252549811:41.95,S3-324917820:41.95,S3-309921015:41.95,S3-158464248:40.11,S3-797227788:38.90,S3-67748539:38.45,S3-693344056:38.13,S3-390659824:38.03,S3-794777630:38.03,S3-138462391:36.66,S3-429881935:36.40,S3-576533492:36.28,S3-40401919:36.02,S3-309321693:35.71	ok
S1-13225617	US	Cultural Foundation V LLC	27 Harlament Drive, New Bremen, OH	S2-208155713	61.78914	20	S3-142759386	61.600723	20	61.78914	S2-208155713:61.79,S2-176429854:61.69,S2-745117086:61.33,S2-944666722:61.33,S2-600023766:61.25,S2-408266062:55.15,S2-407941442:54.95,S2-449386628:54.95,S2-478038879:54.95,S2-517751252:54.95,S2-669289602:54.95,S2-666716752:50.06,S2-772717811:50.06,S2-195855916:50.00,S2-115911095:49.66,S2-87737849:49.63,S2-487102697:49.48,S2-533169824:49.40,S2-677606910:49.40,S2-237722968:48.53	S3-142759386:61.60,S3-235160500:61.60,S3-193299512:61.24,S3-971382116:61.24,S3-929237482:61.17,S3-410602255:56.98,S3-377798037:56.37,S3-900747981:55.18,S3-154895042:55.12,S3-494067365:54.84,S3-682887172:50.02,S3-5227234:49.47,S3-785453009:49.42,S3-161723897:48.58,S3-299398124:48.45,S3-360211970:47.62,S3-224670436:47.52,S3-543158731:47.52,S3-179402312:47.52,S3-916825112:47.52	ok
S1-3423023	US	Lenette Guynes Optimal Schwab	1293 Melrose Avenue, Columbus, OH	S2-519622826	102.74788	20	S3-313739523	88.12585	20	102.74788	S2-519622826:102.75,S2-18797733:47.00,S2-954350206:46.76,S2-596000761:46.76,S2-31786947:46.55,S2-573373544:44.69,S2-785413421:42.92,S2-917440911:41.80,S2-566943724:41.59,S2-234493254:39.14,S2-745830250:39.14,S2-151537085:39.08,S2-524595259:37.98,S2-584977763:37.98,S2-343175070:37.98,S2-944443192:37.98,S2-149785902:37.64,S2-289696318:37.44,S2-766796647:37.13,S2-837806471:37.13	S3-313739523:88.13,S3-76024556:47.12,S3-533718196:43.52,S3-651884626:43.52,S3-537827225:42.94,S3-840747606:42.94,S3-97162912:42.13,S3-5225225:41.95,S3-778290243:38.15,S3-514201671:37.96,S3-223962486:37.40,S3-534829200:37.04,S3-418054701:37.04,S3-578997577:36.78,S3-809978266:36.49,S3-93700290:36.49,S3-968371657:36.02,S3-372051393:36.02,S3-778703406:35.97,S3-544581132:35.41	ok
S1-173294420	US	Capital Cable	170 Jersey Street, Unit APT 305, Westfield, IN	S2-192209348	62.78631	20	S3-897349918	66.608406	20	66.608406	S2-192209348:62.79,S2-732435398:46.46,S2-668049783:43.30,S2-595429843:43.30,S2-823052001:38.33,S2-86654768:37.38,S2-293360146:37.30,S2-982274127:37.02,S2-346508508:37.02,S2-810388889:35.59,S2-464738708:35.59,S2-77713240:34.71,S2-713247924:34.56,S2-63178268:33.97,S2-164166086:33.85,S2-690412086:33.85,S2-333211457:33.47,S2-369781462:33.27,S2-696015220:33.27,S2-700479282:33.27	S3-897349918:66.61,S3-361460280:43.71,S3-266422292:43.71,S3-346868342:41.55,S3-61010841:37.99,S3-80654226:37.99,S3-727397782:37.37,S3-567315473:37.19,S3-311503954:37.18,S3-525698887:37.07,S3-216479017:36.65,S3-125506927:36.28,S3-419774903:36.28,S3-526161578:35.75,S3-173404990:35.46,S3-929139585:35.46,S3-18177037:34.94,S3-173418865:34.62,S3-916761898:34.47,S3-569662797:34.39	ok
S1-849797063	US	Human Rights Guild	30246 Thorogoods Road, Dagsboro, DE	S2-89847246	94.61378	20	S3-245937420	70.4876	20	94.61378	S2-89847246:94.61,S2-2386393:69.78,S2-146763062:67.87,S2-81178805:67.87,S2-432477554:67.87,S2-250328390:67.87,S2-472429558:67.87,S2-374297284:67.79,S2-761523611:67.79,S2-986187450:67.79,S2-619179715:67.79,S2-120958156:67.79,S2-310314038:67.79,S2-921628234:67.79,S2-470391324:67.79,S2-935169385:67.79,S2-273903218:67.79,S2-923288313:62.80,S2-743792504:62.79,S2-599710680:62.72	S3-245937420:70.49,S3-762744362:70.44,S3-821732380:69.32,S3-101393932:68.35,S3-703560349:68.35,S3-75194609:68.35,S3-984460239:68.35,S3-843466533:68.35,S3-723406859:68.35,S3-477166700:68.35,S3-50277323:68.35,S3-831997434:68.35,S3-740425302:68.35,S3-581247178:68.35,S3-799520015:68.35,S3-533242350:68.15,S3-892155809:68.15,S3-599010485:68.15,S3-825875112:68.15,S3-911406988:68.15	ok
S1-838950793	US	Henderson, Calk & Beachy LLC	Midlothian, Fl Floor 1, TX, 2758 Peaceful Place	S2-489953957	47.37061	20	S3-905433516	115.29337	20	115.29337	S2-489953957:47.37,S2-694906680:47.37,S2-458449544:46.25,S2-908546350:46.25,S2-117763390:45.62,S2-919196273:43.27,S2-131620967:40.50,S2-133876717:38.17,S2-659793994:38.17,S2-205686944:37.18,S2-265819201:37.09,S2-779824042:36.89,S2-287232033:36.89,S2-822385016:36.88,S2-693127258:36.88,S2-338109302:36.88,S2-260240879:36.88,S2-211659163:36.88,S2-313450275:36.78,S2-552918274:36.78	S3-905433516:115.29,S3-658252153:115.29,S3-101604006:49.27,S3-316078845:47.52,S3-764141219:41.86,S3-458459976:41.71,S3-463195541:41.32,S3-400866849:40.96,S3-610895409:40.11,S3-145352727:40.11,S3-125852987:39.03,S3-209382952:36.78,S3-484970452:36.78,S3-304778076:36.77,S3-290115344:36.45,S3-476108206:36.45,S3-195298857:36.06,S3-995554262:35.76,S3-232346304:35.71,S3-367945179:35.71	ok
S1-591531579	US	Littlewood United Opportunities LLC	1015 Splatter Creek Road, Limestone, TN	S2-198370998	45.420647	20	S3-277618341	109.35784	20	109.35784	S2-198370998:45.42,S2-380321346:42.92,S2-342435127:42.92,S2-212446183:42.25,S2-164301183:41.19,S2-309650984:40.96,S2-711163576:40.76,S2-66583903:40.74,S2-484212277:40.74,S2-772788465:40.74,S2-978349998:40.40,S2-610367963:40.40,S2-749302958:40.40,S2-164551902:40.40,S2-485387754:40.12,S2-170794452:39.69,S2-778043843:38.97,S2-655909915:38.85,S2-792772401:38.84,S2-793561599:38.39	S3-277618341:109.36,S3-556554653:97.78,S3-92226909:44.91,S3-836931540:41.94,S3-994496951:40.66,S3-157899639:40.66,S3-789649228:40.66,S3-389921419:40.66,S3-347881784:40.34,S3-807425094:39.87,S3-153379170:39.87,S3-180483081:39.75,S3-341142966:39.50,S3-564717991:39.36,S3-963224299:39.16,S3-769046845:39.16,S3-296868180:39.12,S3-612867714:39.11,S3-551022403:37.90,S3-688307901:37.32	ok
S1-764100434	US	Fernandez Management	142 Oxbow Drive, Windham, CT	S2-499332510	51.501114	20	S3-517504586	66.68245	20	66.68245	S2-499332510:51.50,S2-109992971:45.09,S2-979155176:45.09,S2-332171627:45.09,S2-929929713:39.23,S2-374845982:36.89,S2-614897885:35.45,S2-679085360:35.45,S2-951690135:35.29,S2-911044773:34.97,S2-725800948:34.66,S2-336182104:34.66,S2-307591823:34.63,S2-104224705:34.53,S2-577437295:34.45,S2-129392851:34.35,S2-714164728:33.87,S2-774177591:33.87,S2-744085489:33.87,S2-214311403:33.77	S3-517504586:66.68,S3-787225233:55.12,S3-447398650:44.90,S3-646180114:38.60,S3-737755950:36.98,S3-903129157:36.98,S3-29667134:36.70,S3-181393191:36.70,S3-352008230:36.70,S3-981141022:36.44,S3-582277990:36.31,S3-788923345:36.16,S3-235666365:36.16,S3-426270031:36.16,S3-980637116:36.16,S3-645727269:36.16,S3-420011741:36.02,S3-496725942:34.89,S3-406098464:34.89,S3-746177331:34.89	ok
S1-384859756	India	Berry Trust Corp	Parackal House Valayanchirangara P O, Kerala, Ernakulam, Perumbavoor	S2-675379519	101.130974	20	S3-457674236	97.63617	20	101.130974	S2-675379519:101.13,S2-276370471:50.80,S2-328881071:47.33,S2-420688447:44.84,S2-7929810:44.84,S2-422152436:42.73,S2-202581185:42.19,S2-683613934:41.06,S2-935029765:37.80,S2-810108998:37.39,S2-399518825:36.02,S2-579005259:35.39,S2-616830123:35.35,S2-894364867:34.78,S2-24237914:34.68,S2-372211103:34.50,S2-349748093:34.35,S2-75731987:34.04,S2-166953222:33.91,S2-467569455:33.33	S3-457674236:97.64,S3-568866503:59.11,S3-827835379:51.41,S3-325947207:51.25,S3-79653048:48.04,S3-70744118:47.15,S3-887037894:45.07,S3-656907106:44.93,S3-651074052:42.02,S3-432951581:40.91,S3-207094872:35.23,S3-125691376:34.09,S3-20122249:34.08,S3-685923799:33.96,S3-589701643:33.66,S3-18491374:33.38,S3-809575836:32.85,S3-113388151:32.71,S3-896548355:32.63,S3-839271954:32.47	ok
S1-333320878	US	16/29 Agricultural	114 Flinn Street, Hutto, TX	S2-550173983	81.69194	20	S3-212609107	105.86568	20	105.86568	S2-550173983:81.69,S2-654429558:67.28,S2-861469509:64.66,S2-749219008:57.51,S2-43778057:56.86,S2-569194561:56.86,S2-255775978:56.86,S2-582338657:56.86,S2-486079211:56.86,S2-239974957:56.86,S2-949455146:56.86,S2-116680963:39.93,S2-242598365:39.48,S2-807964078:39.41,S2-265324999:39.09,S2-130237411:38.74,S2-886720523:37.51,S2-102771061:37.07,S2-360923205:36.85,S2-613999414:36.85	S3-212609107:105.87,S3-324531453:73.74,S3-659000879:73.74,S3-484813455:64.74,S3-511399810:64.74,S3-587646713:64.65,S3-337490884:64.65,S3-6914861:64.65,S3-291637963:57.63,S3-617251757:57.63,S3-891947107:57.63,S3-306882588:57.63,S3-823332954:57.56,S3-474864014:51.93,S3-169789805:39.27,S3-139569355:39.08,S3-906479634:37.72,S3-202272871:37.44,S3-682848829:37.44,S3-801822754:37.25	ok
S1-201304670	India	NN Internet Limited	C/Omunni Devi, Vishavkarma, Colony, Shiv Mandir, Farrukh Nagar, Gurgaon, Haryana	S2-419536934	67.48688	20	S3-103775390	113.00276	20	113.00276	S2-419536934:67.49,S2-757239654:60.24,S2-863439568:42.57,S2-265759719:42.04,S2-160679937:41.84,S2-856626493:41.72,S2-596516949:41.72,S2-361413729:41.67,S2-291352242:41.48,S2-59607950:39.71,S2-196657462:39.71,S2-603882393:39.64,S2-438843663:39.39,S2-904827167:38.84,S2-893883779:38.67,S2-189957483:38.67,S2-883775884:38.43,S2-651157256:38.00,S2-289103418:37.89,S2-273012556:37.72	S3-103775390:113.00,S3-226263577:88.59,S3-543371132:41.92,S3-982294377:41.70,S3-43968923:40.53,S3-568814223:40.52,S3-154457042:40.42,S3-443697975:39.64,S3-111742123:39.19,S3-802402354:39.09,S3-611247956:39.09,S3-579021332:38.91,S3-346154288:38.81,S3-921841761:38.19,S3-640332303:38.09,S3-317230932:38.09,S3-533473294:38.09,S3-340996131:38.09,S3-750400511:38.09,S3-605939607:38.05	ok
S1-879096669	US	American Trusted Tree	WA, 37223 Vernon Road, Washougal	S2-238626624	83.8335	20	S3-765945185	43.840412	20	83.8335	S2-238626624:83.83,S2-687009761:43.50,S2-880410260:38.18,S2-210938490:38.18,S2-365698717:38.18,S2-89853380:38.09,S2-983929774:38.09,S2-447738262:36.80,S2-12893589:36.78,S2-306445019:36.78,S2-460471944:36.17,S2-254602970:35.27,S2-164647314:34.88,S2-109639032:34.88,S2-233407645:34.88,S2-595946334:34.66,S2-316359748:34.61,S2-696635761:33.95,S2-173014657:33.95,S2-738519599:33.95	S3-765945185:43.84,S3-274475023:43.73,S3-701401220:41.20,S3-995547257:41.20,S3-356550747:38.43,S3-703346003:38.43,S3-708790158:38.34,S3-372739010:38.34,S3-444175829:38.34,S3-707916542:38.27,S3-854847571:36.89,S3-522559030:35.37,S3-801302087:34.66,S3-295659218:34.22,S3-501739965:34.22,S3-746867123:34.22,S3-660988901:34.22,S3-544309535:34.13,S3-989665450:34.13,S3-57112154:34.13	ok
S1-597118020	India	Shiv Investment Private Limited	51 2A/2B Indra Gandhi St, Chennai City Corporation, Chennai, Kaverirangan Nagar, Tamil Nadu	S2-341174241	59.509045	20	S3-173336887	55.02678	20	59.509045	S2-341174241:59.51,S2-24362345:58.03,S2-613476509:57.79,S2-634903193:55.00,S2-513532211:54.81,S2-189742773:54.70,S2-715024894:53.60,S2-669475831:53.50,S2-96438498:52.04,S2-836811073:52.03,S2-284535292:51.90,S2-256343253:51.41,S2-662325353:50.70,S2-948345211:50.67,S2-456196877:50.66,S2-212919653:49.93,S2-892003822:49.88,S2-272949393:49.88,S2-653386374:49.88,S2-369721362:49.87	S3-173336887:55.03,S3-85232863:54.46,S3-525383680:54.09,S3-110464489:53.37,S3-598123854:50.65,S3-897726807:50.46,S3-76121438:50.11,S3-218536402:50.02,S3-394031517:49.94,S3-982200298:49.86,S3-698999329:49.78,S3-715485328:49.33,S3-144872571:48.43,S3-965918877:48.11,S3-234359158:48.11,S3-262772333:48.11,S3-480967331:48.03,S3-393738566:48.03,S3-894768719:47.94,S3-689894511:47.68	ok
S1-402353764	US	United Rio LLC	1781 7th Lane, Grimes, IA	S2-68112954	46.14117	20	S3-473517618	57.786236	20	57.786236	S2-68112954:46.14,S2-880786132:45.85,S2-492924965:44.38,S2-938610555:44.38,S2-762019287:40.26,S2-401424438:39.87,S2-880087081:39.76,S2-946909933:39.76,S2-354902385:39.76,S2-542012596:39.72,S2-327122540:39.51,S2-325499675:39.47,S2-253249885:39.19,S2-190669951:38.58,S2-515522336:38.58,S2-840944330:38.58,S2-31197872:38.58,S2-836821900:38.30,S2-542385307:38.30,S2-911746002:38.30	S3-473517618:57.79,S3-595452507:44.54,S3-798076222:44.46,S3-234307331:39.60,S3-483099937:39.60,S3-584737785:39.58,S3-985972338:38.63,S3-372132886:38.62,S3-558764832:38.62,S3-893227401:38.62,S3-772446665:37.97,S3-853774229:37.54,S3-473467980:36.52,S3-171669182:36.19,S3-494839718:36.02,S3-222952114:36.02,S3-111638717:36.02,S3-490547156:35.50,S3-860109521:35.50,S3-856363196:35.50	ok
S1-965111382	India	Great Builders Limited	No.164, Bbmp Katha No. 185/164 At Sector Vi, Hsr Layout, Bangalore, Karnataka	S2-324437383	46.904858	20	S3-356954151	46.675346	20	46.904858	S2-324437383:46.90,S2-864437900:46.31,S2-954030712:45.20,S2-251089493:45.14,S2-880470385:45.09,S2-547834716:44.31,S2-756995425:44.03,S2-915966342:43.84,S2-225420228:43.64,S2-217287379:43.42,S2-544574338:43.40,S2-143329195:42.94,S2-263228103:42.84,S2-716355879:42.46,S2-786552189:42.33,S2-57707045:42.20,S2-26800732:41.51,S2-2510152:41.18,S2-569666607:40.96,S2-417945945:40.89	S3-356954151:46.68,S3-821280442:46.50,S3-602801502:45.78,S3-994902431:45.12,S3-722907445:43.48,S3-911970561:43.21,S3-171967196:43.13,S3-836120865:42.95,S3-782165940:42.85,S3-778812237:42.65,S3-225791338:42.18,S3-124816412:42.18,S3-602560952:42.14,S3-865740903:41.97,S3-50191337:41.91,S3-172590647:41.82,S3-451237362:41.65,S3-559527305:41.60,S3-686751166:41.56,S3-543359973:41.28	ok
S1-230625934	India	Shakti Hospitality Limited	C/O Tajinder Singh, 0, Village Satva Bujurg, Shahjahanpur, Uttar Pradesh	S2-295004993	86.63469	20	S3-510618910	61.68018	20	86.63469	S2-295004993:86.63,S2-886601482:55.19,S2-484611189:49.58,S2-324315268:48.71,S2-626779013:48.12,S2-739435220:48.11,S2-92750297:47.97,S2-414626276:46.15,S2-484673090:46.02,S2-632381492:45.37,S2-751690474:45.18,S2-8121415:44.91,S2-500657601:44.52,S2-55734232:44.42,S2-511754267:44.23,S2-520375007:44.23,S2-136424988:44.10,S2-933876093:44.10,S2-38181858:44.10,S2-332331408:44.10	S3-510618910:61.68,S3-937929226:50.70,S3-191335821:49.25,S3-4927859:48.83,S3-796802103:47.18,S3-324536988:46.88,S3-913331564:46.88,S3-34354314:46.88,S3-275612548:46.80,S3-822635049:46.80,S3-797235327:46.55,S3-710159311:46.06,S3-994419609:45.85,S3-662202648:45.30,S3-180871440:45.20,S3-602886484:43.69,S3-269220115:43.66,S3-964902205:43.65,S3-798221572:43.23,S3-212538930:43.07	ok
S1-807551268	India	Guru Real Trading Private Limited	E-3/46, Prime Plaza Complex 10-No Bus Stop, Bhopal, Madhya Pradesh	S2-584156270	55.815804	20	S3-912932372	88.960014	20	88.960014	S2-584156270:55.82,S2-979938295:52.52,S2-801283928:51.69,S2-881024803:51.39,S2-184895481:49.36,S2-684545317:48.97,S2-887571272:48.90,S2-352610390:48.89,S2-20975769:48.78,S2-313826320:48.57,S2-214958881:48.23,S2-361972781:48.15,S2-75339688:47.83,S2-45436599:47.81,S2-807741086:47.75,S2-887791319:47.63,S2-217486833:47.57,S2-244739704:47.55,S2-760139531:47.39,S2-503605712:47.32	S3-912932372:88.96,S3-902657906:48.44,S3-999933921:48.44,S3-384989714:48.20,S3-861784873:47.92,S3-295751247:47.92,S3-573271876:47.31,S3-123141850:47.06,S3-383315308:46.49,S3-881224184:46.44,S3-548713637:46.44,S3-556995833:46.37,S3-303366945:45.39,S3-202412162:45.27,S3-661080800:45.26,S3-25803057:45.23,S3-726302709:45.17,S3-637652833:45.16,S3-42168560:45.06,S3-430525844:44.93	ok
S1-883872287	India	Radiant Udyog Center	Gurgaon, Haryana, Gurugram, Plot No 803 Udyog Vihar Phase 5	S2-365285142	90.087456	20	S3-422801365	53.17271	20	90.087456	S2-365285142:90.09,S2-718402192:82.92,S2-185383033:60.54,S2-658785876:53.99,S2-455333245:53.69,S2-132776672:52.65,S2-331522012:52.65,S2-505326030:52.35,S2-488526955:52.35,S2-446470987:46.71,S2-967993461:46.00,S2-616177652:43.51,S2-722531949:43.03,S2-481556337:42.15,S2-653369693:42.08,S2-839349965:40.43,S2-81832536:40.39,S2-590924304:40.36,S2-531645911:40.31,S2-971032973:40.30	S3-422801365:53.17,S3-415392164:53.17,S3-634195361:48.94,S3-123130271:45.85,S3-214966518:44.98,S3-68535426:44.16,S3-760649938:42.65,S3-593210413:42.39,S3-235094770:41.98,S3-259624795:41.86,S3-941261071:41.38,S3-892397641:41.22,S3-110913967:40.91,S3-808196211:40.70,S3-35982547:40.65,S3-960315745:40.57,S3-302255421:40.42,S3-920773219:40.24,S3-970687958:39.98,S3-787165568:39.98	ok
S1-506232546	US	Reliable Hospitality Corporation	11 Holmes Street, Easton, MA	S2-392864883	74.17388	20	S3-650167202	69.4769	20	74.17388	S2-392864883:74.17,S2-444701368:52.36,S2-727026613:52.36,S2-550221853:52.36,S2-20894394:46.57,S2-70272556:46.43,S2-384989351:43.93,S2-85261023:43.93,S2-955635920:43.76,S2-486508670:43.76,S2-891790517:41.06,S2-104421644:38.47,S2-533732785:38.47,S2-202623302:38.47,S2-165211532:38.35,S2-477367798:38.32,S2-832685515:38.32,S2-421720523:38.32,S2-3082090:38.32,S2-567558162:38.32	S3-650167202:69.48,S3-875348967:52.12,S3-322302496:46.40,S3-119946829:46.35,S3-464696726:46.35,S3-940456795:46.04,S3-416801400:44.33,S3-703689282:43.10,S3-945994406:43.10,S3-229563439:43.10,S3-472312525:43.10,S3-221364302:43.10,S3-805908592:43.00,S3-17228425:43.00,S3-596508275:39.76,S3-888486416:38.89,S3-314088053:38.86,S3-101461558:38.31,S3-751026403:38.05,S3-515112199:37.70	ok
S1-590137685	India	Anand Ventures Private Limited	H/O Prashant Kumar, Patna, New Capital, Bihar, H.No. A/402 Baily Kunj Apartment, Mazar Gali, Raja Bazar	S2-125888510	67.16462	20	S3-943200921	97.066315	20	97.066315	S2-125888510:67.16,S2-567875375:49.57,S2-632966763:49.30,S2-599860280:48.51,S2-416516102:48.30,S2-414886774:48.06,S2-532965999:47.73,S2-420533752:47.68,S2-762131306:46.65,S2-109836882:46.63,S2-600867018:46.63,S2-278606049:46.63,S2-483415515:46.62,S2-149612662:46.62,S2-501795527:46.35,S2-83758037:46.34,S2-555993042:46.08,S2-872809384:45.38,S2-213586102:45.33,S2-261921562:44.92	S3-943200921:97.07,S3-486118205:50.31,S3-262937737:47.61,S3-605193864:47.61,S3-685394256:46.62,S3-850486433:46.09,S3-806170289:45.94,S3-713258833:45.45,S3-128006374:45.38,S3-573198159:44.88,S3-206697126:44.55,S3-579417360:44.51,S3-20075728:44.51,S3-686321879:44.36,S3-259788949:44.36,S3-652720274:44.36,S3-231553260:44.36,S3-497499719:43.87,S3-619759767:43.33,S3-852806963:43.33	ok
S1-287350591	India	Ram Solutions	B 506 Ganesh Glory, Nr Bsnl Office, Ahmedabad, Gujarat	S2-342693963	43.434616	20	S3-669009406	74.57377	20	74.57377	S2-342693963:43.43,S2-208583421:43.30,S2-918669860:43.30,S2-245470378:43.30,S2-561983008:43.30,S2-220534415:39.54,S2-744514443:38.48,S2-766057975:38.03,S2-686972835:37.93,S2-43711614:37.92,S2-573213794:37.92,S2-940599356:37.92,S2-203155117:37.92,S2-598347898:37.87,S2-255672808:37.42,S2-679548111:37.34,S2-779229444:36.98,S2-138417857:36.71,S2-973599907:36.70,S2-138351845:36.60	S3-669009406:74.57,S3-471682999:43.90,S3-951886078:43.04,S3-570211902:42.12,S3-120324448:41.63,S3-887433501:41.63,S3-694035150:41.63,S3-461171800:41.63,S3-598635398:41.63,S3-357689903:41.63,S3-574805274:41.59,S3-857509117:41.10,S3-287088484:41.10,S3-17762892:40.04,S3-720793441:38.58,S3-819858590:38.49,S3-18759789:38.37,S3-186654106:38.22,S3-64730714:37.50,S3-449762115:36.56	ok
S1-298137402	US	Hedda Shorter Cea LLC	1507 Pulaski Street, Baltimore, MD	S2-634798671	112.60632	20	S3-124265543	94.609695	20	112.60632	S2-634798671:112.61,S2-921261396:100.12,S2-995294044:55.29,S2-392155096:44.32,S2-647898240:44.04,S2-995554447:43.09,S2-947165110:43.09,S2-102028401:42.42,S2-798026312:42.42,S2-912352074:42.31,S2-72182745:42.09,S2-160429407:42.09,S2-996733892:42.09,S2-734179327:42.09,S2-752439108:42.09,S2-877415237:42.09,S2-132234452:42.09,S2-490253256:42.09,S2-599851578:41.95,S2-124798605:41.89	S3-124265543:94.61,S3-716160689:88.78,S3-632315343:70.60,S3-718687538:70.60,S3-445249880:52.65,S3-370134993:44.61,S3-921776296:42.84,S3-735439419:42.21,S3-63088116:42.00,S3-333378042:41.61,S3-112795523:41.61,S3-13124624:41.61,S3-522242390:41.61,S3-51265935:41.61,S3-270205317:41.61,S3-777065636:41.61,S3-785403219:40.73,S3-807687845:40.73,S3-786193898:40.62,S3-187798370:40.62	ok
S1-243422578	US	Valley Initiative	3839 Murray Place, Lynchburg City, VA	S2-335538857	55.447685	20	S3-251471852	61.110535	20	61.110535	S2-335538857:55.45,S2-954106163:47.31,S2-616723869:46.44,S2-249496704:45.42,S2-318073904:45.20,S2-427234664:43.48,S2-691622628:43.48,S2-290451763:43.48,S2-23163472:43.48,S2-66646711:43.48,S2-33875063:43.48,S2-478415161:43.48,S2-695656899:43.48,S2-71969644:43.48,S2-676882398:43.48,S2-645357194:43.48,S2-794730592:43.48,S2-136586873:43.48,S2-854830164:43.48,S2-451121294:43.48	S3-251471852:61.11,S3-922062290:49.26,S3-777366440:43.96,S3-179793511:43.63,S3-369126353:43.63,S3-143992560:43.63,S3-534879913:43.63,S3-634374233:43.63,S3-863208297:43.63,S3-7818996:43.63,S3-268659846:43.63,S3-194700961:43.63,S3-956312544:43.63,S3-597304117:43.63,S3-557321315:43.63,S3-179893747:43.63,S3-677412880:43.63,S3-546239259:43.63,S3-121522763:43.63,S3-420492902:43.56	ok
S1-801603317	US	Division of Education	9 I Maple Street, Chester, CT	S2-79828487	73.63305	20	S3-961465705	63.831024	20	73.63305	S2-79828487:73.63,S2-754291926:62.44,S2-28978286:60.51,S2-574155777:60.12,S2-752475658:60.12,S2-91954565:59.27,S2-949193715:58.27,S2-824245882:57.17,S2-504802870:56.30,S2-716444033:56.30,S2-470505697:56.30,S2-374452698:56.30,S2-200715172:56.30,S2-246042597:56.30,S2-728604886:56.30,S2-354530339:56.30,S2-933250908:56.30,S2-324403444:56.30,S2-772957084:56.30,S2-589788427:56.30	S3-961465705:63.83,S3-761422810:59.76,S3-243221988:59.59,S3-592568961:58.78,S3-567909008:56.65,S3-639078166:56.65,S3-332256757:56.65,S3-55239423:56.65,S3-179654961:56.65,S3-445239783:56.65,S3-281292406:56.65,S3-794559489:56.65,S3-483144141:56.65,S3-102466687:56.65,S3-10454205:56.65,S3-377544319:56.65,S3-783487369:56.65,S3-388352251:56.65,S3-648599731:56.65,S3-877973513:56.65	ok
S1-758992309	India	Global Arora Corrugation Pvt Ltd	345, Ashish Nagar, Bamroli Road, Surat City, Surat, Gujarat	S2-765849314	48.666595	20	S3-918788961	114.088455	20	114.088455	S2-765849314:48.67,S2-395409432:48.51,S2-446893146:46.96,S2-268859889:46.86,S2-354878273:46.46,S2-888500899:46.42,S2-65797037:46.15,S2-644735951:46.08,S2-453702687:45.81,S2-716791898:45.41,S2-631695169:44.81,S2-966880610:44.53,S2-12039944:44.50,S2-201771675:44.50,S2-869643409:43.86,S2-733420038:43.73,S2-226243864:42.60,S2-722303466:42.51,S2-116348712:42.24,S2-850465205:42.05	S3-918788961:114.09,S3-90641821:49.02,S3-389192979:48.52,S3-879804506:47.40,S3-748808424:47.15,S3-10656425:46.89,S3-117869674:46.89,S3-69743729:46.78,S3-490553031:46.61,S3-496897354:46.56,S3-69970002:46.44,S3-669031401:46.13,S3-740907099:46.10,S3-859198512:46.10,S3-314248961:46.02,S3-568143739:45.83,S3-359953211:45.83,S3-915541:45.70,S3-145894509:45.33,S3-708290826:45.31	ok
S1-149276409	US	Coastal Sumitomo PLLC	Rockingham County, VA, 433 Leslie Court	S2-264832826	78.13721	20	S3-573440570	73.82719	20	78.13721	S2-264832826:78.14,S2-292022692:44.71,S2-552767803:44.71,S2-841172096:44.71,S2-377805688:44.54,S2-244901036:44.54,S2-16591971:44.54,S2-12517353:44.54,S2-655854432:44.54,S2-45115816:44.54,S2-868483154:40.22,S2-278125500:39.89,S2-750619955:39.77,S2-909114175:39.77,S2-319271556:39.61,S2-397073854:39.61,S2-928859379:39.61,S2-685543126:39.61,S2-413110778:39.61,S2-932471457:39.61	S3-573440570:73.83,S3-387347539:51.67,S3-873695207:51.19,S3-880878016:45.45,S3-956923710:45.30,S3-503434287:45.30,S3-277831307:44.93,S3-344008392:44.93,S3-741526359:44.93,S3-261896242:44.87,S3-644346000:44.87,S3-91893156:44.52,S3-724202419:44.52,S3-543505724:44.52,S3-725140845:44.52,S3-931521282:41.48,S3-530220472:40.33,S3-453876718:40.33,S3-642547339:40.00,S3-919852595:39.95	ok
S1-992938697	US	Novic Rice Inc	200 Stone Fox Drive, Summerfield, NC	S2-557129598	57.690525	20	S3-876349090	48.079777	20	57.690525	S2-557129598:57.69,S2-464380516:47.36,S2-473588658:44.60,S2-660408488:44.48,S2-629816240:44.39,S2-478810700:44.39,S2-26188597:43.78,S2-441710749:43.78,S2-287002922:43.69,S2-867357672:43.69,S2-612670657:43.69,S2-717085305:43.69,S2-478053632:43.34,S2-624311717:41.77,S2-299593193:40.92,S2-648267709:40.92,S2-741938803:40.92,S2-559611910:40.92,S2-390149310:40.92,S2-349350595:40.92	S3-876349090:48.08,S3-828323044:45.69,S3-625536067:44.70,S3-786217045:44.51,S3-294248208:43.89,S3-48475610:43.89,S3-635641743:43.89,S3-426681312:43.89,S3-406530105:43.48,S3-436646603:41.87,S3-750540205:41.87,S3-322333061:41.87,S3-39940716:41.87,S3-957829818:41.87,S3-803499879:41.87,S3-880878947:40.93,S3-583867985:40.93,S3-56237962:40.93,S3-342579854:40.93,S3-620001189:40.93	ok
S1-201231118	India	Unique Constructions Private Limited	Shop-18, Wing-A, Shree Vallabh Apt, Borasapada Rd, Near Kamala Vihar, Kandivali West, Mumbai, Maharashtra	S2-526379458	57.03542	20	S3-123869016	53.71142	20	57.03542	S2-526379458:57.04,S2-2658953:54.18,S2-636414803:53.86,S2-513983055:53.27,S2-26080215:51.32,S2-232683005:51.23,S2-627240894:51.19,S2-514613714:51.19,S2-156463741:51.19,S2-890157327:51.19,S2-624655155:51.19,S2-723398727:50.51,S2-752170949:50.51,S2-745695767:50.47,S2-329382309:48.98,S2-255089399:48.73,S2-751594084:47.83,S2-684741952:47.53,S2-118175642:47.08,S2-555504222:46.63	S3-123869016:53.71,S3-513121921:53.47,S3-408577988:52.92,S3-570802237:52.26,S3-135086737:51.77,S3-910031546:50.72,S3-98880690:50.19,S3-903542495:49.96,S3-672985211:49.85,S3-49479794:48.29,S3-459799800:48.17,S3-487529488:48.17,S3-124393655:48.17,S3-492659266:48.17,S3-130636195:48.17,S3-226983679:48.17,S3-926230725:48.08,S3-373730941:48.08,S3-822930211:48.08,S3-448194897:48.08	ok
S1-614114367	US	Lynx Transport	116 Brantley Road, Ahoskie, NC	S2-196761096	78.01244	20	S3-426235888	45.864304	20	78.01244	S2-196761096:78.01,S2-167806059:42.05,S2-870951824:41.40,S2-964465808:40.64,S2-354943654:39.96,S2-317552386:39.72,S2-852671675:39.72,S2-909083828:39.32,S2-275391612:39.30,S2-317998058:39.13,S2-864996815:39.13,S2-502008755:38.59,S2-284783260:38.59,S2-301081427:38.35,S2-754317789:38.33,S2-905825342:38.33,S2-901893059:38.22,S2-907730889:38.22,S2-979221032:38.22,S2-508170522:38.20	S3-426235888:45.86,S3-430866788:38.48,S3-917035199:38.48,S3-612671861:38.40,S3-342528581:38.35,S3-523678154:38.35,S3-805183133:38.26,S3-966992277:38.13,S3-519193475:38.13,S3-738276378:38.02,S3-184385628:38.02,S3-188933907:36.68,S3-777799017:36.68,S3-643095375:36.68,S3-969723374:36.68,S3-559598729:36.68,S3-392540285:36.68,S3-310418298:36.58,S3-80836879:36.45,S3-122583060:36.45	ok
S1-594103250	India	Jay Global Limited	Survey No.109, Nanded-Latur Road Khupserwadi, Post.Vadepuri, Nanded, Maharashtra	S2-462755771	47.683235	20	S3-169694574	81.05863	20	81.05863	S2-462755771:47.68,S2-504466547:46.43,S2-135644468:45.96,S2-21891113:45.76,S2-264732261:44.72,S2-689520825:44.16,S2-571822945:44.14,S2-756313562:42.66,S2-176238817:42.48,S2-221288156:42.35,S2-989012023:42.21,S2-701838607:41.72,S2-979040195:41.32,S2-277615663:41.09,S2-76677428:40.97,S2-495195551:40.74,S2-497583213:40.74,S2-746760776:40.70,S2-118183515:40.70,S2-960253485:40.70	S3-169694574:81.06,S3-258111158:53.03,S3-800394835:43.96,S3-815415782:43.78,S3-36637411:43.58,S3-577933156:43.58,S3-634181266:43.46,S3-871959156:43.18,S3-307823266:42.29,S3-522419161:42.16,S3-540479838:42.16,S3-294628233:42.16,S3-427260949:41.97,S3-150738634:40.79,S3-979559393:40.78,S3-991648034:40.77,S3-518917829:40.77,S3-714424023:40.54,S3-532673477:40.21,S3-259329707:40.21	ok
S1-579995479	India	YR Management Pvt Ltd	Surakshay House, Pune, Maharashtra, Pune, Sr. No. 57/2/22, Opp. Colori Building Society, Undri	S2-749236093	103.35496	20	S3-150482539	114.667404	20	114.667404	S2-749236093:103.35,S2-688155094:48.42,S2-79336183:48.31,S2-59711738:47.95,S2-415530773:47.95,S2-496481814:47.71,S2-697878881:47.59,S2-767633113:47.23,S2-619706197:47.00,S2-748802096:45.88,S2-6092715:45.88,S2-766023730:45.88,S2-543474304:45.86,S2-139816136:45.86,S2-122227633:45.64,S2-144743338:45.62,S2-673161527:45.01,S2-533905140:44.87,S2-732350437:44.58,S2-533301682:44.12	S3-150482539:114.67,S3-73945347:50.19,S3-952361645:49.49,S3-404239823:49.26,S3-82935032:48.94,S3-571112966:48.12,S3-428716795:47.32,S3-179395565:46.80,S3-285415883:46.44,S3-522914187:46.33,S3-850550503:45.77,S3-878724591:45.76,S3-84123316:45.66,S3-185342972:45.60,S3-764865257:45.33,S3-439760582:45.00,S3-277698875:44.97,S3-888563379:44.46,S3-482052349:44.31,S3-773145231:44.23	ok
S1-688886455	US	Dental Specialists	Marion, OH, 1468 Wilson Drive	S2-111920240	51.93543	20	S3-74371402	43.515236	20	51.93543	S2-111920240:51.94,S2-388975152:46.48,S2-969701622:44.15,S2-532182397:43.70,S2-659831468:42.88,S2-663848524:42.84,S2-572125788:42.84,S2-163658236:42.67,S2-434164075:42.66,S2-953386713:42.62,S2-521355849:42.62,S2-234117657:42.62,S2-367869285:42.51,S2-734442821:42.51,S2-19049589:42.46,S2-26316179:42.45,S2-494849015:42.45,S2-273550311:42.27,S2-836987652:42.10,S2-69558571:41.95	S3-74371402:43.52,S3-321476235:42.65,S3-102281120:42.65,S3-595802008:42.65,S3-715290182:42.50,S3-128647539:42.44,S3-246955189:42.44,S3-545804800:42.44,S3-596187749:42.37,S3-427086577:42.37,S3-763110330:42.31,S3-30782105:42.25,S3-475213109:42.15,S3-130280015:42.10,S3-164449317:41.65,S3-436647491:41.65,S3-368499520:41.60,S3-565148974:40.33,S3-462410402:40.13,S3-327532780:39.12	ok
S1-949313847	US	Olanus Crescent Inc	7040 Stony Island Avenue, IL, Chicago	S2-204660447	48.96648	20	S3-593405453	56.838604	20	56.838604	S2-204660447:48.97,S2-401635533:46.60,S2-916586704:45.43,S2-687320182:44.68,S2-658560220:43.59,S2-336109889:43.59,S2-283374214:43.59,S2-338896297:43.59,S2-378779610:43.59,S2-391388129:43.59,S2-925256088:43.59,S2-62818020:43.59,S2-110722222:43.01,S2-962395881:43.01,S2-302332750:43.01,S2-191753331:43.01,S2-335763002:43.01,S2-20960079:43.01,S2-602065741:43.01,S2-265025226:43.01	S3-593405453:56.84,S3-591932988:46.48,S3-296798227:46.22,S3-691693223:43.70,S3-657350672:43.45,S3-9073430:43.45,S3-770947418:43.24,S3-401224500:43.02,S3-741594052:43.02,S3-838249550:43.02,S3-307995919:43.02,S3-360822337:43.02,S3-27480560:43.02,S3-448981202:43.02,S3-163889519:43.02,S3-560188149:43.02,S3-524111718:43.02,S3-839279892:42.82,S3-651788358:42.82,S3-786555594:42.82	ok
S1-248286894	US	Weber Open, Inc	WA, Unit #408, Puyallup, 333 Meridian	S2-965796665	64.03378	20	S3-19913482	75.493195	20	75.493195	S2-965796665:64.03,S2-396729035:43.57,S2-247469728:43.57,S2-33662643:43.50,S2-270185954:42.62,S2-79497257:42.15,S2-714375721:41.42,S2-518065947:40.91,S2-36004337:40.07,S2-676433387:39.75,S2-753729299:39.49,S2-612903545:38.53,S2-575109745:38.01,S2-660881386:37.66,S2-733188487:37.28,S2-42622385:37.28,S2-11737724:37.28,S2-920162:37.14,S2-33840493:37.14,S2-542676169:36.93	S3-19913482:75.49,S3-518355297:41.61,S3-795942076:41.53,S3-771350366:39.07,S3-63348191:38.89,S3-476596496:38.78,S3-35981661:38.78,S3-570809751:38.78,S3-618202920:38.59,S3-276601959:38.59,S3-559557808:38.21,S3-909868707:38.19,S3-511344579:37.63,S3-400330562:37.13,S3-379245581:36.79,S3-466689354:36.79,S3-901633193:36.79,S3-713927836:36.79,S3-586479772:36.79,S3-660014811:36.79	ok
S1-610164122	India	Feathers Care Pvt Ltd	402 Raj Vaibhav B Wing, Plot 237 H No 1237, Thane, Maharashtra	S2-42625016	42.152958	20	S3-916717448	92.98871	20	92.98871	S2-42625016:42.15,S2-828225761:40.20,S2-415401835:39.43,S2-631706522:38.84,S2-520827943:38.62,S2-529577203:38.51,S2-850444212:38.37,S2-225507145:38.17,S2-363803674:37.82,S2-926397898:37.81,S2-377982157:37.79,S2-935345594:37.78,S2-12373652:37.18,S2-140145217:36.21,S2-340646155:36.11,S2-723415189:35.96,S2-315537336:35.95,S2-201962377:35.63,S2-290479037:35.62,S2-768019702:35.41	S3-916717448:92.99,S3-430356091:77.29,S3-342911664:51.87,S3-433562340:40.99,S3-832871478:40.60,S3-469259119:40.54,S3-867654005:39.32,S3-765214229:39.30,S3-64627527:38.53,S3-843546309:37.86,S3-373619733:37.49,S3-491960386:36.94,S3-229943182:36.82,S3-288908323:36.76,S3-443100847:36.52,S3-423643888:36.00,S3-912155892:35.95,S3-63217493:35.68,S3-795038686:35.46,S3-12705407:35.21	ok
S1-920204369	US	Innovative Packaging Holdings	11106 Shoreline Drive, Leo-cedarville, IN	S2-586883440	84.15978	20	S3-367826199	47.73579	20	84.15978	S2-586883440:84.16,S2-173877842:46.95,S2-506571351:46.95,S2-146916750:45.30,S2-749858543:42.94,S2-661821737:41.11,S2-84340508:41.11,S2-234617216:41.11,S2-872698722:41.11,S2-820473460:41.11,S2-952844736:40.95,S2-717325127:40.75,S2-92616558:40.75,S2-33596007:39.64,S2-555227997:39.61,S2-16638416:39.61,S2-827434192:39.10,S2-926870987:37.58,S2-659762490:36.56,S2-133897487:36.56	S3-367826199:47.74,S3-158148971:47.69,S3-731472315:46.68,S3-504151162:46.68,S3-30896030:46.63,S3-592182868:46.63,S3-314414838:46.63,S3-983273015:46.63,S3-337842473:40.93,S3-142078274:40.93,S3-517082039:40.93,S3-348970796:40.88,S3-162064915:40.88,S3-109791515:40.88,S3-867004340:40.88,S3-730553154:40.88,S3-495181674:39.98,S3-393237052:38.81,S3-279126510:36.52,S3-309742058:36.43	ok
S1-543927380	India	Hari Infra Private Limited	C/O Mapanna Laxman Kamble, Mahatma Fule Ngr, Mohan Nagar, Chinchwad, Pune, Maharashtra	S2-837580163	112.488716	20	S3-725239484	67.63341	20	112.488716	S2-837580163:112.49,S2-617325352:53.62,S2-259190424:53.28,S2-925745062:52.49,S2-780690580:52.14,S2-8339647:51.91,S2-929296829:51.03,S2-765036107:50.75,S2-930277047:49.97,S2-759561265:49.90,S2-458967586:49.89,S2-840706388:49.56,S2-1573138:48.98,S2-992059432:48.98,S2-716889439:48.36,S2-994463590:47.00,S2-978560074:46.31,S2-964236128:45.63,S2-77239801:45.15,S2-818782946:45.05	S3-725239484:67.63,S3-897263955:51.61,S3-558257720:50.38,S3-120540152:50.38,S3-630461854:50.00,S3-482573648:49.92,S3-311766796:49.69,S3-722289248:49.22,S3-630517573:48.19,S3-767530761:48.19,S3-143171745:48.02,S3-423441116:48.02,S3-865119885:47.84,S3-987970515:47.84,S3-633511227:47.84,S3-274406233:47.84,S3-40717720:47.84,S3-641825570:47.84,S3-86612225:47.76,S3-736059316:47.64	ok
S1-378305402	US	Duke Webster Inc.	128 Oak Brook Circle, Madison, AL	S2-424589599	42.08087	20	S3-794148995	74.195694	20	74.195694	S2-424589599:42.08,S2-297303478:41.86,S2-594947843:41.63,S2-588901552:40.79,S2-723837307:40.77,S2-674460732:40.31,S2-262014509:40.31,S2-791985838:40.30,S2-842150442:40.30,S2-80344231:40.09,S2-281706247:40.04,S2-652455106:40.04,S2-383336071:40.03,S2-428247939:39.11,S2-456690546:39.10,S2-560981914:38.08,S2-433112038:37.98,S2-729188827:37.74,S2-482980777:37.58,S2-656841572:37.46	S3-794148995:74.20,S3-238007588:47.11,S3-449278072:40.13,S3-659556350:40.03,S3-63469772:39.98,S3-779261676:39.80,S3-830621440:39.80,S3-332246067:39.22,S3-527625687:39.10,S3-631694124:38.17,S3-845224346:38.11,S3-54655640:37.81,S3-378934379:37.61,S3-905653889:37.38,S3-909360368:37.27,S3-970108731:36.89,S3-656109398:36.89,S3-403062307:36.89,S3-744355419:36.77,S3-341752978:36.43	ok
S1-676349283	US	Howell Aldabra	CA, 3990 Spica Way, Vandenberg Village	S2-805705430	99.12683	20	S3-783000877	39.30363	20	99.12683	S2-805705430:99.13,S2-773195013:97.27,S2-779935083:41.79,S2-585082640:40.11,S2-91354766:40.11,S2-168919503:38.49,S2-868512079:38.07,S2-662136662:37.88,S2-667677564:37.82,S2-186980979:37.82,S2-128255160:37.80,S2-835467745:37.45,S2-862425234:37.05,S2-404396251:36.97,S2-182865962:36.75,S2-654826351:36.71,S2-612235245:36.54,S2-954202033:36.51,S2-496152946:36.48,S2-759009408:36.30	S3-783000877:39.30,S3-206684190:39.30,S3-416959851:39.30,S3-249437210:39.30,S3-140640509:38.58,S3-265057747:38.49,S3-498023658:38.12,S3-384419463:37.96,S3-24746845:37.96,S3-608400336:37.47,S3-115578965:36.92,S3-241023411:36.92,S3-297600255:36.73,S3-378024085:36.61,S3-109413964:36.61,S3-955762380:36.60,S3-446474669:36.44,S3-200608849:35.92,S3-729277786:35.92,S3-250319038:35.74	ok
S1-915531958	US	Verene Lemke Prime Data LLC	12 Newtown Lane, NY, Huntington	S2-972132482	101.12364	20	S3-959860117	74.036285	20	101.12364	S2-972132482:101.12,S2-183669047:49.85,S2-450189467:49.19,S2-590288335:48.25,S2-373841560:46.43,S2-743818351:44.83,S2-810182295:44.69,S2-883156967:43.40,S2-394800392:42.68,S2-365447480:42.55,S2-631063811:42.14,S2-964117667:41.86,S2-240555422:41.86,S2-792455896:41.86,S2-298843554:41.73,S2-875896379:41.73,S2-472382991:41.73,S2-820271021:41.29,S2-642735754:41.29,S2-541667291:41.29	S3-959860117:74.04,S3-469620418:46.50,S3-601684762:46.25,S3-913293817:44.64,S3-967895723:43.56,S3-649277378:43.31,S3-605944975:43.31,S3-304973704:43.31,S3-231201463:43.24,S3-278641972:42.14,S3-533707069:42.14,S3-803832975:42.14,S3-474905359:42.14,S3-619858414:42.00,S3-463916924:42.00,S3-936490650:41.18,S3-465516234:41.18,S3-640357593:41.17,S3-375608121:39.95,S3-21383715:39.95	ok
S1-827948922	India	Avika (India) Residences Limited	521, Kheradi Basti, Sangwa Teh. Mavli, Udaipur, Rajasthan	S2-531602761	47.149048	20	S3-684271808	124.70007	20	124.70007	S2-531602761:47.15,S2-706068928:46.42,S2-401041667:45.93,S2-491475117:45.93,S2-625280341:45.93,S2-61738045:44.99,S2-834979542:44.37,S2-393854080:43.61,S2-201586690:43.17,S2-740312778:43.17,S2-639926505:42.59,S2-654208343:42.59,S2-615951241:42.59,S2-521343871:42.59,S2-640032596:41.94,S2-354474906:41.64,S2-635572665:41.64,S2-28456118:41.48,S2-116670592:40.27,S2-42528212:40.27	S3-684271808:124.70,S3-334659098:105.14,S3-675259513:55.43,S3-436044478:49.76,S3-920767166:49.76,S3-5895741:49.34,S3-322925133:48.93,S3-419096211:45.73,S3-793330749:45.09,S3-494010883:45.01,S3-320201873:44.83,S3-50005580:44.83,S3-637268118:44.46,S3-256118114:41.86,S3-652302605:41.65,S3-445101880:41.26,S3-614606513:41.03,S3-46903424:40.71,S3-451338682:40.71,S3-786018328:40.71	ok
S1-121062188	US	Pediatric Dental Empire Care LLC	3919 Waterwheel Drive, Chesterfield County, VA	S2-534192159	73.14028	20	S3-713963210	55.073833	20	73.14028	S2-534192159:73.14,S2-846287234:69.47,S2-316057881:55.63,S2-833266053:54.29,S2-514086212:54.28,S2-703389797:53.80,S2-237663489:53.06,S2-498224122:52.00,S2-655815582:51.98,S2-757666817:51.98,S2-566316379:51.45,S2-393481612:51.39,S2-740499442:51.37,S2-755962539:50.61,S2-39823387:50.49,S2-149221600:50.49,S2-745536049:50.26,S2-689817937:50.07,S2-145328750:49.99,S2-82777697:49.57	S3-713963210:55.07,S3-565619706:52.33,S3-238975311:52.13,S3-264934112:51.72,S3-932099363:51.70,S3-485720851:51.70,S3-327801472:51.59,S3-49055974:51.56,S3-200311943:51.56,S3-109502553:51.33,S3-870023526:50.57,S3-931805333:50.56,S3-557321194:50.47,S3-209251394:50.39,S3-855172231:50.39,S3-967271092:50.33,S3-605054244:50.33,S3-363130167:50.33,S3-874062293:50.14,S3-27102249:49.90	ok
S1-696399290	India	White Street LLP	Purba Dhurra Ramganj Islampur, Uttar Dinajpur, West Bengal	S2-846996937	86.74412	20	S3-29338590	39.42953	20	86.74412	S2-846996937:86.74,S2-248070723:40.64,S2-308743603:40.43,S2-412475827:40.43,S2-574510247:39.63,S2-549365231:39.50,S2-540482199:38.82,S2-466609111:38.23,S2-511768781:38.13,S2-214307353:38.05,S2-62166559:37.75,S2-498759547:37.72,S2-165603802:37.67,S2-541873929:37.47,S2-993698048:37.23,S2-334474352:37.17,S2-763052044:36.99,S2-325933388:36.93,S2-115797330:36.86,S2-110060713:36.83	S3-29338590:39.43,S3-107247909:38.92,S3-820791422:38.92,S3-248368619:37.98,S3-588041511:37.35,S3-479960849:36.55,S3-747497338:36.53,S3-664947273:36.53,S3-365711173:36.52,S3-751053053:36.10,S3-343249031:35.94,S3-116768657:35.94,S3-922910512:35.93,S3-283971336:35.87,S3-26995694:35.51,S3-446247759:34.42,S3-304814795:34.30,S3-291866493:33.74,S3-726789129:33.68,S3-410497095:33.29	ok
S1-290656489	US	DRZ Siddhi Inc	32 Shore Walk Road, Fl 0, Riva, MD	S2-856978095	60.484245	20	S3-602189437	95.8515	20	95.8515	S2-856978095:60.48,S2-287532931:42.15,S2-147977892:40.74,S2-10472605:38.57,S2-219688403:37.88,S2-726839909:36.74,S2-458265302:36.72,S2-69796786:36.59,S2-484612178:36.34,S2-16719086:36.30,S2-145736402:36.30,S2-464315076:36.30,S2-478621332:36.21,S2-113665138:36.17,S2-80090448:36.08,S2-619003875:35.08,S2-329812528:35.08,S2-891990318:34.96,S2-120190586:34.39,S2-729660180:34.29	S3-602189437:95.85,S3-925144464:42.13,S3-448183267:39.44,S3-837910764:38.04,S3-954802866:37.26,S3-750363842:37.11,S3-218742320:36.63,S3-142754044:36.63,S3-899233736:36.48,S3-987052841:36.48,S3-760005744:36.32,S3-740378686:36.20,S3-383993558:36.20,S3-876794582:35.98,S3-17993198:35.98,S3-622815668:35.79,S3-451841034:35.26,S3-778592840:34.70,S3-406079943:34.49,S3-559270202:34.14	ok
S1-921830459	US	Meredith Biracilik LLC	DE, 26 Deerfield Lane, Rehoboth Beach	S2-449625782	51.7268	20	S3-115315745	64.52393	20	64.52393	S2-449625782:51.73,S2-761661375:44.50,S2-764363809:44.37,S2-61661854:44.15,S2-468154991:44.09,S2-564726690:44.09,S2-758106210:43.64,S2-316293314:41.46,S2-906350309:40.24,S2-275909201:40.24,S2-185947769:40.24,S2-955847166:39.85,S2-234871717:39.85,S2-325063465:39.85,S2-125976481:39.85,S2-914340891:39.85,S2-654266623:39.58,S2-224857354:39.58,S2-243700427:38.46,S2-902028446:38.28	S3-115315745:64.52,S3-882040860:50.02,S3-998666785:50.02,S3-339443354:44.50,S3-90337468:43.75,S3-59008091:41.46,S3-361851201:41.09,S3-402133843:40.16,S3-151319157:40.16,S3-614118973:40.16,S3-919925648:40.10,S3-121063789:39.64,S3-147173350:38.16,S3-249647676:37.68,S3-57740039:37.68,S3-269959021:37.68,S3-912873651:37.68,S3-205077559:37.68,S3-274170497:37.68,S3-355694193:37.68	ok
S1-641531702	US	Gonzalez, Mcmahan and Hoffman Interprivate	5300 Parkview Drive, OR, Unit #1026, Lake Oswego	S2-142642182	122.487114	20	S3-877874353	53.415913	20	122.487114	S2-142642182:122.49,S2-16455391:119.03,S2-77797521:53.12,S2-54223231:52.48,S2-591738821:52.02,S2-649680581:44.54,S2-472906536:44.36,S2-993524216:44.16,S2-413163312:42.74,S2-890497992:42.52,S2-21667080:42.28,S2-331833157:42.24,S2-887566903:41.88,S2-71281975:40.81,S2-554691657:40.81,S2-290355086:40.81,S2-238236255:40.81,S2-218791665:40.70,S2-544432239:40.70,S2-304647797:40.70	S3-877874353:53.42,S3-453222501:53.42,S3-755070037:45.65,S3-899849288:44.55,S3-394528137:44.42,S3-769402696:44.42,S3-703597450:44.42,S3-81281609:44.20,S3-215373738:44.17,S3-268581883:43.73,S3-387768764:43.35,S3-86980836:43.17,S3-503955286:42.60,S3-869150343:42.43,S3-811952214:41.48,S3-760084256:40.94,S3-614421241:40.94,S3-989088110:40.94,S3-798531821:40.93,S3-126478717:40.93	ok
S1-773038990	US	Velix	42 Depot Road, Ennis, MT	S2-365151341	49.547264	20	S3-97993836	63.40059	20	63.40059	S2-365151341:49.55,S2-505514508:47.20,S2-5757527:44.14,S2-402202967:42.84,S2-889919728:41.46,S2-439571231:41.46,S2-989696048:40.49,S2-168249318:40.49,S2-707102928:40.49,S2-793115017:40.49,S2-773318198:40.49,S2-88093138:40.49,S2-788098457:40.49,S2-181562953:40.49,S2-306006803:40.49,S2-770811976:39.57,S2-430401393:39.11,S2-299214820:39.11,S2-875237254:39.11,S2-234306724:39.11	S3-97993836:63.40,S3-184908063:62.75,S3-870120021:48.45,S3-629475763:46.77,S3-711392576:46.77,S3-290015555:46.77,S3-986394318:45.97,S3-94972602:45.97,S3-561820701:42.68,S3-766491405:42.54,S3-624852350:42.41,S3-25142872:40.19,S3-548565859:40.19,S3-396264325:40.19,S3-26594965:40.19,S3-65830554:40.19,S3-606019130:40.19,S3-298425887:40.19,S3-807512986:40.19,S3-53928964:40.19	ok
S1-570463280	US	Frontier Dynamic Guardian	755 Badger Lane, Waukee, IA	S2-151681040	64.841415	20	S3-348467812	83.18421	20	83.18421	S2-151681040:64.84,S2-752666830:57.67,S2-243781430:57.67,S2-457642727:52.27,S2-335216614:51.98,S2-658639638:47.47,S2-603135056:46.67,S2-540085410:45.90,S2-700171018:43.66,S2-381054668:43.55,S2-260940753:41.53,S2-346225847:40.95,S2-100206134:40.71,S2-419971806:39.87,S2-177113357:39.87,S2-577348683:39.40,S2-378699569:37.35,S2-263691552:37.25,S2-723361431:37.24,S2-799096407:37.23	S3-348467812:83.18,S3-912528999:78.83,S3-647857998:57.63,S3-48554950:57.63,S3-483030698:53.76,S3-504668904:52.22,S3-165941651:46.85,S3-154290960:45.78,S3-962684825:45.63,S3-665827913:42.55,S3-824172810:41.96,S3-611805926:41.71,S3-914967120:40.97,S3-564102624:40.05,S3-370234201:38.20,S3-739968970:37.64,S3-890083844:37.09,S3-138388338:37.09,S3-504191605:37.07,S3-364020605:37.03	ok
S1-208680021	India	Jai & Co	L- 130/1A, Ground Floor, Gautam Nagar, New Delhi, South Delhi, Delhi	S2-364567127	55.60584	20	S3-205323444	60.362007	20	60.362007	S2-364567127:55.61,S2-809275580:50.76,S2-878767590:50.13,S2-244327331:47.35,S2-881961121:47.28,S2-574914056:47.28,S2-995044614:46.41,S2-940671782:46.31,S2-489121212:45.60,S2-578443073:45.19,S2-489977157:44.69,S2-293954537:44.63,S2-712803931:44.52,S2-868288220:44.51,S2-369155281:44.42,S2-219636914:44.05,S2-942951647:43.43,S2-346505186:43.40,S2-122408559:43.33,S2-610308640:43.26	S3-205323444:60.36,S3-190979282:54.86,S3-295544410:53.95,S3-472191225:52.04,S3-696033642:51.97,S3-865262890:51.97,S3-396547163:48.10,S3-708027656:47.36,S3-528006442:46.77,S3-255384443:46.26,S3-758698534:45.78,S3-858579078:45.67,S3-442195085:45.44,S3-495641839:45.03,S3-592063376:44.82,S3-205284986:44.77,S3-103154144:44.60,S3-329197951:44.15,S3-261216823:43.49,S3-827899395:43.47	ok
S1-493754288	India	Nb Infra Private Limited	Gc-15F, G/Floor, Pul Prahlad Pur, New Delhi, South Delhi, Delhi	S2-628160683	103.01472	20	S3-362731150	63.99046	20	103.01472	S2-628160683:103.01,S2-93624100:62.78,S2-144121135:59.37,S2-688172758:58.73,S2-934730446:57.39,S2-730656290:55.51,S2-293482815:55.41,S2-514407390:53.11,S2-968652619:52.11,S2-600266228:51.98,S2-924472141:51.78,S2-782012011:51.34,S2-69830947:50.99,S2-629210429:50.09,S2-742378435:49.86,S2-528489768:49.68,S2-599394521:49.42,S2-408501290:49.16,S2-607703718:49.13,S2-980353506:48.42	S3-362731150:63.99,S3-948463214:59.74,S3-431673888:57.43,S3-55410550:55.96,S3-945265668:55.76,S3-769332247:55.55,S3-763248922:55.53,S3-980920914:55.39,S3-560816801:54.25,S3-538757365:52.23,S3-545864256:51.08,S3-584097043:49.98,S3-273296148:48.54,S3-508022117:48.19,S3-801933168:48.03,S3-423930665:48.00,S3-139629279:47.90,S3-81153834:47.82,S3-274406233:47.16,S3-43617611:47.16	ok
S1-550468591	India	Finance (India) Infin Private Limited	Haryana, Fatehabad, 1St Floor, Sco 16, Soma Town, Sector-4, Fatehabad	S2-424977940	101.34618	20	S3-486929892	80.473495	20	101.34618	S2-424977940:101.35,S2-801943074:66.32,S2-410434763:60.41,S2-271915670:59.47,S2-87687052:56.09,S2-259908203:49.26,S2-75109867:47.33,S2-172511886:46.69,S2-469078047:45.44,S2-907094066:45.27,S2-194658497:45.27,S2-905970810:45.27,S2-248909201:45.10,S2-875604706:44.86,S2-421877373:44.86,S2-91475506:44.86,S2-425501419:44.86,S2-984506910:44.86,S2-547196201:44.81,S2-525622598:44.81	S3-486929892:80.47,S3-636974355:56.44,S3-634075568:54.61,S3-493178034:48.74,S3-298817870:47.90,S3-582927697:47.44,S3-37022071:46.26,S3-720636639:45.54,S3-442186046:45.54,S3-822214664:45.54,S3-224179900:45.54,S3-738031032:45.54,S3-195106577:45.14,S3-578500677:44.68,S3-438190612:44.66,S3-724121064:44.64,S3-449403918:44.61,S3-256330936:44.61,S3-522183019:44.61,S3-448894700:44.61	ok
S1-714132759	India	Gold Logistics Private Limited	Thane, B-104- Sadguru Apart Central Park Tuling Nalasopara, Maharashtra, Nalasopara	S2-596620865	52.522022	20	S3-535448574	93.81089	20	93.81089	S2-596620865:52.52,S2-954642605:51.49,S2-152179266:51.48,S2-910618484:51.48,S2-247620813:50.12,S2-572910328:49.59,S2-829893634:49.59,S2-895501764:49.59,S2-692140278:49.48,S2-925494321:49.48,S2-63737799:48.67,S2-484983068:48.65,S2-177547961:48.64,S2-48037512:48.56,S2-768885927:47.46,S2-355664997:47.46,S2-178754836:47.35,S2-163308814:46.41,S2-199332666:44.65,S2-260806681:44.65	S3-535448574:93.81,S3-412298866:66.26,S3-652971352:53.56,S3-230848993:51.24,S3-921688271:50.33,S3-604282919:50.20,S3-368957033:49.63,S3-741152531:47.70,S3-55166608:47.20,S3-815525853:47.20,S3-948678780:47.20,S3-706234482:47.20,S3-799846673:47.20,S3-615068807:47.20,S3-197621152:47.20,S3-836815952:47.20,S3-218226099:47.20,S3-812681781:47.20,S3-689536580:46.53,S3-998485304:46.35	ok
S1-436747217	US	Trusted Sterling Jewelers PLLC	100 Kate Corner, Leitchfield, KY	S2-519957046	101.753075	20	S3-481268785	97.30405	20	101.753075	S2-519957046:101.75,S2-589984162:56.92,S2-410903329:56.92,S2-298141035:56.76,S2-933767780:51.11,S2-944785159:49.38,S2-679721160:47.11,S2-539832933:45.22,S2-975048870:45.10,S2-171954909:45.10,S2-673026167:45.10,S2-591726203:45.10,S2-997831196:44.86,S2-749437455:44.52,S2-238536271:44.52,S2-469619564:44.52,S2-218916864:44.36,S2-510168023:44.36,S2-866716051:44.36,S2-640990434:44.36	S3-481268785:97.30,S3-451442718:64.53,S3-632248047:57.45,S3-189892714:46.05,S3-869496958:45.41,S3-169072710:45.41,S3-670964117:45.41,S3-278723528:44.98,S3-123358824:44.79,S3-186087190:44.79,S3-212315911:44.10,S3-570311328:44.10,S3-668222917:44.09,S3-866050139:44.09,S3-919042369:42.84,S3-193833505:42.81,S3-73451922:42.81,S3-351795690:42.81,S3-69131281:42.81,S3-172591252:42.70	ok
S1-412961091	India	Alpha Institute of Technology Ltd	8-4-367/178, Vinayakarao Nagarborabanda Santhinagar, Hyderabad, Andhra Pradesh	S2-228370678	87.49485	20	S3-989089662	90.61658	20	90.61658	S2-228370678:87.49,S2-822376482:63.32,S2-102642382:54.14,S2-631654956:53.61,S2-201414799:53.21,S2-300436049:53.10,S2-607941325:52.26,S2-130753291:51.95,S2-416960877:51.92,S2-101309678:51.86,S2-844495479:51.84,S2-613629035:51.78,S2-533360743:51.71,S2-736294320:51.64,S2-462138510:51.55,S2-267211115:51.44,S2-600917908:51.36,S2-613759486:51.36,S2-178655414:51.32,S2-65663623:51.32	S3-989089662:90.62,S3-674002431:72.81,S3-756121861:63.11,S3-191483864:60.64,S3-897980079:58.98,S3-413437155:57.20,S3-457297260:56.41,S3-841623631:56.41,S3-956560551:56.09,S3-306935627:56.08,S3-826350409:55.77,S3-79395633:54.77,S3-783883964:54.32,S3-264530604:53.96,S3-305046219:53.81,S3-65647582:53.62,S3-490480662:53.62,S3-185626631:53.34,S3-146416515:52.98,S3-190580508:52.79	ok
S1-884071360	US	Youth Signature Services	1155 Fanshawe Drive, Mebane, NC	S2-575866165	55.426743	20	S3-838807510	66.08848	20	66.08848	S2-575866165:55.43,S2-969488903:46.30,S2-724434163:46.30,S2-622034702:44.29,S2-910986547:43.29,S2-639936327:41.91,S2-238945535:41.64,S2-445751322:41.59,S2-291719081:41.59,S2-707355732:41.25,S2-252018477:41.21,S2-501226953:41.07,S2-850660806:41.01,S2-890536460:40.85,S2-696521746:40.85,S2-134078134:40.84,S2-884305123:40.79,S2-775458878:40.79,S2-430106945:40.79,S2-226948359:40.76	S3-838807510:66.09,S3-174058339:46.29,S3-882720985:46.24,S3-81747239:46.24,S3-260285998:46.24,S3-842311537:46.24,S3-959994097:41.00,S3-278498146:40.66,S3-785056636:40.64,S3-709135004:40.64,S3-978041246:40.64,S3-2096635:40.45,S3-862572465:40.45,S3-977400047:40.41,S3-587604952:40.25,S3-88800983:40.11,S3-143926897:40.10,S3-764671346:39.95,S3-205135438:37.96,S3-589052559:37.64	ok
S1-473413685	US	Dental Health	2901 Atlantic Street, Franklin Park, IL	S2-565680976	43.60932	20	S3-793078473	51.52061	20	51.52061	S2-565680976:43.61,S2-971208827:42.73,S2-625865189:41.90,S2-454075367:40.16,S2-860033069:40.14,S2-340875248:39.86,S2-372819139:39.61,S2-672765765:39.61,S2-438386427:39.58,S2-48707436:39.58,S2-561424117:38.77,S2-235278294:38.77,S2-311899829:38.76,S2-275765296:38.74,S2-906811138:38.74,S2-430843083:38.74,S2-412949860:38.74,S2-322784417:38.40,S2-394167994:37.90,S2-112740755:37.25	S3-793078473:51.52,S3-860870965:43.13,S3-400899791:40.13,S3-838154557:39.55,S3-462209226:38.90,S3-888673605:38.87,S3-22001247:38.87,S3-428891858:38.87,S3-561218226:38.72,S3-536345537:38.69,S3-43941848:38.56,S3-928323940:38.42,S3-717751211:38.29,S3-282940459:37.91,S3-507992724:37.20,S3-793498299:37.20,S3-145661942:36.43,S3-336984597:36.02,S3-763742316:35.78,S3-944391789:35.78	ok
S1-434245344	India	Future Infrastructure Private Limited	3/15/12/1, Govind Chakla, Salatvado, Visnagar, Mahesana, Gujarat	S2-147861441	59.10835	20	S3-609691693	52.64243	20	59.10835	S2-147861441:59.11,S2-575848752:55.96,S2-300341385:55.96,S2-909523423:53.42,S2-610676433:53.42,S2-911167472:52.09,S2-971495152:51.95,S2-121875743:51.36,S2-322408344:51.32,S2-230889938:49.38,S2-844083150:49.34,S2-701928698:49.34,S2-50613279:49.34,S2-142021088:48.42,S2-323298172:48.42,S2-725746368:48.39,S2-418352339:48.39,S2-778015608:48.38,S2-707732157:48.38,S2-141992643:48.38	S3-609691693:52.64,S3-375143768:52.45,S3-47178809:47.05,S3-50968995:46.97,S3-869061170:46.97,S3-452343574:46.97,S3-719932423:46.97,S3-302983513:46.80,S3-98971555:46.80,S3-391183351:46.80,S3-196707555:46.80,S3-6536612:46.26,S3-213378130:46.26,S3-672860794:46.26,S3-625970651:46.26,S3-161217820:46.26,S3-874744706:46.09,S3-744396568:46.09,S3-274507668:46.09,S3-430563853:46.09	ok
S1-819376014	India	Varshika Fire	R 9/06, 13Th Add. Shm N-2, Cidco, Aurangabad, Maharashtra	S2-314910910	113.8847	20	S3-411286242	92.42563	20	113.8847	S2-314910910:113.88,S2-212984785:43.07,S2-542345086:42.91,S2-755049637:42.68,S2-107789847:42.63,S2-702553179:42.63,S2-792679376:41.33,S2-392765050:40.62,S2-252854639:39.86,S2-466691797:39.86,S2-759126371:39.85,S2-447512236:39.85,S2-438087866:39.85,S2-742821069:39.85,S2-838667202:39.85,S2-154205086:39.85,S2-793616831:38.13,S2-135549419:37.68,S2-240078427:37.63,S2-269009551:37.62	S3-411286242:92.43,S3-206774388:48.22,S3-255818376:44.85,S3-479428653:44.65,S3-329387161:42.40,S3-34571994:41.92,S3-54403964:40.97,S3-134478346:40.73,S3-123982953:40.45,S3-228750415:40.45,S3-269499851:40.45,S3-268697302:40.45,S3-766543720:40.45,S3-470920872:40.45,S3-958163217:40.45,S3-542046842:40.45,S3-414182090:40.19,S3-799942760:39.51,S3-179327623:39.51,S3-899939389:39.51	ok
S1-232091344	India	Lotus Ai Private Limited	No. 55, 1St Main Road, 1St Floor Neharu Nagar, Bangalore, Karnataka	S2-807522126	58.439613	20	S3-3400581	65.53599	20	65.53599	S2-807522126:58.44,S2-438196552:58.04,S2-474749741:57.06,S2-628949099:52.46,S2-620553527:52.10,S2-843028625:50.29,S2-312354168:49.52,S2-748162657:48.44,S2-897475648:47.65,S2-641044436:47.50,S2-401944350:47.21,S2-94976221:47.16,S2-82761258:46.99,S2-854734166:46.79,S2-447522892:46.44,S2-998160990:46.44,S2-625263083:46.32,S2-118000057:46.20,S2-438264012:46.18,S2-86855259:45.77	S3-3400581:65.54,S3-293674184:57.95,S3-591543695:56.21,S3-23277629:53.69,S3-760112650:52.07,S3-402655029:51.44,S3-67751038:50.52,S3-64890623:48.55,S3-938004391:47.97,S3-641790876:46.72,S3-46277022:46.68,S3-541015169:46.56,S3-540233514:46.43,S3-390173095:46.39,S3-264307520:46.37,S3-764206408:46.11,S3-98279158:46.11,S3-258382783:45.84,S3-737546712:45.15,S3-498312494:45.01	ok
S1-47196321	India	Red Logistics Private Limited	131 Krishna Parisar Mahananda, Ujjain, Madhya Pradesh	S2-572607075	48.130123	20	S3-215709930	52.03985	20	52.03985	S2-572607075:48.13,S2-43748101:47.94,S2-772097061:47.94,S2-496771886:47.88,S2-201505127:47.88,S2-353601444:47.88,S2-421615491:46.81,S2-929955895:46.76,S2-51040488:45.35,S2-812021126:45.30,S2-743904124:45.30,S2-246071322:44.70,S2-468667024:44.66,S2-33572370:44.32,S2-817437116:43.92,S2-219083197:43.17,S2-311282969:43.17,S2-351926247:43.17,S2-234141185:43.17,S2-415003121:43.17	S3-215709930:52.04,S3-664799318:46.02,S3-328491700:46.02,S3-939959125:46.02,S3-936883874:46.02,S3-374140597:46.02,S3-211086578:46.02,S3-797912067:46.02,S3-19096834:45.92,S3-433372332:45.92,S3-620735464:45.92,S3-337035950:45.92,S3-935509059:45.92,S3-864055865:45.92,S3-124792541:45.92,S3-987101630:45.41,S3-307326888:45.20,S3-998251699:45.07,S3-483564317:45.07,S3-173330559:45.07	ok
S1-705628621	US	Cozy Bistro	804 Werner Avenue, Evansville, IN	S2-724616493	58.044865	20	S3-177675721	71.14927	20	71.14927	S2-724616493:58.04,S2-387793098:56.27,S2-667560632:56.27,S2-378574853:53.24,S2-350316717:52.08,S2-966597014:52.08,S2-447340935:52.08,S2-447697745:52.08,S2-113194498:52.08,S2-45033310:52.08,S2-770740812:52.08,S2-870351978:52.08,S2-800664457:52.08,S2-303343477:52.08,S2-756111538:52.08,S2-634143823:52.08,S2-57893864:52.08,S2-640915707:52.08,S2-552931190:52.08,S2-938963645:51.82	S3-177675721:71.15,S3-982969340:71.15,S3-931460523:55.97,S3-435574729:55.97,S3-149934452:55.80,S3-368803068:55.75,S3-339825878:53.80,S3-275075268:52.23,S3-435741345:52.23,S3-214853254:52.23,S3-729832353:52.23,S3-284514990:52.23,S3-963250757:52.23,S3-130819915:52.23,S3-971125952:52.23,S3-934431216:52.23,S3-513360450:52.23,S3-625821196:52.23,S3-833709308:52.23,S3-617345694:52.23	ok
S1-471834433	US	Marjie L. Cain, DDS	14218 Wickersham Lane, Houston, TX	S2-757254405	93.86636	20	S3-816015802	107.12026	20	107.12026	S2-757254405:93.87,S2-34205261:44.97,S2-51953941:43.42,S2-579821500:41.65,S2-101274170:41.27,S2-916944131:41.27,S2-546786667:41.03,S2-898559307:40.26,S2-536564245:39.67,S2-828661192:39.28,S2-754764504:39.28,S2-121011843:38.98,S2-462488998:38.57,S2-563850524:38.45,S2-487430190:38.38,S2-926798045:38.14,S2-808834884:38.06,S2-494129557:37.92,S2-3961032:37.80,S2-285509201:37.41	S3-816015802:107.12,S3-666994722:46.88,S3-528720268:42.44,S3-86797949:42.44,S3-313408295:41.20,S3-314269441:40.84,S3-975833735:40.71,S3-595994467:40.68,S3-858369438:40.68,S3-187390605:40.00,S3-733780862:39.49,S3-730064348:39.46,S3-151896560:39.31,S3-803015482:39.06,S3-769813407:39.04,S3-244694823:38.84,S3-357594038:38.77,S3-883617878:38.76,S3-279140018:38.07,S3-311687270:37.49	ok
S1-259004139	India	Mango Interaction (India) Private Limited	2Nd Cross Hb Layout, K, Ushal Nagar, Kg Halli Po, 39, Karnataka, Bangalore, Bangalore North	S2-202485644	134.21754	20	S3-23959439	59.999935	20	134.21754	S2-202485644:134.22,S2-866438835:99.34,S2-337835049:56.51,S2-516288084:56.21,S2-63033363:51.98,S2-556053705:51.97,S2-565762616:51.46,S2-242225292:50.99,S2-357662530:49.42,S2-94450077:47.45,S2-821887449:46.81,S2-294825679:46.72,S2-999497624:46.66,S2-98523749:46.60,S2-143563693:46.55,S2-909365790:46.29,S2-749732574:45.43,S2-832951532:45.12,S2-664265832:44.70,S2-135761489:44.65	S3-23959439:60.00,S3-344853116:52.88,S3-662591158:50.34,S3-607590227:47.97,S3-173239134:47.60,S3-105802615:47.43,S3-654490985:46.73,S3-399057200:46.03,S3-824581149:45.89,S3-266934708:45.81,S3-688384407:45.52,S3-149882696:45.38,S3-572417737:45.32,S3-584639211:44.66,S3-511671402:43.98,S3-605939756:43.73,S3-75236031:43.65,S3-940669319:42.50,S3-637898479:42.50,S3-661853671:42.50	ok
S1-381871301	US	Auriq Athene Inc.	9 St Charles Street, Florissant, MO	S2-687869091	58.238106	20	S3-450919440	86.59593	20	86.59593	S2-687869091:58.24,S2-653229001:47.40,S2-675696632:47.03,S2-120554069:46.24,S2-743502517:45.36,S2-718456798:45.36,S2-94354263:44.20,S2-877798701:43.88,S2-755210524:43.88,S2-342588027:43.88,S2-733196028:43.88,S2-182963937:43.88,S2-93477550:43.88,S2-400695427:43.88,S2-677290140:43.28,S2-960475223:43.09,S2-567286361:43.08,S2-405166500:43.08,S2-671298300:43.08,S2-153801922:43.08	S3-450919440:86.60,S3-912845002:44.64,S3-631775940:44.56,S3-596401752:44.48,S3-36030445:44.48,S3-627351526:44.48,S3-216503714:44.48,S3-933857633:43.40,S3-18261961:43.24,S3-883707396:43.24,S3-909073926:43.24,S3-912440727:43.24,S3-493740402:43.24,S3-141588185:43.24,S3-982569349:43.24,S3-75380692:43.24,S3-466555452:43.24,S3-960505084:43.24,S3-949319184:43.13,S3-653362497:42.62	ok
S1-11535729	India	Yamuora Wood Limited	Haveli, Maharashtra, Plot No 24 Srno 23 Flat, Pune, A-401, Venkatesh Mirabel	S2-768067636	60.055992	20	S3-716254103	108.64721	20	108.64721	S2-768067636:60.06,S2-342617705:46.66,S2-674018808:46.66,S2-909393075:46.08,S2-100835925:45.67,S2-541383781:44.67,S2-168230527:44.14,S2-613575024:43.80,S2-375956077:43.49,S2-65415284:43.38,S2-861737141:43.37,S2-729246252:42.54,S2-137025175:42.40,S2-823808830:42.17,S2-696420406:42.01,S2-223983366:41.63,S2-470422232:41.61,S2-872064364:41.61,S2-32496788:41.53,S2-977557460:41.22	S3-716254103:108.65,S3-584718148:47.40,S3-792346939:47.17,S3-361488011:46.26,S3-611017980:45.10,S3-966181218:44.73,S3-798190244:44.13,S3-728383244:43.98,S3-426307178:43.21,S3-601036914:43.01,S3-63895078:42.99,S3-685888715:42.62,S3-471849209:42.59,S3-937863570:42.21,S3-266362818:42.19,S3-600390795:41.88,S3-73474167:41.85,S3-140644323:41.81,S3-902577287:41.64,S3-524064404:41.41	ok
S1-862782345	US	Glyphify Battery	915 3rd Street, Correctionville, IA	S2-596231027	60.116734	20	S3-103502878	47.084877	20	60.116734	S2-596231027:60.12,S2-348994989:45.80,S2-386968668:45.45,S2-438410764:45.45,S2-738507189:44.96,S2-907658776:43.63,S2-123629418:43.18,S2-708343458:43.14,S2-439621253:40.47,S2-483930251:40.47,S2-719547401:40.05,S2-572682997:40.03,S2-45874479:40.03,S2-979160213:40.03,S2-940174436:40.03,S2-86383434:40.03,S2-300780553:40.03,S2-466486379:40.03,S2-153500933:40.03,S2-385030843:40.03	S3-103502878:47.08,S3-403222136:47.08,S3-697794939:46.39,S3-632642869:46.22,S3-835495972:42.51,S3-612028567:39.87,S3-763331104:39.87,S3-580769780:39.87,S3-843117199:39.87,S3-536880315:39.87,S3-581980083:39.87,S3-138572170:39.87,S3-732084194:39.87,S3-276783443:39.87,S3-242529804:39.87,S3-228330293:39.87,S3-848342959:39.87,S3-971885655:39.87,S3-683270544:39.87,S3-992929583:39.87	ok
S1-715793897	India	Swadhinta Propmart Private Limited	Vasai, Thane, Maharashtra, Valaipada, Gala No. 1 Keshav Chawl	S2-64475117	86.11817	20	S3-874140652	56.404694	20	86.11817	S2-64475117:86.12,S2-339747238:52.73,S2-908672378:46.72,S2-542570578:46.36,S2-160569226:46.04,S2-296950906:45.77,S2-75202396:45.72,S2-920869065:45.70,S2-868748375:45.52,S2-731436536:45.35,S2-383003492:45.31,S2-134813019:45.22,S2-21733979:44.82,S2-527275261:44.82,S2-635717764:44.54,S2-391180250:44.04,S2-832531982:43.73,S2-102516614:43.55,S2-357512296:43.19,S2-692953948:43.19	S3-874140652:56.40,S3-492888504:52.13,S3-893674058:51.12,S3-315807052:50.26,S3-182399006:49.57,S3-552409721:49.57,S3-715485018:48.78,S3-956962165:47.19,S3-417865626:46.19,S3-214217959:45.29,S3-494021652:45.19,S3-623683430:45.15,S3-591861792:44.59,S3-23086627:44.35,S3-230354713:44.05,S3-921043057:43.62,S3-620729353:43.21,S3-43917116:42.98,S3-766794914:42.98,S3-983593817:42.98	ok
S1-652793889	India	Jain Business	Delhi, F/F Katra Shanshai, Chandni Chowk, North Delhi, 1946-B, Delhi	S2-19359156	59.95192	20	S3-268110407	98.08031	20	98.08031	S2-19359156:59.95,S2-714295037:58.91,S2-723145373:58.70,S2-99343140:55.93,S2-587800019:55.24,S2-712114711:49.27,S2-625569857:48.35,S2-617541968:47.54,S2-599436332:47.33,S2-718611116:47.05,S2-77239407:46.32,S2-578233753:46.31,S2-691840622:45.86,S2-506303475:45.82,S2-675050032:45.82,S2-600909700:45.75,S2-215342731:45.62,S2-66278034:45.15,S2-684318241:45.11,S2-487818272:44.96	S3-268110407:98.08,S3-1258645:53.49,S3-913948939:49.54,S3-836102232:49.49,S3-536441935:48.53,S3-740113475:48.21,S3-975815866:47.47,S3-827259533:46.53,S3-687312292:46.50,S3-962797484:46.48,S3-543074725:45.78,S3-701026255:45.59,S3-913570112:45.54,S3-315064529:45.49,S3-332729153:45.32,S3-314528012:44.83,S3-23032486:44.75,S3-561670993:44.75,S3-154273898:44.73,S3-989316743:44.67	ok
S1-34035620	India	Swa Holdings Ltd	98, At Post Palashi, Nandurbar, Maharashtra	S2-109668769	89.41021	20	S3-965580685	83.78146	20	89.41021	S2-109668769:89.41,S2-479593166:57.73,S2-104121833:55.82,S2-188281827:48.88,S2-817428641:48.88,S2-695989426:48.88,S2-943540954:47.77,S2-570047293:43.47,S2-88487501:43.38,S2-471274909:41.53,S2-933974517:41.53,S2-89438814:39.14,S2-969397082:37.98,S2-252485419:37.98,S2-280072004:37.98,S2-684378244:37.98,S2-810935477:37.38,S2-703153055:36.88,S2-551674807:36.81,S2-706718434:36.50	S3-965580685:83.78,S3-759204950:58.68,S3-561058316:51.44,S3-102163151:50.89,S3-456977080:43.73,S3-743095722:41.66,S3-218104542:41.27,S3-42768209:38.75,S3-845338907:38.75,S3-473616256:38.34,S3-601680494:38.34,S3-629572420:38.04,S3-928675212:37.25,S3-917759418:37.21,S3-961263844:37.21,S3-578596374:37.21,S3-147267401:34.98,S3-568635773:34.50,S3-156376630:34.50,S3-843716695:34.50	ok
S1-443612575	India	High Engineering Private Limited	Thane, Village Dapoda, Taluka Bhiwandi, Maharashtra, 287, Bhiwandi	S2-866271987	81.477585	20	S3-927203216	50.04134	20	81.477585	S2-866271987:81.48,S2-850274825:52.95,S2-164565474:52.01,S2-356215534:50.05,S2-170443623:48.70,S2-904313460:48.62,S2-952549673:48.62,S2-166185785:47.73,S2-764605633:47.58,S2-242324939:47.58,S2-278475883:47.58,S2-878016008:47.57,S2-410773375:46.74,S2-332959196:46.65,S2-231579663:46.24,S2-823131307:46.24,S2-846859165:46.24,S2-545273699:46.23,S2-85332014:45.40,S2-585107652:45.28	S3-927203216:50.04,S3-850474432:46.19,S3-912902541:46.19,S3-286011265:46.19,S3-487658666:46.11,S3-422666938:46.11,S3-63999491:46.11,S3-948480436:46.11,S3-810301716:46.11,S3-568330255:46.11,S3-682430691:46.11,S3-804332792:46.11,S3-891962445:46.11,S3-318924300:46.11,S3-817179492:45.38,S3-75309087:45.38,S3-956662785:45.38,S3-369413640:45.38,S3-466241953:45.38,S3-431754045:45.35	ok
S1-370422395	US	Corri Isaacson Cable Inc	39481 466th Street, IL, Chambersburg	S2-136033630	102.82003	20	S3-937057276	113.19662	20	113.19662	S2-136033630:102.82,S2-970215178:99.67,S2-263469290:97.23,S2-181830898:91.80,S2-774092071:90.16,S2-562845559:69.67,S2-554165668:65.45,S2-224759343:48.19,S2-250053854:48.19,S2-571202377:45.47,S2-691622813:44.42,S2-505086307:44.39,S2-870110053:42.10,S2-995015039:42.10,S2-171896648:42.10,S2-64484091:41.95,S2-963192488:41.27,S2-601731793:39.88,S2-368045744:39.21,S2-579052771:39.21	S3-937057276:113.20,S3-834741209:101.77,S3-408864177:90.60,S3-69125317:86.06,S3-852790375:81.84,S3-483970259:81.46,S3-959903778:46.75,S3-486589835:46.75,S3-265204859:44.45,S3-724924876:44.20,S3-134013181:44.20,S3-522205434:43.73,S3-23185208:41.86,S3-52683307:40.03,S3-624804674:39.93,S3-515744647:39.90,S3-179171679:39.90,S3-264335575:39.80,S3-276141742:38.80,S3-977511921:38.75	ok
S1-804869465	US	Federal Auto Repair	772 Frontier Drive, Bunker Hill, WV	S2-675260354	56.79387	20	S3-963751690	75.98928	20	75.98928	S2-675260354:56.79,S2-649550893:52.56,S2-703085202:51.63,S2-499014931:51.15,S2-235193288:51.04,S2-887098053:51.04,S2-805115048:51.04,S2-691807291:50.73,S2-824831352:50.73,S2-187532906:50.71,S2-977804818:50.71,S2-424511181:50.71,S2-8190926:50.47,S2-209068858:50.15,S2-45295603:49.16,S2-820882216:48.92,S2-217161337:48.92,S2-758219545:48.92,S2-685534926:48.88,S2-792777320:48.88	S3-963751690:75.99,S3-87543227:60.23,S3-268203301:57.03,S3-588414593:51.79,S3-536137020:51.79,S3-42789093:51.40,S3-454163785:49.62,S3-488972351:49.57,S3-448111877:49.18,S3-421763173:48.98,S3-147844048:48.95,S3-975402360:48.95,S3-924380571:48.95,S3-904296341:48.77,S3-648531145:48.74,S3-242421417:48.74,S3-756010326:48.50,S3-868264733:48.42,S3-17103865:47.28,S3-7863872:47.24	ok
S1-433242372	India	Parthasarathy Global Private Limited	Kamal Kunj, First Floor, Central Avenue Road, Chembur, Mumbai, Mumbai City, Maharashtra	S2-690063852	55.29562	20	S3-14471466	97.66228	20	97.66228	S2-690063852:55.30,S2-876459954:54.36,S2-811422793:49.99,S2-841082473:49.00,S2-419411528:47.68,S2-841489460:47.55,S2-499278630:45.08,S2-441357774:43.74,S2-572388050:43.55,S2-562834531:43.12,S2-545675987:42.78,S2-899113794:42.24,S2-356464961:42.10,S2-263080703:41.46,S2-844715138:41.44,S2-803146295:41.44,S2-631174761:41.42,S2-102360535:40.99,S2-525624241:40.25,S2-204724417:40.00	S3-14471466:97.66,S3-768844264:88.87,S3-863883923:54.92,S3-164881418:52.72,S3-116169144:52.43,S3-472775738:52.26,S3-35543284:50.46,S3-275405629:47.42,S3-774031436:45.11,S3-234277879:44.67,S3-449193276:42.11,S3-710395354:41.53,S3-784719053:41.51,S3-121918654:41.03,S3-198078742:40.10,S3-843131009:39.81,S3-925750032:39.36,S3-998617649:38.59,S3-241028104:38.53,S3-123636593:38.47	ok
S1-816751500	India	Unique Food	Plot No 63, Sy No 41, Kavuri Hills, Gb Pet, Shaikpet, Hyderabad, Telangana	S2-443856542	75.427315	20	S3-912151158	54.313377	20	75.427315	S2-443856542:75.43,S2-146107550:61.49,S2-886534385:52.98,S2-638747714:52.98,S2-680566782:49.94,S2-507164645:49.49,S2-589831066:49.28,S2-124069892:48.26,S2-217737903:47.27,S2-567433273:47.21,S2-817411098:46.64,S2-630321524:45.45,S2-857098682:44.50,S2-711056294:44.24,S2-295225146:43.74,S2-408460113:43.74,S2-538196358:43.73,S2-260702416:43.73,S2-47146660:43.73,S2-554612029:43.73	S3-912151158:54.31,S3-409813584:52.23,S3-892266222:49.97,S3-336521877:49.32,S3-770369980:48.70,S3-352128056:48.59,S3-56547502:47.12,S3-485885335:45.74,S3-373051794:45.47,S3-40521749:45.07,S3-51642703:44.55,S3-797985813:44.55,S3-430784637:44.49,S3-547147107:44.41,S3-697311990:44.28,S3-105026373:44.05,S3-221232299:43.41,S3-386630085:43.34,S3-255324351:42.82,S3-361393487:42.79	ok
S1-151214382	US	Zhao, Lincoln and Giles LLC	2629 140th Avenue, Douglas County, NE	S2-178973517	110.90539	20	S3-258507863	89.56017	20	110.90539	S2-178973517:110.91,S2-908234930:48.38,S2-795406580:46.73,S2-574677820:46.43,S2-418520077:46.02,S2-720683774:46.02,S2-325382061:45.99,S2-816764655:45.39,S2-287197322:44.57,S2-711864183:44.57,S2-257282024:44.19,S2-300882610:43.46,S2-661420201:43.46,S2-659413063:43.46,S2-156697550:43.46,S2-532793440:43.42,S2-373212792:43.14,S2-761734669:43.14,S2-71273694:43.04,S2-710434930:43.04	S3-258507863:89.56,S3-775099235:53.23,S3-495834564:51.18,S3-733770985:47.84,S3-446467225:47.81,S3-239909365:46.68,S3-972384625:46.67,S3-911262696:46.48,S3-829580730:46.48,S3-530387546:45.32,S3-641307752:45.32,S3-668953191:45.32,S3-77170878:45.32,S3-391414281:45.32,S3-351372997:44.79,S3-48447911:44.56,S3-371342917:44.37,S3-278653170:44.19,S3-709369221:44.07,S3-866030692:44.05	ok
S1-147228858	US	MJ Pineapple Inc	9620 Utica Place, Upper Marlboro, MD	S2-533538601	93.6431	20	S3-660402996	88.54807	20	93.6431	S2-533538601:93.64,S2-580781360:46.76,S2-939686018:41.03,S2-253648515:40.02,S2-787624854:39.37,S2-297268857:38.97,S2-491547815:38.97,S2-878512350:38.78,S2-938148212:36.94,S2-659105126:36.80,S2-335681894:36.09,S2-103867285:35.99,S2-332305680:35.72,S2-224279128:35.70,S2-336507163:35.70,S2-756474451:35.70,S2-486361770:35.70,S2-71860715:35.70,S2-938334544:35.70,S2-757371900:35.70	S3-660402996:88.55,S3-965256614:41.76,S3-634199505:39.46,S3-311811394:39.13,S3-864531260:39.00,S3-339659693:37.62,S3-366818803:36.77,S3-806820410:35.93,S3-687541441:35.93,S3-50928774:35.93,S3-643250363:35.93,S3-673191461:35.93,S3-306952157:35.93,S3-859414275:35.93,S3-92167311:35.93,S3-330947977:35.93,S3-910397172:35.93,S3-852026125:35.93,S3-759250478:35.93,S3-618815629:35.93	ok
S1-370643168	India	Anand Business Private Limited	No 1773, 15Th Main Road Banashankari 2Nd Stage, Bengaluru, Bangalore, Karnataka	S2-855353221	82.71025	20	S3-226176542	52.95005	20	82.71025	S2-855353221:82.71,S2-725838027:58.09,S2-149781466:53.40,S2-963900785:51.96,S2-316410872:51.74,S2-349125922:51.63,S2-207764922:51.60,S2-901923806:51.32,S2-780119494:51.17,S2-958371542:50.96,S2-922371524:50.74,S2-278479948:50.42,S2-876916487:50.42,S2-27936502:50.41,S2-834399150:50.40,S2-111444740:50.40,S2-505652741:50.22,S2-40021549:49.98,S2-999890912:49.60,S2-728677506:49.32	S3-226176542:52.95,S3-72725740:52.43,S3-208523824:50.19,S3-626479262:50.14,S3-260646116:49.78,S3-595058180:48.47,S3-147520945:48.43,S3-186058928:48.37,S3-186252098:48.28,S3-891521875:47.91,S3-535868056:47.74,S3-690343546:47.39,S3-935770993:47.35,S3-521425637:47.26,S3-667986263:47.22,S3-357314681:46.91,S3-866783518:46.82,S3-723954403:46.51,S3-205063595:46.50,S3-969059360:46.45	ok
S1-402235090	India	Jay Business Private Limited	Shastri Nagar, Nayabazar, Cuttack, Orissa	S2-385139374	71.748245	20	S3-837636917	49.092857	20	71.748245	S2-385139374:71.75,S2-274595730:50.16,S2-96532322:49.31,S2-356514993:49.31,S2-291501495:48.19,S2-901941252:48.19,S2-209625470:48.19,S2-887210159:47.87,S2-432239035:47.47,S2-743373519:45.76,S2-470764981:45.21,S2-844846455:45.21,S2-699266872:45.21,S2-666081863:45.21,S2-246439172:45.10,S2-437687502:43.91,S2-510479448:43.91,S2-394840352:43.90,S2-819091714:43.90,S2-148799652:43.90	S3-837636917:49.09,S3-797184983:48.47,S3-988271713:46.19,S3-220326371:46.19,S3-84989872:46.19,S3-488130579:45.22,S3-592262902:45.22,S3-788704758:45.22,S3-422199207:45.21,S3-118271649:45.21,S3-757564358:45.21,S3-526343960:45.05,S3-743860123:45.05,S3-859819464:44.15,S3-216876354:44.15,S3-670511692:44.15,S3-163708184:44.15,S3-558193724:44.15,S3-375010836:44.15,S3-556508226:44.15	ok
S1-41253581	India	My Marketing Private Limited	No.25, Tnhb, Phase-Ii, Tirupattur, Vellore, Tamil Nadu	S2-843296490	54.99585	20	S3-792232281	55.000397	20	55.000397	S2-843296490:55.00,S2-324900960:51.23,S2-128080490:51.15,S2-708263483:49.64,S2-459407777:49.53,S2-906911022:49.32,S2-822573076:49.32,S2-692421830:49.32,S2-227346347:49.32,S2-654173871:49.31,S2-974750706:49.31,S2-832526487:49.14,S2-784563831:48.78,S2-159614131:48.59,S2-673903566:48.37,S2-548696339:48.36,S2-218594086:48.36,S2-695670219:48.36,S2-881324665:47.13,S2-888974378:47.12	S3-792232281:55.00,S3-326174700:51.36,S3-478140249:51.35,S3-824205009:51.33,S3-10987044:48.99,S3-141148808:48.71,S3-881785852:48.61,S3-821284972:48.52,S3-653804106:48.51,S3-231705734:48.44,S3-141977670:48.43,S3-906547476:48.16,S3-141327087:48.11,S3-701599860:47.16,S3-456907128:46.75,S3-619995363:46.74,S3-477207550:46.74,S3-779112554:46.74,S3-750459288:46.74,S3-925844371:46.74	ok
S1-170324291	US	Gipson Family Practice	1377 Bedford Avenue, Brooklyn, NY	S2-356823081	84.68698	20	S3-371911797	66.475494	20	84.68698	S2-356823081:84.69,S2-414957349:66.21,S2-37657162:65.93,S2-918444268:62.68,S2-967497800:54.69,S2-852947482:53.48,S2-49930916:53.45,S2-543665486:50.08,S2-570200838:49.76,S2-912952802:49.76,S2-429418245:49.76,S2-589853095:49.76,S2-548155598:49.25,S2-550653913:48.60,S2-570324450:48.43,S2-129827884:48.17,S2-244831499:46.56,S2-778705268:46.55,S2-996954899:46.44,S2-371667138:46.44	S3-371911797:66.48,S3-346344492:50.24,S3-212802428:49.16,S3-619267873:49.00,S3-359510443:48.93,S3-326230682:47.67,S3-952517799:47.25,S3-913460696:47.08,S3-370661774:46.81,S3-763440403:46.79,S3-187762442:46.62,S3-130753046:46.38,S3-270608218:46.38,S3-391963630:45.97,S3-423853725:45.97,S3-691551387:45.97,S3-962256184:45.97,S3-520007454:45.61,S3-370483955:45.27,S3-981794733:45.11	ok
S1-602396990	US	Gardner Signature Home Care Co	2512 Laurel Valley Lane, Arlington, TX	S2-883307200	44.31335	20	S3-26612670	73.03561	20	73.03561	S2-883307200:44.31,S2-463717572:44.12,S2-16928700:42.62,S2-825907516:42.04,S2-936869519:41.44,S2-953523366:41.08,S2-532907392:40.30,S2-711414402:39.74,S2-368198948:39.74,S2-601539:39.74,S2-363933533:39.74,S2-715124045:39.53,S2-939606509:39.48,S2-94555779:39.34,S2-78109654:39.20,S2-673624610:39.20,S2-279149617:39.20,S2-584242087:39.20,S2-453591343:39.17,S2-169959350:38.91	S3-26612670:73.04,S3-188113724:46.27,S3-668750088:43.25,S3-645447727:43.21,S3-294192898:42.67,S3-628595573:42.24,S3-293663659:41.69,S3-970720641:40.84,S3-521455155:40.65,S3-913047261:40.48,S3-726579924:39.91,S3-449911109:39.60,S3-511016237:39.60,S3-202924036:39.60,S3-513727525:39.60,S3-214596646:39.60,S3-777973920:39.60,S3-555923312:39.60,S3-49492685:39.37,S3-388676743:39.14	ok
S1-62488802	US	Summit Charter School LLC	3762 Chickadee Court, Cincinnati, OH	S2-916469293	74.23771	20	S3-332375627	57.315403	20	74.23771	S2-916469293:74.24,S2-876431981:61.82,S2-177548606:60.75,S2-580655288:60.75,S2-945980122:60.71,S2-80467395:56.91,S2-148044428:56.91,S2-872019345:56.91,S2-61448669:56.87,S2-851939015:56.87,S2-370495465:56.77,S2-258788131:56.77,S2-602258114:56.77,S2-217304727:54.33,S2-796904298:51.52,S2-237748750:51.20,S2-120655698:51.20,S2-863502983:50.95,S2-667633552:50.61,S2-623301406:50.61	S3-332375627:57.32,S3-839389237:57.32,S3-626229913:57.32,S3-596648355:57.32,S3-131060948:57.32,S3-194498717:57.32,S3-790959234:57.24,S3-30074716:57.18,S3-328826082:54.88,S3-747758988:51.69,S3-373109691:51.57,S3-466550707:51.57,S3-738041960:51.02,S3-926338281:51.02,S3-276920777:51.02,S3-819879325:51.02,S3-443909349:51.02,S3-42766940:51.02,S3-762785040:51.02,S3-453809669:51.02	ok
S1-641484914	US	Heart Council LLC	600 4512, Fl 0, Decatur, TX	S2-217466722	54.285313	20	S3-730154925	66.08655	20	66.08655	S2-217466722:54.29,S2-128991194:53.31,S2-98112454:53.31,S2-296686646:53.12,S2-400543566:51.00,S2-812578004:51.00,S2-847189163:51.00,S2-341122107:50.95,S2-94508071:50.95,S2-343369113:50.95,S2-772711717:50.95,S2-692325841:50.05,S2-717684654:50.05,S2-479410496:50.05,S2-958050123:50.05,S2-806288779:50.05,S2-718084511:50.05,S2-629079358:50.05,S2-440139402:50.05,S2-992506781:50.05	S3-730154925:66.09,S3-72576363:66.09,S3-670297856:60.78,S3-695113765:51.95,S3-499006703:51.09,S3-887612597:51.09,S3-707106769:50.97,S3-923774769:50.97,S3-203816036:50.97,S3-966455675:50.16,S3-385201529:50.16,S3-290132569:50.16,S3-564160016:50.16,S3-523241651:50.16,S3-424320726:50.16,S3-192412799:50.16,S3-719500696:50.16,S3-872608302:50.16,S3-948089649:50.16,S3-582807878:50.16	ok
S1-470537359	India	Aryan Lifesciences Pvt Ltd	Flat No. 56, Banu Apartments, Moledina Road, Camp, Pune, Maharashtra	S2-954215056	102.9703	20	S3-149827813	48.557907	20	102.9703	S2-954215056:102.97,S2-159769990:51.59,S2-102972262:49.79,S2-895780353:49.58,S2-126067298:49.58,S2-942229362:47.56,S2-61689213:47.52,S2-633403474:47.12,S2-395731789:47.12,S2-327739598:45.42,S2-858445751:44.98,S2-709983114:44.81,S2-412608773:44.67,S2-410574638:44.67,S2-61747093:44.67,S2-955656209:44.53,S2-252549848:44.41,S2-478604180:44.36,S2-115308441:44.20,S2-473770315:43.84	S3-149827813:48.56,S3-912149811:48.53,S3-41894712:48.04,S3-999668243:47.49,S3-179023234:45.26,S3-320881255:45.12,S3-190338483:45.11,S3-517023382:44.94,S3-549076571:44.91,S3-197015636:44.54,S3-818756966:44.12,S3-801752291:43.91,S3-495048815:43.50,S3-622592847:43.05,S3-225989299:43.04,S3-639407496:43.04,S3-921219253:43.04,S3-107343491:43.04,S3-872191101:43.04,S3-366508056:43.04	ok
S1-111127362	US	Johnson, Gutierrez & Long Inc	745 Willie Varnum Road, Dothan, AL	S2-650763431	51.829643	20	S3-724360495	92.017	20	92.017	S2-650763431:51.83,S2-197598529:50.13,S2-7164178:47.15,S2-226860470:47.12,S2-714364563:46.85,S2-141964722:46.12,S2-236096777:45.02,S2-150919260:44.72,S2-125875861:43.88,S2-795284713:42.18,S2-392472697:41.51,S2-423423559:41.37,S2-942600433:40.08,S2-535666146:39.77,S2-306725823:39.38,S2-88433739:39.04,S2-516448067:39.02,S2-433460451:38.75,S2-620552505:38.75,S2-465068744:38.56	S3-724360495:92.02,S3-71290789:88.88,S3-55654159:57.38,S3-333626224:53.19,S3-944200603:50.27,S3-854251255:45.19,S3-158265171:44.92,S3-858688219:44.28,S3-832849964:44.25,S3-578282442:44.07,S3-42454798:42.56,S3-160866676:42.56,S3-379287597:40.56,S3-700236830:40.23,S3-956634599:40.23,S3-867909429:39.26,S3-493147198:39.26,S3-755467886:39.26,S3-898901036:39.23,S3-391289643:39.23	ok
S1-277528618	US	Latectech Valley LLC	TN, Greeneville, 402 Mt Bethel Road, Unit 15	S2-866330780	86.382065	20	S3-726337187	65.99326	20	86.382065	S2-866330780:86.38,S2-659006635:86.38,S2-509156552:65.40,S2-995580522:64.39,S2-635105384:63.56,S2-613568591:63.56,S2-878328500:63.56,S2-220802157:63.05,S2-266480156:63.05,S2-802649099:55.88,S2-541472166:55.88,S2-394094054:55.88,S2-708174336:55.88,S2-221253211:55.75,S2-886533896:50.14,S2-681863813:50.14,S2-705793478:46.60,S2-711462137:46.60,S2-439033087:46.04,S2-996717094:46.04	S3-726337187:65.99,S3-85063778:65.50,S3-123495203:65.50,S3-172686776:65.06,S3-498892733:63.26,S3-394897606:63.26,S3-225922533:63.07,S3-551319631:63.07,S3-790506846:63.07,S3-321787865:62.58,S3-308034089:62.58,S3-974656458:62.58,S3-756653566:62.58,S3-52940795:62.41,S3-993154877:62.41,S3-554531498:58.79,S3-355948302:58.07,S3-13567533:58.04,S3-890234600:55.56,S3-121883060:55.46	ok
S1-554022731	US	Global Charities of Cooperstown	702 Rollin Avenue, ND, Cooperstown	S2-249995532	72.61142	20	S3-230074148	66.404686	20	72.61142	S2-249995532:72.61,S2-412715040:70.97,S2-301691015:67.16,S2-468534017:64.22,S2-780147665:61.32,S2-527433304:61.03,S2-108920219:60.42,S2-125374293:59.56,S2-477667909:55.96,S2-215458909:53.01,S2-591798473:49.08,S2-984360036:45.46,S2-393947406:41.98,S2-157577665:41.98,S2-216184268:41.98,S2-361723940:41.98,S2-348117968:41.98,S2-560358507:41.98,S2-914843015:41.98,S2-791903628:41.98	S3-230074148:66.40,S3-538177111:64.45,S3-439640509:59.35,S3-392064785:56.98,S3-975314403:56.05,S3-712430098:52.90,S3-521196269:46.15,S3-291052872:45.68,S3-161372315:45.50,S3-320422248:43.47,S3-115638480:41.76,S3-425317444:41.76,S3-560967724:41.76,S3-771587259:41.76,S3-756024763:41.76,S3-460354286:41.76,S3-788715141:41.76,S3-561733262:41.76,S3-33758586:41.76,S3-912722557:41.76	ok
S1-259898560	India	Blue It Private Limited	Office No. 102, V-79, 52 A First Floor, Vijay Block Laxmi Nagar, Shahdara, Delhi	S2-463577398	52.364307	20	S3-485448816	54.0774	20	54.0774	S2-463577398:52.36,S2-759501348:48.24,S2-465187340:47.46,S2-553661051:46.82,S2-523579458:46.60,S2-105326016:46.59,S2-126929731:46.42,S2-116256029:45.51,S2-149121758:45.28,S2-38575968:45.05,S2-404137008:44.94,S2-360039697:44.85,S2-120319037:44.85,S2-37277011:43.84,S2-793010366:43.45,S2-841031422:42.96,S2-974615780:42.89,S2-825596405:42.63,S2-203647348:42.42,S2-123061183:42.29	S3-485448816:54.08,S3-23694944:52.57,S3-668409706:47.29,S3-418873835:47.07,S3-751386326:47.00,S3-377371863:46.84,S3-287021978:45.89,S3-456894234:45.66,S3-570682415:45.50,S3-13948806:45.37,S3-76549123:44.66,S3-213154661:44.66,S3-163327519:44.46,S3-455404642:44.22,S3-817316267:44.21,S3-649040340:44.11,S3-873357977:43.97,S3-960916160:43.88,S3-206056251:43.64,S3-390764288:43.35	ok
S1-379895428	India	North Consulting Private Limited	Kerala, No.14/496, Parayil House, Muppini, Edakkara, Nilambur, Malappuram, Malapuram	S2-303234792	77.966675	20	S3-840558850	49.279327	20	77.966675	S2-303234792:77.97,S2-188425596:54.53,S2-520450748:53.91,S2-313041892:49.08,S2-411798453:47.21,S2-107554802:47.03,S2-563892116:46.36,S2-152037518:46.31,S2-173901233:46.19,S2-106437239:45.55,S2-267415358:45.40,S2-786813587:45.37,S2-269573631:43.96,S2-94475480:43.96,S2-357936451:43.93,S2-743878137:43.93,S2-429600605:43.92,S2-330422303:42.68,S2-778329044:42.23,S2-513821230:42.09	S3-840558850:49.28,S3-432970354:48.65,S3-550158837:47.81,S3-718625356:46.50,S3-291551851:46.46,S3-149100384:46.01,S3-902178327:45.71,S3-411904126:45.50,S3-710459445:45.49,S3-578313451:45.23,S3-56097950:45.10,S3-154932743:45.08,S3-23971791:45.06,S3-976508601:44.32,S3-29747185:44.32,S3-867403308:44.18,S3-293527461:44.07,S3-670577219:44.05,S3-943602232:43.99,S3-684816759:43.97	ok
S1-689184317	US	MJ Colonial Superior	831 Cloverview Avenue, Cincinnati, OH	S2-9878326	82.3299	20	S3-162280615	71.41925	20	82.3299	S2-9878326:82.33,S2-952208643:68.84,S2-32251220:61.52,S2-414570020:61.52,S2-879927865:61.52,S2-85120566:49.76,S2-816522249:44.51,S2-817809569:42.00,S2-920706178:41.86,S2-580781360:41.03,S2-939686018:41.03,S2-95331472:40.70,S2-605170494:38.15,S2-348163074:38.01,S2-355789422:38.01,S2-806659109:38.01,S2-26679511:38.01,S2-550827419:38.01,S2-347609089:37.78,S2-465302947:37.78	S3-162280615:71.42,S3-103562781:69.71,S3-625166919:62.10,S3-608134583:62.10,S3-353267956:50.60,S3-1462800:45.04,S3-243333308:43.68,S3-897198048:43.62,S3-965256614:41.76,S3-143197063:39.80,S3-311811394:39.13,S3-763672005:38.29,S3-46966837:38.29,S3-740412396:38.29,S3-492907980:38.29,S3-683668846:38.29,S3-368839218:38.29,S3-627190291:38.25,S3-220057084:38.25,S3-592588205:35.89	ok
S1-379766079	US	Urology Gulf Physicians, Inc.	2948 6th Avenue, Port Arthur, TX	S2-78304654	67.12523	20	S3-831200151	57.77678	20	67.12523	S2-78304654:67.13,S2-268089959:56.76,S2-176881536:56.48,S2-604061379:51.12,S2-954756254:49.14,S2-637031586:49.13,S2-372756873:48.92,S2-675223992:48.86,S2-356255709:48.86,S2-131405315:48.67,S2-261714547:48.65,S2-97740152:48.65,S2-268189504:48.46,S2-279172214:47.55,S2-370526479:46.98,S2-260997946:46.73,S2-387948988:46.73,S2-635011574:46.61,S2-829739132:46.50,S2-891780969:46.49	S3-831200151:57.78,S3-397356179:56.90,S3-428272184:50.65,S3-834662337:49.95,S3-904345366:49.20,S3-966350129:48.83,S3-909867714:48.74,S3-200937062:46.98,S3-40583667:46.96,S3-70287618:46.71,S3-71270468:46.49,S3-410192813:46.49,S3-635244208:46.31,S3-876218611:46.30,S3-386189777:46.14,S3-597944949:46.13,S3-318602766:45.97,S3-969952993:45.68,S3-219148049:45.68,S3-685073515:45.68	ok
S1-820649363	India	Gold Systems Limited	25A, Nawab Building, 02Nd Floor, 327 D.N. Road, Opposite Thomas Cook, Fort, Mumbai, Maharashtra	S2-271156095	60.56204	20	S3-312787590	48.153294	20	60.56204	S2-271156095:60.56,S2-172055976:58.48,S2-630814117:51.71,S2-777648600:48.85,S2-913233850:47.12,S2-483270677:46.12,S2-387617684:46.01,S2-63296228:45.85,S2-480686586:43.87,S2-768740801:43.69,S2-81429166:43.16,S2-631018443:42.89,S2-905137322:42.53,S2-71497372:41.92,S2-156828664:41.77,S2-121296358:41.45,S2-67623844:41.40,S2-139835643:40.18,S2-609894950:39.93,S2-746732637:39.88	S3-312787590:48.15,S3-948511805:45.82,S3-31525491:45.66,S3-446342393:45.27,S3-349726261:45.18,S3-637401787:44.71,S3-685508680:44.62,S3-301646073:44.21,S3-986111723:44.21,S3-239378241:44.12,S3-202305549:44.12,S3-988447338:44.12,S3-424833765:43.46,S3-973538163:42.70,S3-116015659:42.57,S3-932972145:42.20,S3-565023566:41.97,S3-379044675:40.94,S3-836359080:40.93,S3-516324545:40.76	ok
S1-61644659	US	Aspen Cartesian LLC	7787 Mountain Estates Drive, Cottonwood Heights, UT	S2-730382801	43.563515	20	S3-394010933	69.764145	20	69.764145	S2-730382801:43.56,S2-706337865:42.10,S2-323004551:41.74,S2-738239562:41.11,S2-380451781:41.11,S2-148295100:40.96,S2-655944327:40.80,S2-435397413:40.80,S2-87299924:40.74,S2-719798305:40.70,S2-961457151:40.60,S2-723293439:40.60,S2-618678134:40.60,S2-905634700:40.60,S2-897326207:40.49,S2-666837243:40.45,S2-35642114:40.39,S2-277922245:40.18,S2-728945892:38.71,S2-938703528:38.53	S3-394010933:69.76,S3-289033141:67.18,S3-245254324:41.41,S3-103168501:41.18,S3-731020012:40.74,S3-211122511:40.73,S3-967165320:40.54,S3-198844928:40.53,S3-431763284:40.53,S3-295181954:40.53,S3-61017585:40.42,S3-517402165:40.42,S3-103476171:40.33,S3-166205338:40.33,S3-944424360:39.98,S3-835015095:38.70,S3-736873270:38.40,S3-884295959:38.24,S3-670936503:38.00,S3-761562007:38.00	ok
S1-199010460	US	Autism Assistance Charities	275 Cocke Street, Lawrenceburg, TN	S2-762779258	87.08678	20	S3-150378309	79.97844	20	87.08678	S2-762779258:87.09,S2-685045006:71.90,S2-422400577:71.66,S2-527966700:71.48,S2-430949475:68.74,S2-765507453:68.74,S2-944841732:68.74,S2-180071502:68.74,S2-615298704:68.51,S2-596549658:68.51,S2-603356129:68.51,S2-794689658:68.51,S2-116027641:68.51,S2-969498689:68.51,S2-323237500:68.51,S2-162206996:68.51,S2-51782400:68.51,S2-74891603:68.51,S2-84904402:68.51,S2-266087114:68.51	S3-150378309:79.98,S3-533180005:72.48,S3-38903958:69.35,S3-658249862:69.35,S3-238716021:69.35,S3-457015277:69.35,S3-407991345:69.35,S3-538455929:69.35,S3-819232691:69.35,S3-133374606:69.35,S3-384702062:69.35,S3-316179843:69.35,S3-54451678:69.35,S3-401668062:69.35,S3-965222050:69.32,S3-208462849:69.32,S3-617859139:69.32,S3-102420664:69.32,S3-923579575:69.32,S3-631196927:69.32	ok
S1-201173263	US	Choice Semiconductor Concepts	23839 Myrtle Glen Way, California, MD	S2-825482721	91.22466	20	S3-444980828	49.31956	20	91.22466	S2-825482721:91.22,S2-566756316:50.96,S2-197132385:49.63,S2-972638305:49.24,S2-820262372:49.00,S2-815769890:48.79,S2-243586390:48.63,S2-537465748:47.45,S2-413195348:44.80,S2-331879195:44.80,S2-721868641:44.80,S2-143739912:44.80,S2-140839647:44.80,S2-825553492:44.80,S2-988288162:44.80,S2-634037806:44.80,S2-309956740:44.80,S2-367361154:44.60,S2-513714827:44.60,S2-29465063:44.60	S3-444980828:49.32,S3-594001500:48.88,S3-475640737:48.88,S3-60318185:48.88,S3-964631283:46.64,S3-919597974:46.24,S3-665216173:46.00,S3-435900425:45.02,S3-529635661:45.02,S3-646901036:45.02,S3-32525022:45.02,S3-166009943:45.02,S3-302848380:45.02,S3-748098051:45.02,S3-565655994:44.87,S3-503098992:44.87,S3-307256490:44.87,S3-721429602:44.87,S3-483614255:44.87,S3-186370072:44.87	ok
S1-325455672	US	Sterling Royal Peace, LLC	9112 15th Avenue, Seattle, WA	S2-946627929	46.876343	20	S3-225797612	65.210434	20	65.210434	S2-946627929:46.88,S2-139237272:46.85,S2-453146127:45.53,S2-113394599:44.45,S2-249262476:42.56,S2-203444777:42.56,S2-489221778:42.21,S2-795629194:41.40,S2-731503159:41.01,S2-167293172:40.47,S2-647331625:39.59,S2-501699216:39.59,S2-383071442:39.59,S2-844444922:39.53,S2-444939023:39.53,S2-851213581:39.53,S2-407114788:39.53,S2-425483891:39.53,S2-115797209:39.53,S2-122848643:39.50	S3-225797612:65.21,S3-941323248:46.77,S3-52166335:46.55,S3-681520173:46.55,S3-851297865:46.55,S3-199174613:46.50,S3-755978099:46.50,S3-346147056:45.58,S3-188584537:45.58,S3-740347274:45.42,S3-642656191:44.28,S3-27943498:42.93,S3-360307906:42.27,S3-401387702:42.27,S3-869026507:42.27,S3-485900887:42.27,S3-717118182:42.27,S3-195962197:42.27,S3-29724789:42.15,S3-856657724:41.60	ok
S1-166278119	US	Lana Stein Compania	373022 960 Road, Castle, OK	S2-238873697	100.72562	20	S3-143519086	102.596466	20	102.596466	S2-238873697:100.73,S2-651731163:42.24,S2-295946340:41.80,S2-636350833:41.32,S2-953326420:39.31,S2-984004181:38.69,S2-958009119:38.34,S2-775397813:37.48,S2-328198949:37.42,S2-463912900:37.28,S2-606832416:37.28,S2-716082626:37.06,S2-991013625:36.96,S2-481549372:36.83,S2-357657353:36.82,S2-468269057:36.82,S2-486438339:36.78,S2-311238518:36.78,S2-101817829:36.60,S2-594286863:36.60	S3-143519086:102.60,S3-567131344:42.53,S3-730657225:42.00,S3-658813387:42.00,S3-126001247:42.00,S3-160109842:41.98,S3-9412735:39.39,S3-37212864:39.39,S3-392515101:38.56,S3-516610597:38.29,S3-653667770:38.18,S3-592855886:38.12,S3-373106595:37.83,S3-264141678:37.47,S3-693680594:36.92,S3-341693597:36.82,S3-356828871:36.82,S3-940714569:36.13,S3-974263988:36.13,S3-115399242:36.13	ok
S1-368076974	US	Romero, Wilhelmine A., DO	1508 Kensington Avenue, Kansas City, MO	S2-716105690	46.362324	20	S3-737351463	96.82924	20	96.82924	S2-716105690:46.36,S2-640240267:46.11,S2-120991512:44.47,S2-329278902:44.44,S2-821172222:42.16,S2-204069497:42.14,S2-184072738:41.69,S2-803037451:41.27,S2-466810858:41.27,S2-465756888:40.89,S2-388299722:40.39,S2-33750665:39.08,S2-776274673:38.95,S2-819977386:38.73,S2-154587972:38.55,S2-616329178:38.55,S2-926031718:38.47,S2-926457496:38.26,S2-193094258:38.05,S2-642337742:38.02	S3-737351463:96.83,S3-823361479:79.53,S3-568299835:51.77,S3-974367843:48.26,S3-489112803:47.56,S3-900052903:46.65,S3-783124804:46.60,S3-227162668:46.60,S3-804176175:45.16,S3-625405891:45.03,S3-398070052:42.97,S3-397357634:41.73,S3-620882871:40.21,S3-922641870:39.88,S3-366981478:39.39,S3-755366413:39.17,S3-683819574:38.44,S3-299816948:38.31,S3-56352395:38.19,S3-618792263:37.31	ok
S1-973571844	US	Continental Prairie Solid Corp	349 Williams Street, Ronceverte, WV	S2-590258586	85.732864	20	S3-328816980	66.949234	20	85.732864	S2-590258586:85.73,S2-32507256:57.86,S2-238470312:46.22,S2-294152612:46.11,S2-830071429:46.11,S2-501082004:46.11,S2-958177984:45.98,S2-220390883:44.38,S2-417815959:44.05,S2-303801034:43.70,S2-454948241:43.70,S2-269201077:43.20,S2-999793431:42.87,S2-552784520:41.01,S2-847788004:40.86,S2-8620205:39.90,S2-462146194:38.95,S2-458125795:38.76,S2-926317145:38.76,S2-423442320:38.76	S3-328816980:66.95,S3-844140420:65.44,S3-289448114:58.02,S3-803168074:52.83,S3-341249352:46.32,S3-981175772:46.32,S3-462414847:46.06,S3-599492253:46.06,S3-808877925:44.13,S3-725109033:44.06,S3-159623223:44.06,S3-773228452:43.51,S3-347977528:43.35,S3-772928191:43.26,S3-372182394:41.05,S3-548812724:40.96,S3-155661667:38.98,S3-230595013:38.98,S3-308788160:38.98,S3-949399879:38.82	ok
S1-959177398	US	Peak Liberty Hyperliquid	1125 River Place Boulevard, City Of Waukesha, WI	S2-948329537	53.242344	20	S3-3923964	85.12672	20	85.12672	S2-948329537:53.24,S2-829304628:53.23,S2-733572513:52.46,S2-222986572:51.38,S2-439385504:48.12,S2-131271806:46.61,S2-849259660:46.54,S2-210041967:43.82,S2-116156664:43.52,S2-36301280:43.45,S2-115454959:43.45,S2-250743878:43.45,S2-835551301:43.40,S2-707317778:42.55,S2-500059946:42.44,S2-697276776:42.07,S2-193182938:41.89,S2-873047463:41.46,S2-550106255:41.46,S2-744975092:41.46	S3-3923964:85.13,S3-577222881:79.20,S3-831200319:53.53,S3-671868174:53.53,S3-42062551:49.73,S3-873102195:49.50,S3-632798705:47.64,S3-789711884:47.36,S3-6711969:47.29,S3-836893048:47.29,S3-48059968:46.93,S3-496193795:43.62,S3-291242429:43.62,S3-375354131:43.62,S3-127789242:43.60,S3-846025983:43.60,S3-722481393:43.51,S3-984323761:43.18,S3-568412403:42.37,S3-842290606:42.37	ok
S1-645109748	US	Nichole Townsend Newhold	1722 Blakeley Road, Aurora, NY	S2-908337150	45.4121	20	S3-239601014	103.786964	20	103.786964	S2-908337150:45.41,S2-701969343:42.71,S2-321349097:40.49,S2-768657161:40.49,S2-524366148:40.28,S2-652786163:40.11,S2-343505027:39.91,S2-278731923:39.71,S2-893272596:39.55,S2-49080828:37.88,S2-210638047:37.69,S2-135945891:37.64,S2-678411801:37.47,S2-825370312:37.47,S2-351575880:37.42,S2-140309367:36.82,S2-866043047:36.48,S2-53292965:36.48,S2-909506333:36.48,S2-793240483:36.48	S3-239601014:103.79,S3-368148789:91.50,S3-394879278:45.11,S3-492396609:41.37,S3-601934155:40.83,S3-499885121:40.83,S3-933558035:40.21,S3-645343033:39.71,S3-222120958:38.01,S3-664553538:37.47,S3-474063934:37.22,S3-213253621:36.92,S3-441080218:36.92,S3-38355432:36.81,S3-750440750:36.81,S3-394972679:36.62,S3-138174063:36.62,S3-458453059:36.53,S3-741022271:36.27,S3-458897041:36.27	ok
S1-314878886	US	Professional Industrial Digital LLC	16264 Sunnydale Drive, IL, Charleston	S2-350916078	88.164314	20	S3-555748761	84.05164	20	88.164314	S2-350916078:88.16,S2-257902484:51.21,S2-859534849:50.55,S2-842415198:48.58,S2-828826920:48.58,S2-858621447:48.58,S2-40242291:48.58,S2-102756805:48.58,S2-960788660:48.58,S2-704661517:47.74,S2-880801727:46.29,S2-929692936:46.19,S2-872715064:45.89,S2-393048567:45.75,S2-73044127:45.75,S2-685647712:45.75,S2-230006278:45.75,S2-219619528:45.69,S2-662123768:45.69,S2-125119686:45.69	S3-555748761:84.05,S3-223865452:50.50,S3-285865687:50.50,S3-698334916:48.84,S3-466400506:48.84,S3-136753963:48.59,S3-209665949:48.59,S3-367482080:48.59,S3-424050058:48.59,S3-680304129:47.96,S3-510782753:45.80,S3-497560115:45.76,S3-272096154:45.76,S3-337455313:45.76,S3-439181758:45.64,S3-574118122:45.50,S3-581204015:45.50,S3-551193816:45.45,S3-670559487:45.45,S3-592817078:45.45	ok
S1-993910935	US	Vanguard Asset Corporation LP	Ofallon, 1151 Cypress Point Drive, MO	S2-841626110	69.13569	20	S3-638409159	71.373344	20	71.373344	S2-841626110:69.14,S2-837080459:54.23,S2-289184946:49.53,S2-673778830:48.23,S2-266029123:48.22,S2-833910252:48.22,S2-530993530:44.31,S2-914854234:43.43,S2-115672616:42.63,S2-972881954:42.63,S2-623838767:42.58,S2-577850837:42.58,S2-19155796:41.05,S2-406918270:40.33,S2-926150148:40.33,S2-468655035:40.33,S2-87901225:40.33,S2-115521031:40.04,S2-356104535:40.04,S2-68365701:39.62	S3-638409159:71.37,S3-156192213:46.15,S3-650023088:43.98,S3-425441695:43.48,S3-733332576:43.48,S3-519489300:43.48,S3-203859965:43.36,S3-812836805:43.36,S3-588636752:43.36,S3-911206447:43.36,S3-918726775:42.73,S3-467520198:41.00,S3-981151862:40.73,S3-852736454:40.00,S3-435007336:39.78,S3-670467472:39.59,S3-551529618:39.16,S3-284350860:39.14,S3-946291719:38.94,S3-199724109:38.75	ok
S1-710808951	US	Patterson Strategic Aerospace, Inc	Chesterfield County, VA, 5807 Stanbrook Drive	S2-979813217	82.14657	20	S3-910199627	69.3698	20	82.14657	S2-979813217:82.15,S2-961795352:68.14,S2-241183527:68.14,S2-31303785:61.06,S2-581220830:51.40,S2-782945761:48.10,S2-653881584:48.10,S2-459628832:48.08,S2-246746451:48.08,S2-624897664:48.08,S2-270527204:44.53,S2-472615939:44.53,S2-537258829:44.53,S2-368920133:44.53,S2-39937970:44.52,S2-102780310:42.12,S2-837694941:42.12,S2-924996490:42.12,S2-501134902:42.12,S2-674481945:42.12	S3-910199627:69.37,S3-196370771:68.88,S3-595815160:59.30,S3-462259487:49.05,S3-19975459:48.42,S3-882064242:48.42,S3-39634734:48.42,S3-969574500:48.28,S3-465233036:48.28,S3-495656731:48.21,S3-472018607:47.08,S3-586060517:46.27,S3-742169668:45.69,S3-337728741:44.91,S3-341332088:44.91,S3-122964078:44.91,S3-609472328:44.80,S3-334384415:44.80,S3-394986683:44.52,S3-309170312:42.47	ok
S1-348250542	US	Melendez Oceanhawk Clinic	314 Golden Road, Wilmington, NC	S2-842535254	63.68547	20	S3-952545985	67.073296	20	67.073296	S2-842535254:63.69,S2-18114611:58.26,S2-169483054:58.26,S2-929056606:42.96,S2-726217462:42.42,S2-797607894:42.42,S2-804126054:42.42,S2-14577228:41.91,S2-645920979:41.45,S2-457515939:41.45,S2-233552549:39.17,S2-435777604:38.96,S2-543057974:38.32,S2-788425508:38.15,S2-84495272:37.73,S2-975431028:37.46,S2-961889066:37.35,S2-60306703:37.27,S2-954653449:37.21,S2-466567275:37.21	S3-952545985:67.07,S3-777338687:59.79,S3-101298280:58.81,S3-164020661:58.80,S3-182040630:41.62,S3-298430968:39.00,S3-3739652:38.68,S3-561197832:38.22,S3-409570678:37.95,S3-722945581:37.70,S3-377160736:37.70,S3-445808368:37.68,S3-962866172:36.95,S3-956495670:36.22,S3-281430560:35.76,S3-933501183:35.76,S3-646851091:35.76,S3-586318277:35.76,S3-911312489:35.76,S3-156122539:35.76	ok
S1-146222269	India	Shiva Builders Private Limited	C-72, Block-C, East Delhi, Delhi	S2-466463463	59.44571	20	S3-593047460	56.73756	20	59.44571	S2-466463463:59.45,S2-966034946:59.04,S2-342174288:55.66,S2-995929153:54.61,S2-473316628:54.51,S2-138691811:52.58,S2-857126735:52.58,S2-59541025:51.12,S2-261215613:51.12,S2-591808132:51.12,S2-465237575:51.06,S2-384273064:51.06,S2-812735892:50.32,S2-58968555:50.32,S2-973495558:49.50,S2-445931470:49.46,S2-364646996:49.45,S2-236083460:49.45,S2-706659864:49.35,S2-321432547:49.35	S3-593047460:56.74,S3-346286157:55.25,S3-769546975:53.35,S3-653093038:52.11,S3-768048085:51.38,S3-175924608:51.08,S3-412478845:50.88,S3-978072183:49.55,S3-165624747:49.55,S3-847055407:49.55,S3-415216804:48.87,S3-37309331:48.44,S3-712599769:48.39,S3-901210652:48.14,S3-435198214:48.14,S3-134869034:48.14,S3-217615631:48.14,S3-963179225:48.14,S3-199628930:48.08,S3-998285009:47.77	ok
S1-672347037	India	FGW Consulting Private Limited	#822 Sector 11, Panchkula, Haryana	S2-406206477	50.77626	20	S3-518140759	80.98201	20	80.98201	S2-406206477:50.78,S2-657088093:49.01,S2-911583504:48.11,S2-896344589:48.11,S2-927571159:47.55,S2-744688749:42.92,S2-742157452:42.12,S2-584901984:41.58,S2-954288953:40.77,S2-842532530:40.62,S2-864200761:40.24,S2-18849485:39.65,S2-332374716:39.25,S2-536560981:38.14,S2-398158301:38.10,S2-863540887:37.73,S2-911720538:37.73,S2-185532478:37.46,S2-595665211:36.72,S2-246457306:36.72	S3-518140759:80.98,S3-437072294:77.57,S3-341932888:50.62,S3-297601558:48.47,S3-493672805:43.18,S3-143116273:40.53,S3-29632437:40.14,S3-772229983:39.43,S3-53681865:38.36,S3-227724316:38.36,S3-536609725:38.36,S3-679185695:38.34,S3-857295587:37.49,S3-663616374:37.11,S3-779066346:36.95,S3-129714670:36.61,S3-371515764:36.60,S3-204084400:35.39,S3-565391946:35.13,S3-179803053:35.09	ok
S1-969592637	US	Alika Wolf, Esq.	148 Confederate Circle, Mountain Home, AR	S2-912258799	114.0768	20	S3-163509625	88.322105	20	114.0768	S2-912258799:114.08,S2-623689656:108.60,S2-840401673:87.66,S2-367618944:87.20,S2-647632286:77.96,S2-337915617:77.56,S2-696067328:75.24,S2-815955936:74.74,S2-151494275:70.20,S2-731688311:69.83,S2-579235555:65.45,S2-984810254:42.44,S2-492076858:39.84,S2-367531169:39.55,S2-892535574:39.29,S2-722042637:39.12,S2-164280787:39.02,S2-456343929:38.47,S2-742564152:36.73,S2-169807747:36.13	S3-163509625:88.32,S3-895566588:88.32,S3-366996390:88.06,S3-635608482:78.63,S3-601841201:78.40,S3-369588763:78.40,S3-255863479:78.40,S3-930025313:75.86,S3-260699412:70.85,S3-46623698:70.65,S3-686761140:70.65,S3-973040267:66.24,S3-623098573:58.65,S3-931274328:42.28,S3-806056385:42.00,S3-993617967:40.47,S3-402857937:39.65,S3-50292610:39.63,S3-17255057:39.63,S3-23371722:39.15	ok
S1-756106655	US	Hanna Uranium Center	5333 Quarry Side Drive, Sylvania, OH	S2-11445101	46.39726	20	S3-974947040	66.12558	20	66.12558	S2-11445101:46.40,S2-427684681:42.41,S2-9701318:41.72,S2-104201882:41.42,S2-241168656:41.39,S2-518566559:40.38,S2-184988289:40.33,S2-843189038:40.17,S2-483932745:40.01,S2-928709849:39.58,S2-186826853:38.12,S2-978842836:37.83,S2-830544287:37.83,S2-561402640:37.15,S2-90892528:37.11,S2-634273218:36.70,S2-426590085:36.70,S2-705479720:36.70,S2-248992733:36.70,S2-108893224:36.70	S3-974947040:66.13,S3-654373445:62.41,S3-904728791:48.14,S3-823912502:46.20,S3-924515540:42.20,S3-894888906:41.59,S3-396087536:41.59,S3-502221022:40.66,S3-771858290:40.37,S3-39268391:39.94,S3-690958889:39.12,S3-515320645:38.77,S3-408840533:38.07,S3-577307898:37.57,S3-752865815:37.16,S3-25829705:37.08,S3-486057975:36.63,S3-945657269:36.63,S3-294125:36.63,S3-826235916:36.63	ok
S1-130930191	US	Rev It Up Cafe	5215 Lavender Drive, Princeton, TX	S2-979207715	95.36222	20	S3-913677441	79.539955	20	95.36222	S2-979207715:95.36,S2-322861323:89.06,S2-304531410:79.62,S2-68423919:79.47,S2-546687188:79.26,S2-90201432:79.26,S2-683630386:76.23,S2-849648811:76.02,S2-228354139:75.94,S2-527538699:75.94,S2-753500498:75.94,S2-445339866:75.94,S2-277932573:75.94,S2-491293648:75.94,S2-337053837:75.94,S2-136928826:75.94,S2-198910526:75.94,S2-70456258:75.94,S2-627370487:75.94,S2-511752577:75.94	S3-913677441:79.54,S3-442896463:79.54,S3-572425043:79.54,S3-71762780:79.54,S3-588251155:79.10,S3-607487003:78.92,S3-206063440:76.20,S3-597353462:75.79,S3-980734938:75.79,S3-802060472:75.79,S3-9219754:75.79,S3-595187751:75.79,S3-427357809:75.79,S3-780511951:75.79,S3-300619371:75.79,S3-206297941:75.79,S3-116222015:75.79,S3-375380627:75.79,S3-440775586:75.79,S3-119809260:75.79	ok
S1-534203490	US	Trusted Bhav, LLC	3144 5th Street, Southern View, IL	S2-254496716	51.73373	20	S3-936595289	66.423546	20	66.423546	S2-254496716:51.73,S2-921371435:41.21,S2-72603787:40.48,S2-418039154:40.29,S2-624753511:40.15,S2-961547955:39.43,S2-883133703:39.14,S2-179631781:39.01,S2-63723399:39.01,S2-739438624:38.69,S2-214583360:38.66,S2-177604782:38.59,S2-876788416:38.59,S2-660989747:38.59,S2-646759542:38.59,S2-822445465:38.41,S2-921357632:38.41,S2-511358479:38.13,S2-780689779:38.13,S2-622104497:37.76	S3-936595289:66.42,S3-666372430:38.62,S3-70644213:38.39,S3-809668003:38.21,S3-226687271:38.19,S3-780909047:38.11,S3-454649243:38.03,S3-217315290:38.03,S3-971035783:38.03,S3-342032232:37.76,S3-142803019:37.55,S3-927711728:37.55,S3-305746269:37.53,S3-161074588:37.38,S3-251644693:36.66,S3-326882043:36.53,S3-257979151:36.53,S3-779294436:35.41,S3-91242212:35.41,S3-385978070:35.41	ok
S1-80214562	India	Out Consulting Public Limited	New Delhi, House No. 587 A Gali No. 6, Opposite Nathu Sweets, Govin, Dpuri, South Delhi, Delhi	S2-164504342	113.280685	20	S3-622951239	56.110706	20	113.280685	S2-164504342:113.28,S2-359952539:61.94,S2-427962407:57.24,S2-760787756:56.44,S2-15722962:56.01,S2-900822474:55.96,S2-426216551:55.13,S2-936185627:54.80,S2-667007501:54.52,S2-576016936:53.94,S2-452259489:53.84,S2-510891387:53.25,S2-252788450:52.84,S2-673050845:52.84,S2-651238622:52.84,S2-659720842:51.49,S2-203315601:51.49,S2-482509884:51.14,S2-896760599:50.44,S2-834472071:50.43	S3-622951239:56.11,S3-443177290:55.39,S3-835662918:55.18,S3-523341568:53.34,S3-20788027:53.13,S3-959830201:53.13,S3-359712652:52.91,S3-874828442:52.90,S3-543454548:52.46,S3-776266138:52.45,S3-780001572:52.19,S3-762022058:52.19,S3-294232057:51.59,S3-676932005:51.58,S3-259250755:50.91,S3-636763522:50.88,S3-844660804:50.83,S3-328385185:50.35,S3-489086773:50.30,S3-357666863:50.30	ok
S1-800335868	India	Mgd College Private Limited	Road No 1, Shed No 247, Gidc Kathwada, Gujarat, Ahmedabad	S2-11450550	94.70933	20	S3-452469810	77.46276	20	94.70933	S2-11450550:94.71,S2-585918098:53.10,S2-854402024:52.87,S2-738029275:51.33,S2-382190117:50.86,S2-925764142:49.42,S2-75487749:47.37,S2-899436791:47.10,S2-688790921:45.69,S2-686966870:45.68,S2-322607024:45.39,S2-393475830:44.87,S2-419370102:44.39,S2-534517558:42.86,S2-618414117:42.27,S2-507691933:41.79,S2-897164658:41.29,S2-716970012:41.13,S2-75692602:40.50,S2-10773881:39.92	S3-452469810:77.46,S3-458970642:52.00,S3-322877858:51.48,S3-280573631:45.29,S3-877179506:42.28,S3-395552516:40.80,S3-438531804:39.93,S3-108383766:39.28,S3-893066188:38.45,S3-389017012:38.38,S3-280144783:38.37,S3-813567426:38.25,S3-522636947:38.06,S3-157869914:38.06,S3-636608882:37.95,S3-603483543:37.77,S3-202008088:37.54,S3-914219881:37.40,S3-600954967:37.23,S3-4024634:37.21	ok
S1-222356070	India	Ina Chit Limited	Maharashtra, Thane, D 284 Vashi Plaza Sector 17 Vashi, Navi Mumbai	S2-84252363	48.5026	20	S3-621835453	106.878204	20	106.878204	S2-84252363:48.50,S2-955040067:47.35,S2-32091118:47.22,S2-531975538:46.40,S2-818998562:45.62,S2-86717493:45.53,S2-470028835:44.94,S2-977425708:44.74,S2-166330480:44.59,S2-753270687:44.32,S2-435903691:42.72,S2-123725775:42.35,S2-865795019:42.04,S2-132743395:41.65,S2-618629926:41.53,S2-428856339:41.48,S2-455338978:41.42,S2-527579151:41.36,S2-149836465:41.30,S2-135470723:41.06	S3-621835453:106.88,S3-439057839:54.57,S3-593968091:52.48,S3-961933481:52.12,S3-711018795:51.72,S3-105916037:48.60,S3-311827969:48.55,S3-644882379:47.55,S3-283090913:47.24,S3-427329829:45.83,S3-964665827:44.39,S3-655062364:44.32,S3-103978525:43.93,S3-303334829:43.93,S3-345645753:43.75,S3-78458901:43.21,S3-233293191:43.07,S3-252682397:42.66,S3-232712242:42.65,S3-17963929:41.91	ok
S1-935266202	US	CSR Cascade Intercontinental, Inc	168-48 Powells Cove Boulevard, Whitestone, NY	S2-597133270	88.71924	20	S3-778016323	112.246155	20	112.246155	S2-597133270:88.72,S2-893148896:48.53,S2-126498158:45.27,S2-875612323:41.94,S2-120426442:41.13,S2-962317302:40.78,S2-566381232:40.76,S2-86282774:38.32,S2-126641288:37.59,S2-84439445:37.50,S2-419649224:37.50,S2-78057218:37.43,S2-945985776:37.43,S2-208351327:37.23,S2-235823506:37.22,S2-841991512:36.90,S2-526217028:36.62,S2-911066340:36.62,S2-402711961:36.62,S2-741766437:36.12	S3-778016323:112.25,S3-503246188:41.14,S3-223749135:40.94,S3-511439063:40.10,S3-190633609:37.74,S3-66681047:37.74,S3-380807880:37.06,S3-790665977:36.85,S3-189047070:36.55,S3-767195602:36.31,S3-821310016:35.59,S3-520700127:35.53,S3-318085142:35.45,S3-507287251:35.45,S3-195942055:35.45,S3-451524798:35.45,S3-574408004:35.45,S3-926903837:35.45,S3-509358290:35.45,S3-453260650:35.45	ok
S1-56431129	US	American Alliance VI	219 Salem Street, Unit 3, Lowell, MA	S2-809773435	73.863625	20	S3-131799563	70.91132	20	73.863625	S2-809773435:73.86,S2-592103856:54.18,S2-424984525:49.46,S2-997717958:47.29,S2-967231109:46.59,S2-557134464:46.59,S2-888140713:46.20,S2-59894500:46.12,S2-608997530:45.97,S2-437577144:45.97,S2-659995911:45.97,S2-628337612:45.97,S2-922587758:45.97,S2-913119793:45.20,S2-615521244:45.09,S2-206101577:44.81,S2-64576053:44.72,S2-107207056:42.97,S2-989679248:42.97,S2-575984133:42.97	S3-131799563:70.91,S3-65493442:51.47,S3-292227455:47.61,S3-701143128:46.59,S3-519868248:46.44,S3-893975039:46.05,S3-540209409:45.74,S3-994044463:45.59,S3-829360675:45.55,S3-461549953:45.55,S3-418404500:45.39,S3-61363992:45.39,S3-88915655:45.39,S3-925586888:45.31,S3-992731420:44.20,S3-654898920:43.44,S3-225427801:43.19,S3-429561160:43.19,S3-675899398:43.19,S3-965119673:43.19	ok
S1-692520590	US	Valley Royal Oaktree LLC	7030 Calamo Street, Fairfax County, VA	S2-577640892	52.62356	20	S3-326769822	86.633255	20	86.633255	S2-577640892:52.62,S2-866304202:46.17,S2-361050149:45.96,S2-880239986:43.51,S2-103787273:40.70,S2-929766212:40.69,S2-229812311:40.61,S2-416554585:40.46,S2-598367954:40.34,S2-226583382:40.14,S2-784909760:39.69,S2-151106858:39.66,S2-117396252:39.59,S2-824104026:39.46,S2-902727402:39.43,S2-55378834:39.28,S2-379178081:39.10,S2-958618017:38.67,S2-811341136:38.48,S2-378691666:37.95	S3-326769822:86.63,S3-478154890:43.38,S3-24429588:42.02,S3-961620972:41.11,S3-953613625:40.79,S3-838995347:40.59,S3-994108106:40.13,S3-508082467:39.90,S3-39380123:39.44,S3-98317114:39.41,S3-335685059:39.08,S3-685093801:37.94,S3-827447597:37.94,S3-159330809:37.91,S3-354364309:37.79,S3-478748858:37.76,S3-196477011:37.76,S3-786359014:37.76,S3-583643612:37.71,S3-490476750:37.71	ok
S1-656037019	US	Finais Interests	Westfield, MA, 38 Springdale Street	S2-648451055	75.730995	20	S3-393175988	74.71671	20	75.730995	S2-648451055:75.73,S2-72820290:68.06,S2-752856826:67.99,S2-34500895:48.10,S2-136953185:43.99,S2-695808451:42.12,S2-656042849:36.98,S2-476151045:35.10,S2-618374808:35.10,S2-100759147:35.10,S2-135425502:35.10,S2-172615908:35.10,S2-349357063:34.87,S2-702901195:34.87,S2-352964779:34.87,S2-154703581:34.87,S2-43731376:34.45,S2-216072776:33.54,S2-431311234:33.34,S2-190469783:33.33	S3-393175988:74.72,S3-162606254:70.23,S3-904771845:65.50,S3-903426019:47.13,S3-319628252:41.32,S3-756926778:41.32,S3-997297335:36.90,S3-779692685:36.90,S3-77005937:36.78,S3-694069064:33.65,S3-423517338:32.62,S3-968184158:32.62,S3-480657580:32.62,S3-175137349:32.62,S3-484934081:32.62,S3-460806574:32.62,S3-883549515:32.58,S3-340404526:32.58,S3-786857302:32.58,S3-736990993:32.58	ok
S1-401668604	India	Parbatsar India LLP	Parbatsar, Khasra No. 373 Village Borawar, Rajasthan, Nagaur	S2-105761874	105.67099	20	S3-239689227	95.91473	20	105.67099	S2-105761874:105.67,S2-946069415:45.60,S2-543755689:44.58,S2-40894689:42.27,S2-617890421:40.08,S2-203384192:40.08,S2-680729063:39.97,S2-541760239:38.83,S2-8869345:36.42,S2-142370960:36.20,S2-194152990:34.76,S2-163425018:34.34,S2-534712157:34.07,S2-848171969:33.63,S2-662161745:33.23,S2-38277687:32.96,S2-618943760:32.79,S2-830517255:32.48,S2-1390832:32.34,S2-163350087:32.22	S3-239689227:95.91,S3-870351552:54.82,S3-815945958:52.30,S3-299139070:44.42,S3-820278383:43.26,S3-971740533:42.47,S3-306931555:40.41,S3-732538697:36.72,S3-803911479:36.08,S3-347371330:34.23,S3-104270459:33.75,S3-448097377:32.29,S3-422502701:32.12,S3-693312308:31.92,S3-654779657:31.89,S3-999941952:31.59,S3-931348081:31.47,S3-199751872:31.42,S3-859349027:31.31,S3-874520590:31.19	ok
S1-892077127	US	Miller and Vick Limited Inc	6111 Jacks Ally Lane, TX, Wallis	S2-201177816	102.63459	20	S3-837803772	47.76565	20	102.63459	S2-201177816:102.63,S2-433527229:90.72,S2-361626738:49.54,S2-770377600:46.90,S2-979713825:46.25,S2-912508576:45.83,S2-173311452:44.47,S2-423355223:44.09,S2-657087046:43.84,S2-362950693:43.79,S2-254945168:43.54,S2-797632994:43.02,S2-660734890:42.78,S2-901250260:41.27,S2-748176215:40.66,S2-187782932:40.48,S2-507015167:40.27,S2-834975352:39.70,S2-569776421:39.69,S2-917756312:39.67	S3-837803772:47.77,S3-996803971:44.40,S3-961611684:43.39,S3-30832983:43.39,S3-444705963:43.39,S3-671202939:42.52,S3-497078838:42.16,S3-155621263:41.11,S3-36828176:40.83,S3-857553486:40.83,S3-150287549:40.83,S3-852160661:40.83,S3-591528373:40.83,S3-444015457:40.83,S3-304749322:40.83,S3-597176104:40.71,S3-431994956:40.71,S3-376629367:40.52,S3-344212437:40.49,S3-518315022:40.43	ok
S1-279246477	US	Williams Signature Huntington, Inc	471 E Brandeis Ave, Unit 201, Louisville, KY	S2-334927105	91.893394	20	S3-738659397	93.72941	20	93.72941	S2-334927105:91.89,S2-832229081:49.06,S2-988350489:47.27,S2-244659970:47.27,S2-196409383:46.69,S2-318125783:46.69,S2-66949067:46.16,S2-164857545:46.05,S2-891641259:44.78,S2-534138646:43.43,S2-703617270:43.14,S2-855733374:42.32,S2-46301686:41.95,S2-978389941:41.58,S2-547219795:41.53,S2-828436304:41.53,S2-865949373:41.53,S2-688667441:40.87,S2-14383020:40.11,S2-349675041:39.50	S3-738659397:93.73,S3-24461223:53.37,S3-873620607:49.33,S3-113944831:49.33,S3-524325914:48.62,S3-869648875:46.79,S3-789802894:46.79,S3-102385929:45.44,S3-667786628:45.32,S3-555892544:43.96,S3-174962930:42.07,S3-661930391:41.84,S3-213638595:41.82,S3-547767316:41.66,S3-731030288:41.65,S3-966404379:40.83,S3-937612416:40.63,S3-467315817:40.41,S3-446105138:39.76,S3-462674455:39.53	ok
S1-879789469	US	Red Ice Cream Inc	5305 Saphire Court, Prince William County, VA	S2-368542129	75.9422	20	S3-1414034	69.4339	20	75.9422	S2-368542129:75.94,S2-824034080:70.10,S2-365087548:70.03,S2-582827908:65.54,S2-594556894:65.54,S2-819772210:65.54,S2-242187497:65.54,S2-753727543:65.54,S2-425602571:65.54,S2-902293387:65.54,S2-742287044:65.54,S2-344476728:65.54,S2-695311257:65.54,S2-598616447:65.54,S2-666225579:65.54,S2-766981062:65.54,S2-146662811:65.46,S2-98702573:65.46,S2-475944454:65.46,S2-848634619:65.46	S3-1414034:69.43,S3-979402354:65.31,S3-311088540:65.31,S3-67347444:65.31,S3-519727406:65.31,S3-764256684:65.31,S3-731519075:65.31,S3-901066069:65.31,S3-900187435:65.31,S3-81030791:65.31,S3-797867097:65.31,S3-898595909:65.31,S3-540774345:65.31,S3-168338190:65.31,S3-984263117:65.31,S3-965610408:65.31,S3-426294996:65.31,S3-753521485:65.31,S3-279580037:65.31,S3-241473280:65.31	ok
S1-292565290	US	Laverna Holden Publishing PC	OH, Harrison, 5084 Sandstone Circle	S2-94700773	83.56782	20	S3-468307340	95.000984	20	95.000984	S2-94700773:83.57,S2-128312207:83.18,S2-985354802:83.18,S2-20318614:83.18,S2-495274601:74.89,S2-654803065:61.06,S2-154982280:60.40,S2-690298970:41.71,S2-999635712:41.66,S2-207522188:41.66,S2-833525787:41.52,S2-522154948:41.37,S2-21238816:41.37,S2-90695694:41.37,S2-636918300:38.46,S2-791607922:37.93,S2-171098350:37.25,S2-781173387:37.25,S2-374238762:36.88,S2-731129632:36.88	S3-468307340:95.00,S3-149885352:86.83,S3-129516011:84.57,S3-76921373:84.57,S3-286138929:84.39,S3-137082129:61.77,S3-180700212:49.21,S3-99819712:45.82,S3-636596008:41.27,S3-539786010:41.27,S3-88327909:41.21,S3-480338269:41.21,S3-199647504:41.21,S3-346070813:41.21,S3-626619406:41.21,S3-900835284:38.62,S3-195583495:38.45,S3-400939810:37.49,S3-221869643:37.33,S3-532608321:37.07	ok
S1-452570117	India	Sunrise Ss Power Private Limited	Block No. 408/2/1, Near Samir Industries, Pipodra, Mangrol, Surat, Gujarat	S2-252781240	113.47146	20	S3-883918854	85.10689	20	113.47146	S2-252781240:113.47,S2-359948139:56.87,S2-967386959:55.71,S2-829204748:55.38,S2-304495837:54.97,S2-434860320:54.57,S2-339439535:54.31,S2-535208633:54.14,S2-611295387:53.99,S2-541652488:53.85,S2-91206047:53.01,S2-154046684:52.90,S2-495414143:52.80,S2-410348255:52.51,S2-303851339:52.51,S2-882372492:52.30,S2-653389678:52.30,S2-90074685:52.19,S2-410930629:52.16,S2-274098190:51.68	S3-883918854:85.11,S3-817346490:56.37,S3-76095250:56.03,S3-458738195:55.81,S3-711420695:54.65,S3-332911763:52.59,S3-933149993:52.42,S3-31133363:52.23,S3-905929947:52.10,S3-661471864:51.43,S3-593594840:51.39,S3-761248320:51.39,S3-398678700:51.07,S3-76481394:50.87,S3-639513155:50.66,S3-705654710:50.54,S3-847178404:50.37,S3-379297625:50.23,S3-673251768:50.23,S3-179461319:50.09	ok
S1-327436646	India	Xeno & Brothers	7, Udyog Gala No -104, S.V.Road, Goregaon (W), Mumbai, Maharashtra	S2-606523323	52.194096	20	S3-943525251	62.00891	20	62.00891	S2-606523323:52.19,S2-518607546:49.51,S2-771481013:43.99,S2-93481818:39.34,S2-9632760:35.04,S2-578246233:34.53,S2-534896148:33.65,S2-187114850:32.80,S2-436899032:32.24,S2-117572761:32.13,S2-311650300:31.67,S2-751921959:31.61,S2-123455414:31.21,S2-281283199:30.83,S2-610039491:30.63,S2-246994543:30.60,S2-941167876:30.58,S2-526116069:30.36,S2-942573723:30.11,S2-382362942:30.03	S3-943525251:62.01,S3-977850395:49.43,S3-868210031:47.74,S3-720583740:39.04,S3-570445661:37.26,S3-748791527:34.90,S3-546980322:34.71,S3-35411798:34.13,S3-406994593:33.41,S3-301620639:33.27,S3-823472970:32.35,S3-872305531:32.19,S3-769562783:32.11,S3-613530661:31.93,S3-606254589:31.85,S3-50545227:31.55,S3-133752386:31.52,S3-331096037:30.34,S3-677188434:30.32,S3-296868081:29.93	ok
S1-51572887	India	Sunrise Foundation Private Limited	29/1899, 2Nd Floor, Lpone Offices Llp, Kozhikode, V06, Kerala	S2-319917022	49.685555	20	S3-504595333	51.77892	20	51.77892	S2-319917022:49.69,S2-261566023:48.41,S2-370202845:47.85,S2-745863112:47.85,S2-85843559:47.75,S2-649089210:46.90,S2-598162098:46.72,S2-303655887:46.71,S2-603152802:46.71,S2-102787141:45.42,S2-240878460:45.26,S2-514399736:45.11,S2-872484275:43.28,S2-38572763:43.08,S2-133466699:43.00,S2-391247655:43.00,S2-279215490:41.67,S2-954352703:41.64,S2-35427816:41.63,S2-484524836:41.55	S3-504595333:51.78,S3-207521473:47.67,S3-677258408:47.64,S3-924352870:47.42,S3-910782893:46.93,S3-116681576:46.60,S3-964666313:45.52,S3-128508296:45.52,S3-862174433:45.52,S3-786882462:45.52,S3-354160257:45.52,S3-520553213:45.52,S3-25113331:45.52,S3-821064018:45.52,S3-752450749:44.63,S3-492301433:44.47,S3-182105747:44.47,S3-491798498:44.46,S3-304099302:43.32,S3-756865321:43.29	ok
S1-161277691	India	Life Products Private Limited	No 79 Hiremath Hospital Ghbs L/O Nagarabhavi Mn Rd, Vijayanagar, Bangalore, Karnataka	S2-975615684	50.712006	20	S3-502058761	99.47318	20	99.47318	S2-975615684:50.71,S2-539875478:50.06,S2-89506972:48.66,S2-253097306:48.66,S2-949473946:47.36,S2-399665856:47.14,S2-709255238:47.08,S2-913341620:47.08,S2-939441046:47.08,S2-682035635:46.35,S2-353025271:46.08,S2-49652502:45.98,S2-361245006:45.91,S2-163583455:45.91,S2-458719237:45.90,S2-703020942:45.84,S2-756301896:45.64,S2-593163039:45.50,S2-347872878:44.54,S2-760509225:44.34	S3-502058761:99.47,S3-880772257:98.58,S3-717868278:47.93,S3-307893265:46.92,S3-661577757:46.88,S3-681749940:46.62,S3-104012850:46.14,S3-495516292:46.12,S3-933285236:45.90,S3-546514048:45.89,S3-114698522:45.30,S3-23624019:45.30,S3-88555082:45.30,S3-672308383:45.30,S3-149001782:45.30,S3-84055395:45.30,S3-180517923:45.26,S3-794282766:45.26,S3-611134022:45.26,S3-744782853:45.04	ok
S1-839769910	India	Shree Investments Clinic	Shop No 16 Amrut Commercialcentre Sardarnagar Main Road, Rajkot, Gujarat	S2-707042362	60.82666	20	S3-907099469	79.84668	20	79.84668	S2-707042362:60.83,S2-329922687:47.73,S2-307704005:46.09,S2-152760757:44.33,S2-405213830:44.12,S2-559337491:42.64,S2-300598296:42.62,S2-619221825:42.13,S2-694443484:41.99,S2-567770017:41.90,S2-299938025:41.26,S2-306971353:40.88,S2-919855014:40.71,S2-508096213:40.63,S2-254515240:40.57,S2-40641221:40.51,S2-637874440:40.41,S2-544135859:40.40,S2-391090886:40.40,S2-815255051:40.02	S3-907099469:79.85,S3-320303585:49.43,S3-182085863:46.05,S3-854773426:44.35,S3-771736573:44.08,S3-111239711:42.80,S3-2516919:42.80,S3-789437863:42.76,S3-441717657:41.67,S3-56393088:41.62,S3-631485379:40.98,S3-417644578:40.81,S3-219273375:40.67,S3-175975888:40.62,S3-881184542:40.52,S3-711598045:40.49,S3-925817424:40.34,S3-335437513:40.18,S3-790734804:39.71,S3-64238735:39.58	ok
S1-632962511	US	Springfield Indonesia	48 Barnett Lane, Springfield, KY	S2-458211554	77.86233	20	S3-558810686	75.475784	20	77.86233	S2-458211554:77.86,S2-648081658:49.81,S2-930920423:42.42,S2-606932398:42.18,S2-935141523:41.26,S2-670029728:40.76,S2-55462246:40.76,S2-997959965:40.74,S2-709518921:40.74,S2-938170634:40.74,S2-799989062:40.74,S2-347534626:40.74,S2-129033900:40.74,S2-233400683:40.74,S2-574739657:40.74,S2-858328770:40.36,S2-321224976:40.35,S2-978060906:40.35,S2-873038088:40.32,S2-66018667:40.32	S3-558810686:75.48,S3-718964181:44.01,S3-176391386:41.38,S3-37978446:41.09,S3-865788338:40.93,S3-463571803:40.93,S3-446529577:40.93,S3-401840626:40.93,S3-282673807:40.93,S3-379358035:40.63,S3-971150309:40.54,S3-631269560:40.54,S3-539635855:40.18,S3-616144758:40.18,S3-800690999:40.18,S3-31284094:40.18,S3-208100619:40.18,S3-263593707:40.18,S3-57483842:40.18,S3-607769320:40.18	ok
S1-838887616	US	Quis Allied Health LLC	760 Walnut Avenue, Islip, NY	S2-213450238	85.46118	20	S3-62227073	70.39509	20	85.46118	S2-213450238:85.46,S2-225859567:51.88,S2-131216981:51.69,S2-38696399:51.68,S2-446383555:49.46,S2-291456662:48.10,S2-666093380:48.10,S2-770098027:48.05,S2-566472397:48.05,S2-971679465:47.07,S2-599405422:46.45,S2-443312127:45.76,S2-48191865:43.31,S2-223774258:43.31,S2-81342278:43.31,S2-408031263:43.28,S2-688856537:42.08,S2-648061764:41.33,S2-73557795:41.27,S2-964189619:41.27	S3-62227073:70.40,S3-737241327:49.81,S3-268330024:48.76,S3-908562445:48.76,S3-985168591:48.76,S3-742579952:48.06,S3-325216662:48.06,S3-429465281:47.29,S3-730833309:46.49,S3-547248237:44.55,S3-601661710:44.55,S3-749614820:42.14,S3-673371774:42.14,S3-780304104:42.14,S3-852606260:42.14,S3-205364233:42.14,S3-679783926:42.14,S3-78218420:40.84,S3-857327228:40.64,S3-428229623:40.64	ok
S1-648706946	India	Loknath Group of Companies	F 34/3New Okhla Industrial Area Phase-Ii, New Delhi, South Delhi, Delhi	S2-978792624	94.44791	20	S3-566769075	106.71711	20	106.71711	S2-978792624:94.45,S2-937858645:68.27,S2-119855913:63.52,S2-241966232:61.37,S2-44080756:60.75,S2-754966362:60.02,S2-147558464:59.93,S2-278470876:59.58,S2-237833051:59.51,S2-76569841:58.43,S2-249189099:58.23,S2-517247739:57.97,S2-479999739:57.79,S2-351879333:57.76,S2-2046908:57.24,S2-772230965:56.68,S2-278883722:56.30,S2-983642633:56.11,S2-531895091:55.98,S2-789711119:55.63	S3-566769075:106.72,S3-780316173:73.85,S3-149199318:69.44,S3-220302127:62.40,S3-849838746:61.03,S3-858791306:59.56,S3-555360130:59.51,S3-178832218:59.16,S3-427002828:58.38,S3-200529696:58.13,S3-552174379:58.03,S3-518916443:58.03,S3-679272999:57.08,S3-100991994:56.42,S3-147113261:56.36,S3-367299468:56.32,S3-85681470:56.09,S3-151348034:55.96,S3-15191740:55.91,S3-892369972:55.81	ok
S1-24957772	US	Drayium Can Care	217 Isabella Lane, Springtown, TX	S2-551136594	76.449425	20	S3-456944213	70.63226	20	76.449425	S2-551136594:76.45,S2-20764903:72.39,S2-848396360:69.83,S2-622068708:69.83,S2-296776476:69.83,S2-166823842:69.32,S2-32444836:69.32,S2-712257841:60.69,S2-122444321:42.57,S2-358969130:41.86,S2-101315915:41.35,S2-742041868:41.35,S2-356127645:39.84,S2-887935548:39.71,S2-830309233:39.04,S2-687289615:39.04,S2-494868894:39.04,S2-263422507:39.04,S2-842304215:39.04,S2-657125750:39.04	S3-456944213:70.63,S3-231427304:55.13,S3-514720059:46.83,S3-318235889:45.51,S3-806971117:42.65,S3-51001825:41.87,S3-572110724:39.61,S3-674576751:39.44,S3-112030490:39.44,S3-537970725:39.44,S3-277286306:39.44,S3-727535178:39.44,S3-240825092:39.44,S3-880860879:39.44,S3-526720933:39.44,S3-212672884:39.44,S3-915009128:39.44,S3-761806139:39.44,S3-642640438:39.44,S3-867018508:39.44	ok
S1-542747018	US	St. Church	460 Southern Cross Drive, Austin, TX	S2-933365283	57.754726	20	S3-203529052	59.997566	20	59.997566	S2-933365283:57.75,S2-439014551:56.62,S2-883841085:55.52,S2-6446051:54.00,S2-733562519:52.79,S2-291280017:52.64,S2-960276783:52.53,S2-474388220:51.86,S2-484258143:51.25,S2-854483153:51.08,S2-152732953:51.08,S2-710483092:51.06,S2-109491899:50.93,S2-396371464:50.87,S2-149224335:50.74,S2-340611928:50.74,S2-992088114:50.73,S2-76948768:50.71,S2-79743796:49.32,S2-752540077:49.32	S3-203529052:60.00,S3-142652763:58.07,S3-83325095:55.39,S3-528029163:54.49,S3-307371057:54.48,S3-638562747:54.48,S3-955097645:54.46,S3-224692975:51.08,S3-911952596:50.89,S3-809525529:50.70,S3-546069572:50.39,S3-885620184:50.25,S3-734183486:49.43,S3-794634773:48.23,S3-562687653:48.22,S3-542592352:47.86,S3-57429286:47.51,S3-91827207:47.51,S3-818447509:47.51,S3-700926678:47.51	ok
S1-844066886	US	Metcalf Systems	901 7th Avenue, Walla Walla, WA	S2-40850799	89.12667	20	S3-27154015	52.966743	20	89.12667	S2-40850799:89.13,S2-874326532:52.01,S2-250905164:45.40,S2-591567555:42.13,S2-586624795:41.66,S2-457556969:41.49,S2-741821830:41.31,S2-572373050:39.72,S2-168054806:39.41,S2-798699045:38.87,S2-263670552:38.43,S2-932378308:38.43,S2-914766694:38.43,S2-831556976:37.99,S2-807543062:37.90,S2-970888841:37.90,S2-78289826:37.90,S2-131796726:37.90,S2-392885386:37.90,S2-518209253:37.90	S3-27154015:52.97,S3-609485403:44.33,S3-293576454:39.30,S3-408122523:38.59,S3-163605176:38.59,S3-897280141:38.59,S3-399420164:38.59,S3-221197676:38.59,S3-404543136:38.59,S3-667689253:37.98,S3-445907802:37.92,S3-92744576:37.92,S3-491606912:37.86,S3-532228369:37.81,S3-846330583:37.56,S3-243453483:37.56,S3-689403167:37.56,S3-269138027:34.95,S3-396469013:34.94,S3-468411644:34.46	ok
S1-525583783	US	Otisfield Education Heritage Coalition	121 Coon Road, Otisfield, ME	S2-456826190	53.604424	20	S3-864614804	109.78751	20	109.78751	S2-456826190:53.60,S2-391738998:51.65,S2-777791577:50.58,S2-122043744:50.50,S2-613270178:49.30,S2-913163681:49.16,S2-135905212:49.05,S2-99050967:48.79,S2-436714294:48.69,S2-919773656:48.06,S2-760857190:46.94,S2-626247757:46.94,S2-473717373:46.94,S2-758243980:46.94,S2-138022292:46.94,S2-472108980:46.94,S2-213023142:46.94,S2-287054678:46.94,S2-466625689:46.94,S2-251083554:46.94	S3-864614804:109.79,S3-260397408:49.54,S3-120488154:49.54,S3-381614373:49.50,S3-258808776:49.40,S3-211053139:49.40,S3-496562054:49.36,S3-663189006:49.23,S3-45175974:48.55,S3-977645014:48.20,S3-633455856:47.88,S3-333405235:47.05,S3-34833224:47.05,S3-716325470:47.05,S3-534688183:47.05,S3-242306958:47.05,S3-977801132:47.05,S3-351616565:47.05,S3-111529018:47.05,S3-781806761:47.05	ok
S1-475294601	India	Balaji Premier It Private Limited	H1-832, Chopanki, Tijara (M), Bhiwadi, Chopanki, Alwar, Tijara, Chopanki, Alwar, Rajasthan	S2-268606591	88.08277	20	S3-137867781	107.53963	20	107.53963	S2-268606591:88.08,S2-774482068:75.73,S2-101162836:75.73,S2-514970737:75.73,S2-632577699:69.62,S2-904098676:69.52,S2-848833798:69.06,S2-217472321:65.09,S2-563827633:65.08,S2-708608413:64.05,S2-304055113:63.27,S2-554891301:63.14,S2-504049950:63.00,S2-73032434:62.10,S2-237094496:62.00,S2-814758677:60.18,S2-539361315:59.91,S2-117790091:59.51,S2-185845725:58.88,S2-824252010:57.54	S3-137867781:107.54,S3-874019765:107.54,S3-272681800:87.82,S3-853449283:87.02,S3-756697972:82.36,S3-450614065:81.00,S3-617080295:75.70,S3-706178089:75.14,S3-728992583:73.09,S3-10606348:70.55,S3-423107368:70.32,S3-334702217:70.24,S3-739279740:69.91,S3-535958929:69.82,S3-304175499:65.04,S3-263516784:63.40,S3-364831353:62.99,S3-692469335:60.98,S3-641420516:60.07,S3-385707485:58.28	ok
S1-48479328	US	1694 Park Street Management PLLC	4796 Bowfield Drive, Nashville, TN	S2-42593927	104.88375	20	S3-926893107	74.72841	20	104.88375	S2-42593927:104.88,S2-978443401:93.48,S2-226322762:78.63,S2-976221138:76.13,S2-694417993:58.27,S2-808079284:50.31,S2-174317843:49.96,S2-806465889:49.18,S2-113644978:49.18,S2-206609289:47.24,S2-572482177:47.03,S2-902651339:43.74,S2-317060011:43.74,S2-894506222:43.74,S2-543222224:43.74,S2-165707188:43.74,S2-700487854:43.55,S2-903648714:43.55,S2-320844863:43.44,S2-284750519:43.28	S3-926893107:74.73,S3-526439015:58.64,S3-914621862:54.83,S3-244895017:54.75,S3-597034800:50.25,S3-611390936:49.05,S3-796088098:48.94,S3-102892846:48.30,S3-228225624:46.70,S3-509451738:46.61,S3-93884874:44.58,S3-671694029:44.14,S3-629675612:44.06,S3-973573343:44.06,S3-923595309:44.06,S3-613736986:44.06,S3-313737157:44.06,S3-118732720:44.06,S3-547284347:44.06,S3-5847264:44.06	ok
S1-795128899	India	Natraj Welfare Society	C-26, Ameya Arcade, Near Mahatma Society Kothrud, Pune, Maharashtra	S2-501172530	109.67661	20	S3-819515681	64.04099	20	109.67661	S2-501172530:109.68,S2-770823189:103.78,S2-816960164:70.82,S2-908852185:63.73,S2-193343084:50.45,S2-708866797:49.46,S2-728270970:48.83,S2-571589406:48.41,S2-99972346:47.68,S2-56965289:47.22,S2-23238925:46.79,S2-608580482:46.79,S2-455651078:46.79,S2-740380343:46.79,S2-948092863:46.68,S2-164172906:46.34,S2-350161456:46.27,S2-344081590:46.24,S2-942513400:46.19,S2-284118108:46.07	S3-819515681:64.04,S3-378516699:63.88,S3-686715460:57.71,S3-457074162:51.96,S3-805946505:50.37,S3-570550323:49.61,S3-280521278:48.87,S3-259781432:48.72,S3-49208313:48.63,S3-473742798:48.08,S3-799163297:47.70,S3-225750979:46.86,S3-863832939:46.71,S3-49164486:45.59,S3-30669961:45.39,S3-430382088:45.37,S3-305036972:45.37,S3-135381884:45.22,S3-782959595:44.95,S3-797359360:44.95	ok
S1-176823315	India	Networth Memorial Trust	26, Lic Office Ke Samne, Rojha Road, Bikaner, Rajasthan	S2-486211213	123.71297	20	S3-671252175	112.95156	20	123.71297	S2-486211213:123.71,S2-47391371:76.39,S2-938255535:68.83,S2-650455750:61.98,S2-528313910:49.17,S2-670173934:49.09,S2-710677383:48.41,S2-179972603:48.26,S2-42785811:48.04,S2-752806536:47.70,S2-272835381:46.96,S2-590843755:44.96,S2-394305576:44.96,S2-267539916:44.69,S2-601068779:44.25,S2-670822382:44.23,S2-245682478:44.23,S2-994301220:44.09,S2-599374355:43.99,S2-337686320:43.79	S3-671252175:112.95,S3-596846608:69.43,S3-471864811:59.68,S3-926972972:46.21,S3-376490382:46.16,S3-800109483:46.15,S3-208224596:45.81,S3-16533953:45.38,S3-649493251:44.87,S3-452664537:44.47,S3-874032636:44.46,S3-502498101:43.49,S3-412990915:43.49,S3-464547230:43.23,S3-898174850:43.14,S3-535521834:43.08,S3-352784065:43.08,S3-788643395:43.08,S3-456062272:43.04,S3-618547938:43.01	ok
S1-872055628	India	Maheshwari Boards Private Limited	No.392, Raghavendra Nilaya, 9Th Main, 6Th Cross Avalahalli, Girinagar, B.S.K-3Rd Stage, Bengaluru, Bangalore, Karnataka	S2-976604589	125.65132	20	S3-86293854	55.658226	20	125.65132	S2-976604589:125.65,S2-237562710:62.04,S2-391181581:56.29,S2-371079678:51.45,S2-802088926:51.40,S2-987586899:49.65,S2-546615034:49.45,S2-362166858:48.85,S2-712446118:48.42,S2-250517188:48.42,S2-131838054:48.03,S2-707082817:47.94,S2-229637857:46.29,S2-254835399:46.04,S2-551948492:45.49,S2-136227584:45.10,S2-440216289:44.99,S2-770865485:44.48,S2-548064756:44.38,S2-443124422:44.28	S3-86293854:55.66,S3-144342792:51.32,S3-239174332:44.23,S3-968781537:44.06,S3-999424060:43.56,S3-714579142:43.52,S3-593014345:43.34,S3-740117473:43.33,S3-716398610:43.19,S3-627259917:43.10,S3-220853731:43.01,S3-182687226:43.00,S3-701726518:42.93,S3-910383490:42.80,S3-742488030:42.70,S3-741322799:42.70,S3-291466600:42.70,S3-47151083:42.48,S3-294152498:42.47,S3-391524916:42.39	ok
S1-142286605	India	Lakshmi Food Corp	Delhi, New Delhi, South Delhi, Second Floor, Between R-245-R-244, Greater Kailash, Part-1, Near Community, Center, H.No.R-273-G	S2-893182779	64.91408	20	S3-430855966	106.5877	20	106.5877	S2-893182779:64.91,S2-416408056:64.32,S2-83348913:61.24,S2-94085063:57.78,S2-200339327:54.63,S2-811318601:53.80,S2-879619190:53.14,S2-10224200:52.67,S2-810238698:52.29,S2-413613532:51.71,S2-145784532:51.60,S2-905454567:50.94,S2-438685359:50.94,S2-570649320:50.22,S2-133749324:49.87,S2-669488940:49.42,S2-917734988:48.38,S2-702546984:48.25,S2-238019597:48.23,S2-7917536:47.95	S3-430855966:106.59,S3-632817958:69.06,S3-526732052:67.84,S3-569188478:67.84,S3-534698539:67.84,S3-326415190:67.84,S3-587554022:62.86,S3-296247246:61.47,S3-32745315:60.86,S3-578226862:60.82,S3-620611253:60.56,S3-75469942:59.79,S3-165647686:59.64,S3-563851313:58.35,S3-186771506:57.87,S3-88240120:54.92,S3-909997301:53.30,S3-478723092:53.13,S3-884652074:52.81,S3-960496698:51.48	ok
S1-62476215	US	Ennet Preferred Venture Inc	31400 Meadow Lane, Davenport, WA	S2-643403393	92.58575	20	S3-185781980	56.720127	20	92.58575	S2-643403393:92.59,S2-142900423:53.26,S2-809558528:50.23,S2-63146447:50.23,S2-942017455:50.23,S2-582648802:49.11,S2-544965350:47.96,S2-950487635:47.96,S2-853256450:47.96,S2-283451364:47.96,S2-837378763:47.96,S2-903277939:46.87,S2-918087696:46.66,S2-725917979:46.66,S2-163767325:46.66,S2-794321206:46.66,S2-743492195:45.82,S2-219078335:44.70,S2-558873070:43.98,S2-54974165:43.98	S3-185781980:56.72,S3-733846088:52.91,S3-156210605:51.27,S3-661820342:51.27,S3-489322481:51.27,S3-424622297:50.38,S3-957219601:49.04,S3-413219464:48.01,S3-931806462:48.01,S3-900317698:48.01,S3-679427289:45.30,S3-736923516:44.95,S3-182711259:44.45,S3-466973239:44.17,S3-107316193:44.17,S3-108565952:43.01,S3-627460292:42.14,S3-323870961:42.14,S3-17112923:42.14,S3-553218762:42.14	ok
S1-318406268	US	Veterans Coalition LLC	3793 President Drive, Cincinnati, OH	S2-964427752	54.11268	20	S3-164109356	53.517025	20	54.11268	S2-964427752:54.11,S2-83320102:53.82,S2-497664058:53.82,S2-340490488:53.66,S2-699104892:53.60,S2-856746239:53.40,S2-513530369:53.23,S2-28164930:53.23,S2-365059002:52.94,S2-226891053:50.93,S2-915176469:50.93,S2-221869969:50.93,S2-252083294:50.93,S2-779886458:50.93,S2-856577195:50.93,S2-527611537:50.76,S2-454845014:50.76,S2-368063773:50.76,S2-560556396:50.76,S2-790523023:50.76	S3-164109356:53.52,S3-31069026:53.31,S3-117294297:51.20,S3-231385126:50.97,S3-947818627:50.97,S3-237899979:50.97,S3-684235132:50.91,S3-479223992:50.91,S3-608396399:50.91,S3-989323663:50.91,S3-848508286:50.91,S3-182727326:50.91,S3-3046022:50.91,S3-272853083:50.02,S3-454391387:50.02,S3-941960910:50.02,S3-412604806:50.02,S3-183700879:50.02,S3-134159153:50.02,S3-54878304:50.02	ok
S1-176341356	US	Urgent Care Clinic of Gold Canyon	6601 60, Unit 562, Gold Canyon, AZ	S2-807836888	90.53578	20	S3-863900609	97.203964	20	97.203964	S2-807836888:90.54,S2-361509894:85.37,S2-367439259:80.18,S2-710815779:76.69,S2-851810491:76.69,S2-122557341:71.58,S2-30894877:68.08,S2-501034174:65.36,S2-853718926:65.36,S2-286824644:62.94,S2-577832854:62.13,S2-924657918:61.15,S2-870588138:55.13,S2-555991544:55.01,S2-725015789:54.65,S2-569438165:53.37,S2-287149428:53.31,S2-702081827:53.31,S2-522928762:53.31,S2-862090665:53.31	S3-863900609:97.20,S3-397680009:74.13,S3-791034039:72.90,S3-723920094:70.91,S3-676671905:69.05,S3-737441511:68.32,S3-446865333:66.51,S3-961696538:58.28,S3-171365929:58.28,S3-715820781:57.21,S3-195486159:56.81,S3-152115692:53.70,S3-654815632:53.70,S3-492086237:53.59,S3-237207421:53.59,S3-34728418:53.59,S3-634062672:53.59,S3-2052489:51.85,S3-607967254:51.84,S3-522083482:51.81	ok
S1-896987342	US	Summit Modern Rio Inc	11412 238, Fl 1, Jacksonville, OR	S2-16333005	79.05186	20	S3-194811531	79.49583	20	79.49583	S2-16333005:79.05,S2-509303198:62.56,S2-951699073:43.64,S2-95260134:43.64,S2-773036611:41.12,S2-972672963:40.71,S2-313492352:40.49,S2-612187823:40.20,S2-146217321:39.88,S2-345671:39.70,S2-775549524:39.48,S2-123963370:39.48,S2-298069166:39.48,S2-542012596:39.19,S2-980302649:39.19,S2-200092828:39.10,S2-55969685:39.10,S2-896898716:38.89,S2-375206795:38.89,S2-112987494:38.89	S3-194811531:79.50,S3-611624739:46.20,S3-339218716:46.17,S3-949253638:43.89,S3-584737785:42.37,S3-769820405:42.28,S3-559647641:42.26,S3-903271927:41.63,S3-35381903:41.46,S3-341827322:40.39,S3-583026101:40.38,S3-658188230:39.63,S3-90557455:39.63,S3-682638802:39.63,S3-511901857:39.63,S3-779456853:39.62,S3-128569741:39.62,S3-45400324:39.62,S3-226536732:39.38,S3-863149954:39.07	ok
S1-152462469	US	Solis Best Regency Inc	714 Second Avenue, Esopus, NY	S2-335829622	52.32183	20	S3-324475945	81.668785	20	81.668785	S2-335829622:52.32,S2-442194091:52.32,S2-877792962:47.80,S2-413811234:45.82,S2-674051231:44.14,S2-354540014:43.03,S2-879685223:42.17,S2-867717697:40.75,S2-222229281:40.72,S2-584413287:40.35,S2-404676923:40.35,S2-430169540:40.22,S2-344959718:40.22,S2-196977454:40.15,S2-828173868:40.15,S2-486399658:40.15,S2-674329752:40.12,S2-137798054:39.19,S2-308099560:39.01,S2-189773489:38.97	S3-324475945:81.67,S3-283015161:61.97,S3-966550447:59.72,S3-979825208:53.35,S3-159050488:47.72,S3-998367963:43.00,S3-999919962:41.36,S3-949832375:41.04,S3-324804863:40.61,S3-487303380:40.60,S3-605639393:40.58,S3-990054143:38.88,S3-717366872:38.86,S3-153244254:38.31,S3-440038666:38.31,S3-768584854:38.31,S3-886034791:38.31,S3-696336476:38.30,S3-25618704:38.30,S3-171666267:37.08	ok
S1-398445396	India	Roopansh Ventures Pvt Ltd	Shop No.1, Vpo Sikanderpur, Badha, Tehsil Manesar, Narsinghpur, Gurgaon, Haryana	S2-666718799	105.61402	20	S3-350831987	63.575367	20	105.61402	S2-666718799:105.61,S2-944694412:68.69,S2-170689924:61.01,S2-415200722:60.95,S2-196076298:59.36,S2-379124346:58.31,S2-710981756:57.38,S2-60392016:52.66,S2-463632709:49.92,S2-222226568:49.85,S2-669100307:48.81,S2-147677246:47.72,S2-344577699:47.08,S2-892567104:44.50,S2-703741217:44.10,S2-448330243:43.94,S2-618928694:42.88,S2-665352695:42.63,S2-381636192:41.94,S2-5994502:41.60	S3-350831987:63.58,S3-982859424:57.29,S3-966303949:57.20,S3-906567906:54.69,S3-257189361:54.09,S3-366402097:53.99,S3-764891209:53.44,S3-899941769:53.00,S3-553744717:53.00,S3-418730422:52.39,S3-643299759:50.35,S3-431892230:50.28,S3-301883447:50.09,S3-703935334:49.80,S3-486407291:49.40,S3-396043227:49.27,S3-479652918:47.72,S3-954569813:47.27,S3-413898404:45.34,S3-213925711:44.21	ok
S1-787418905	India	Best Products Limited	Flat No. 3832, Vijayanta Apartment, Plot No. 117 Neharu Nagar, Kurla (East), Mumbai, Mumbai City, Maharashtra	S2-683582113	51.440697	20	S3-106376423	82.61602	20	82.61602	S2-683582113:51.44,S2-490338721:48.23,S2-650845372:45.20,S2-311560464:45.20,S2-857376409:43.81,S2-686012103:43.30,S2-896986033:42.85,S2-339512275:42.67,S2-533143332:42.44,S2-71590232:42.35,S2-832007531:41.81,S2-654211751:41.75,S2-937021005:41.72,S2-857729324:41.70,S2-251675407:41.41,S2-927074652:41.26,S2-936554466:40.79,S2-972148024:40.68,S2-385636308:40.66,S2-317783534:40.51	S3-106376423:82.62,S3-791579053:53.91,S3-831236274:52.34,S3-744545411:48.02,S3-636744461:46.88,S3-757500888:46.66,S3-373067679:46.07,S3-95705680:45.82,S3-230468721:44.78,S3-695235737:44.52,S3-124176283:44.43,S3-70028494:44.04,S3-3142381:44.04,S3-493858405:43.30,S3-42938689:42.96,S3-213677900:42.72,S3-155004594:42.63,S3-951054388:42.54,S3-507638116:42.52,S3-501701909:42.34	ok
S1-773234559	US	Quality Asset Dynamics Corp	6 Suzanne Circle, Wareham, MA	S2-778086868	82.591995	20	S3-163090661	61.7978	20	82.591995	S2-778086868:82.59,S2-452774342:82.22,S2-700758297:61.47,S2-14725992:61.47,S2-997053272:61.43,S2-8487787:54.67,S2-699235801:54.67,S2-312509098:47.83,S2-356302781:47.76,S2-197653578:47.72,S2-552812270:47.72,S2-918640322:46.65,S2-339024144:46.04,S2-514793006:45.98,S2-130841223:45.98,S2-976576637:45.93,S2-451845985:45.93,S2-837824001:45.87,S2-279906142:45.87,S2-912087530:45.78	S3-163090661:61.80,S3-507021945:55.01,S3-854965922:54.98,S3-367453768:54.98,S3-251365705:48.19,S3-675569218:48.19,S3-389623781:48.19,S3-456387650:47.16,S3-765356008:46.29,S3-811652237:46.13,S3-762983745:46.13,S3-961347258:46.11,S3-286677477:46.11,S3-423432488:43.70,S3-981074820:43.07,S3-521706397:43.04,S3-686726027:42.83,S3-736799439:42.58,S3-140598144:42.58,S3-15178582:42.58	ok
S1-360220456	US	Main Street Hair Studio	9220 Pacific Avenue, Unit #24, Tacoma, WA	S2-783883331	92.39525	20	S3-35542700	78.949646	20	92.39525	S2-783883331:92.40,S2-109630023:88.81,S2-461356888:84.39,S2-292312914:80.59,S2-898060911:79.06,S2-943256084:78.96,S2-734437304:75.47,S2-332758891:75.47,S2-451549175:75.47,S2-756895715:75.47,S2-716269843:75.47,S2-535384737:75.47,S2-354206394:75.47,S2-819820990:75.47,S2-526127110:75.47,S2-529451923:75.47,S2-505346810:75.47,S2-318264692:75.37,S2-195094059:75.37,S2-532101851:75.37	S3-35542700:78.95,S3-151240549:76.13,S3-731134772:76.07,S3-532187360:76.07,S3-196388821:76.07,S3-12584745:76.07,S3-770232254:76.07,S3-354182620:76.07,S3-412907012:76.07,S3-386059125:76.07,S3-60248633:76.07,S3-4109550:76.07,S3-364399666:76.07,S3-186544183:76.07,S3-650535553:76.07,S3-118598934:76.07,S3-204361043:76.07,S3-455642619:76.07,S3-354353879:76.07,S3-757635880:76.07	ok
S1-216248328	US	Diamond Defense Innovations Inc	1220 Webster Avenue, City Of Omro, WI	S2-346267285	69.940994	20	S3-882843155	86.691025	20	86.691025	S2-346267285:69.94,S2-629073820:54.23,S2-333241305:51.71,S2-849496197:50.63,S2-759669517:50.18,S2-10089470:48.76,S2-962823964:48.76,S2-837326262:48.73,S2-45557547:48.53,S2-663113211:48.13,S2-840719088:47.77,S2-507478351:47.75,S2-581169175:47.44,S2-100052580:47.33,S2-23287910:47.29,S2-716420121:46.96,S2-192488834:46.84,S2-957403707:46.40,S2-416203948:46.40,S2-272055217:46.37	S3-882843155:86.69,S3-288269321:52.35,S3-427199198:52.16,S3-724046467:51.64,S3-951570837:50.44,S3-228208962:50.28,S3-885004092:50.07,S3-525374715:48.84,S3-334769581:48.76,S3-631719564:46.86,S3-540389550:46.55,S3-544872591:46.55,S3-650881855:46.47,S3-714002159:46.47,S3-798779131:46.47,S3-574253030:46.47,S3-774013365:46.35,S3-984572545:46.11,S3-574107469:45.46,S3-268926473:45.44	ok
S1-491411087	India	Hightech Industries Private Limited	302, Plot B/ 2B, New Satara Chs, Sector- 12, Kharghar, Kharghar, Raigarh, Maharashtra	S2-678383682	100.88188	20	S3-786884064	107.392746	20	107.392746	S2-678383682:100.88,S2-118453012:50.38,S2-137135517:50.08,S2-103959570:49.88,S2-970353110:48.62,S2-71721026:48.44,S2-929146251:47.31,S2-859810453:47.01,S2-852895405:46.75,S2-979722611:45.72,S2-905589314:45.38,S2-180722118:45.07,S2-789115469:45.04,S2-291273099:44.58,S2-921181853:44.36,S2-884065751:44.16,S2-911315118:44.14,S2-3534056:44.14,S2-878177430:43.94,S2-46981307:43.54	S3-786884064:107.39,S3-283513365:52.85,S3-935751659:51.04,S3-722958637:49.41,S3-800576619:49.14,S3-25202169:45.80,S3-275101524:45.72,S3-84640371:43.94,S3-101785029:43.94,S3-383310770:43.94,S3-612640824:43.94,S3-412246596:43.66,S3-531941600:43.66,S3-323657448:43.66,S3-826607879:43.61,S3-971693349:43.39,S3-979117851:43.24,S3-208430072:43.20,S3-716887259:42.68,S3-390183734:42.38	ok
S1-587826469	US	Womens Health Physicians Inc	2344 Larchwood Lane, Billings, MT	S2-427305556	68.02773	20	S3-425133046	57.835796	20	68.02773	S2-427305556:68.03,S2-558651694:57.56,S2-327081362:56.74,S2-152849939:56.21,S2-625082758:56.05,S2-799073892:56.05,S2-290653929:55.80,S2-516438222:53.16,S2-670695228:53.16,S2-880884540:53.16,S2-500034562:53.16,S2-173027983:53.16,S2-864672539:53.16,S2-230755881:53.16,S2-280960615:53.16,S2-904767438:53.16,S2-941837279:53.16,S2-136225892:53.16,S2-693547300:53.16,S2-55418676:53.16	S3-425133046:57.84,S3-374036655:57.16,S3-105522959:56.48,S3-161190948:56.48,S3-286912364:56.43,S3-444297398:56.18,S3-345762969:55.81,S3-352278249:55.76,S3-577941786:54.47,S3-578640333:53.88,S3-94407426:53.62,S3-486826400:53.53,S3-236034228:53.53,S3-704034393:53.53,S3-197468524:53.53,S3-13975357:53.53,S3-427998518:53.53,S3-951435851:53.53,S3-714821502:53.53,S3-158343563:53.53	ok
S1-954744269	US	Sweet Pizza LP	IL, 2754 Wilshire Lane, Northbrook	S2-84766786	59.006733	20	S3-62105534	70.148384	20	70.148384	S2-84766786:59.01,S2-483596890:59.01,S2-624815542:58.74,S2-828707760:58.74,S2-119014542:58.74,S2-661275514:58.74,S2-477172240:54.59,S2-774550029:54.57,S2-572014735:54.17,S2-71394809:54.17,S2-278796551:52.24,S2-778682341:50.46,S2-134472370:50.46,S2-650877172:50.46,S2-923573698:50.46,S2-274866906:50.46,S2-937846038:50.46,S2-29858714:50.46,S2-422708323:50.46,S2-37219320:50.46	S3-62105534:70.15,S3-764010133:60.98,S3-888309388:59.61,S3-256045129:59.49,S3-149027253:59.49,S3-133053267:54.66,S3-360586294:54.43,S3-772915877:51.94,S3-919149501:51.83,S3-17779298:50.64,S3-168396832:50.64,S3-652475892:50.64,S3-645116477:50.64,S3-380116914:50.64,S3-243545616:50.64,S3-807934650:50.64,S3-75132330:50.64,S3-207331055:50.64,S3-151036979:50.64,S3-809297894:50.64	ok
S1-547813325	India	Seetha Aquatech	78, N.S.C.Bose Road 2Nd Floor, Kolkata, Kolkata, Howrah, West Bengal	S2-565510295	103.97196	20	S3-319811347	91.08209	20	103.97196	S2-565510295:103.97,S2-641419732:77.55,S2-893172330:75.21,S2-338955836:68.40,S2-854990682:58.74,S2-548559082:51.07,S2-356298291:47.55,S2-144604813:47.30,S2-396389081:47.28,S2-655746174:44.99,S2-831786427:43.51,S2-635158980:43.32,S2-542381373:42.30,S2-119905788:42.01,S2-906902355:41.52,S2-967724588:41.52,S2-724109159:41.47,S2-269685017:40.90,S2-738523401:40.50,S2-461912074:39.42	S3-319811347:91.08,S3-645974215:87.01,S3-450133201:73.38,S3-612235820:64.18,S3-17356135:61.51,S3-281080828:56.04,S3-408579947:55.21,S3-319029559:51.40,S3-730808784:49.96,S3-763334396:46.77,S3-360624454:46.15,S3-137931835:45.88,S3-579304749:42.46,S3-70204013:42.31,S3-492387137:42.29,S3-897453791:42.26,S3-347600398:41.04,S3-41760259:41.04,S3-656659401:40.71,S3-815708047:40.46	ok
S1-930912518	US	Mcknight Steers L.L.C.	2429 Trinity Farms Road, Raleigh, NC	S2-854599676	76.8242	20	S3-771391442	88.154945	20	88.154945	S2-854599676:76.82,S2-7396651:73.36,S2-808296559:73.36,S2-632885047:73.10,S2-245407973:73.10,S2-758531571:68.02,S2-338900501:67.72,S2-5301899:63.28,S2-869309544:61.40,S2-631029918:59.55,S2-663187997:47.60,S2-723050386:45.82,S2-474162784:43.05,S2-192746049:42.95,S2-155387242:42.94,S2-684354108:41.68,S2-233494961:41.34,S2-262532283:41.34,S2-290665227:41.34,S2-619030648:41.34	S3-771391442:88.15,S3-315978557:73.72,S3-738492416:67.87,S3-951419883:64.26,S3-637052979:61.71,S3-83768202:59.50,S3-235610798:59.50,S3-100005230:46.37,S3-11287461:46.37,S3-591831193:46.17,S3-370753530:46.17,S3-808290857:45.04,S3-620340016:44.83,S3-672083459:43.42,S3-769156729:43.18,S3-825158111:41.80,S3-530423924:41.80,S3-670197003:41.77,S3-420769268:41.77,S3-543358899:41.77	ok
S1-902456830	US	Electricians Local 645	7990 Old Town Road, Fultonham, OH	S2-425831341	58.931763	20	S3-774752914	91.005165	20	91.005165	S2-425831341:58.93,S2-69479954:57.80,S2-579792288:57.72,S2-307268021:57.50,S2-636070161:56.78,S2-996910182:56.17,S2-847847509:56.17,S2-771318038:53.96,S2-142926078:53.96,S2-932669093:53.96,S2-737785686:53.96,S2-411043982:53.96,S2-700140812:53.96,S2-408527605:53.96,S2-331441030:53.96,S2-711616168:53.96,S2-322715399:53.96,S2-683061052:53.96,S2-620567513:53.96,S2-698810978:53.96	S3-774752914:91.01,S3-461102796:88.65,S3-94858629:59.18,S3-56407656:56.78,S3-523255683:56.63,S3-55006270:56.63,S3-500862514:54.46,S3-525510080:54.46,S3-400915787:54.29,S3-687272256:54.29,S3-766852558:54.29,S3-363743732:54.29,S3-793318177:54.29,S3-689935692:54.29,S3-504166993:54.29,S3-642624382:54.29,S3-46193969:54.29,S3-869398030:54.29,S3-501325759:54.29,S3-444407575:54.29	ok
S1-879032286	India	Lights India	Flat No. C-302, Shri Guru Ganesh Nagar Katraj, Pune, Maharashtra	S2-293200152	54.339157	20	S3-644526829	55.21447	20	55.21447	S2-293200152:54.34,S2-140578660:53.79,S2-760899826:50.52,S2-548763190:47.53,S2-766680097:46.82,S2-555369549:46.82,S2-196245236:46.82,S2-223555610:46.82,S2-835117611:46.77,S2-789029788:46.77,S2-361848241:46.25,S2-476058462:45.67,S2-963288089:45.18,S2-440157195:44.87,S2-810967160:44.41,S2-19155265:44.41,S2-63611420:44.41,S2-268328048:43.96,S2-96281657:43.93,S2-365816002:42.52	S3-644526829:55.21,S3-665979396:54.35,S3-512250321:50.12,S3-930473936:49.89,S3-170012961:49.24,S3-427540727:45.91,S3-500960555:45.12,S3-680065697:43.27,S3-299666191:42.73,S3-736301871:42.72,S3-148966036:42.72,S3-666031981:42.72,S3-404067:42.72,S3-383674945:42.69,S3-228717644:42.69,S3-384538773:42.69,S3-725791858:42.69,S3-742214403:42.69,S3-359613045:42.69,S3-570547976:42.22	ok
S1-809620750	US	Abigael Doiron Strategic Universal	7033 Starvalley Drive, Charlotte, NC	S2-791732488	45.38942	20	S3-506633934	112.60719	20	112.60719	S2-791732488:45.39,S2-296955441:45.39,S2-371758762:45.02,S2-850914814:43.43,S2-667833687:43.37,S2-303530606:40.92,S2-850279537:40.30,S2-314951146:39.74,S2-888346529:39.74,S2-194605735:39.74,S2-532028424:39.74,S2-948707363:39.74,S2-31165440:39.74,S2-52816088:39.42,S2-454076154:39.42,S2-470200830:39.42,S2-93111511:39.42,S2-995199419:39.42,S2-246829041:39.27,S2-650025783:38.85	S3-506633934:112.61,S3-413404685:82.17,S3-923299297:45.05,S3-436529623:45.05,S3-927809015:45.05,S3-52846057:45.05,S3-112978483:44.46,S3-416599954:44.46,S3-473028788:40.74,S3-164294486:40.74,S3-113217326:40.74,S3-940478961:39.50,S3-952621493:39.50,S3-216462153:39.50,S3-969748136:39.50,S3-498969609:38.98,S3-694412526:38.14,S3-779664773:38.07,S3-441951001:35.98,S3-373286708:35.71	ok
S1-931049186	US	Deegan Blue Ramaco LP	5150 Jack Byrnes Drive, Unit 3103, Murfreesboro, TN	S2-67431085	113.54473	20	S3-217166554	89.752106	20	113.54473	S2-67431085:113.54,S2-578344088:90.74,S2-748983232:84.08,S2-334376637:77.00,S2-175241411:50.35,S2-117471514:49.78,S2-469073875:49.78,S2-203884009:49.78,S2-400336052:49.78,S2-922914299:49.20,S2-40991645:46.88,S2-70752589:46.88,S2-242657150:46.88,S2-706354574:46.32,S2-595999277:44.05,S2-300367362:43.38,S2-518523418:43.38,S2-398162358:43.38,S2-130670614:43.38,S2-773955756:42.20	S3-217166554:89.75,S3-725116268:77.22,S3-710308514:58.73,S3-725157670:54.74,S3-231584252:54.53,S3-280522857:45.74,S3-680434403:45.74,S3-527593209:45.74,S3-62459347:44.61,S3-453932066:44.32,S3-61597467:44.13,S3-314043428:44.13,S3-738318637:43.96,S3-609170314:43.96,S3-762650923:43.50,S3-151819228:43.50,S3-350733125:43.14,S3-942788966:42.79,S3-82309245:42.79,S3-705239532:42.79	ok
S1-215296407	India	Pd (India) Infra Private Limited	4-1-77/2 Flat No.502 B Block Surya Towers Snehapuri Colony Nacharam, Uppal, Hyderabad, Telangana	S2-362487315	64.88301	20	S3-670645669	112.17545	20	112.17545	S2-362487315:64.88,S2-753439350:63.49,S2-419088291:62.38,S2-63264963:60.72,S2-584413857:57.79,S2-468359617:56.70,S2-413796499:54.10,S2-973581810:53.32,S2-534980434:51.94,S2-173753742:51.46,S2-311575034:50.91,S2-307014066:50.53,S2-27948274:50.51,S2-171817285:50.43,S2-494914337:50.24,S2-173637641:49.85,S2-84783174:49.13,S2-630660334:48.42,S2-68361698:48.28,S2-149316802:48.23	S3-670645669:112.18,S3-884974526:99.56,S3-724867583:62.53,S3-763628148:61.61,S3-667525418:57.37,S3-164452704:55.67,S3-430147301:52.79,S3-817085731:51.14,S3-139440267:50.95,S3-765483878:50.76,S3-64295215:50.46,S3-433722178:49.19,S3-318083000:48.71,S3-384033524:48.52,S3-253236974:47.72,S3-968356287:47.48,S3-709090040:46.41,S3-727714245:46.09,S3-985302392:46.08,S3-456101183:46.02	ok
S1-493136790	US	Paninet LLC	1807 Greene Street, Unit A, Greenville, NC	S2-106853858	64.96945	20	S3-401567096	64.666214	20	64.96945	S2-106853858:64.97,S2-107656632:28.52,S2-913459712:25.07,S2-277488689:23.94,S2-479249061:23.30,S2-14351545:22.71,S2-644103934:22.67,S2-29175934:22.61,S2-739347348:22.54,S2-967278493:22.32,S2-961540788:22.32,S2-257214258:22.32,S2-443477637:22.32,S2-141487526:22.31,S2-840775072:22.31,S2-453096717:22.00,S2-697300763:21.91,S2-697763270:21.83,S2-180859461:21.71,S2-719038808:21.67	S3-401567096:64.67,S3-937652364:27.71,S3-527074121:25.89,S3-759387075:24.60,S3-992199170:24.43,S3-297844478:24.31,S3-915915526:23.35,S3-924611885:22.94,S3-743235406:22.85,S3-452463644:22.69,S3-184741924:22.25,S3-477714766:22.16,S3-812014567:22.06,S3-278275969:21.88,S3-869446730:21.82,S3-80701346:21.82,S3-926562915:21.73,S3-308804547:21.73,S3-565380001:21.61,S3-323691267:21.57	ok
S1-140787527	US	Synia Enterprises	10267 Kingston Pike, Knoxville, TN	S2-450825454	56.859493	20	S3-237634212	73.83309	20	73.83309	S2-450825454:56.86,S2-520833426:47.40,S2-313937751:46.76,S2-430767328:46.76,S2-134199157:46.76,S2-707066735:46.76,S2-177499695:46.76,S2-748096038:46.76,S2-80421382:46.76,S2-652883655:40.12,S2-549875240:40.12,S2-755483080:40.12,S2-229732123:40.12,S2-474412284:40.12,S2-314000360:40.12,S2-340079907:40.12,S2-142714094:40.12,S2-337009291:40.12,S2-811105719:40.12,S2-775440884:40.11	S3-237634212:73.83,S3-96996616:56.04,S3-625086844:49.45,S3-254059442:49.13,S3-136087566:48.72,S3-194661162:48.72,S3-771534949:48.72,S3-386445338:46.05,S3-573644728:41.87,S3-312426266:41.87,S3-265032079:41.87,S3-239130108:41.87,S3-271146682:41.87,S3-824683530:41.87,S3-195845218:41.87,S3-107192417:41.87,S3-298394398:41.87,S3-73699713:41.87,S3-719973403:41.87,S3-563943755:41.87	ok
S1-335933340	India	One Products Limited	A - 701, Raj Tower, Lokhandwala Township, Kandivali (E), Mumbai, Maharashtra	S2-848851638	81.088974	20	S3-197928528	47.01717	20	81.088974	S2-848851638:81.09,S2-232841110:48.51,S2-984864039:48.20,S2-804359208:47.59,S2-317491874:47.48,S2-549238139:47.48,S2-88589381:46.67,S2-344497779:46.25,S2-440684942:46.14,S2-229669526:44.68,S2-300274364:44.58,S2-947899402:42.96,S2-895066703:42.45,S2-231910096:42.32,S2-34602949:42.32,S2-369127255:42.32,S2-480487501:42.23,S2-842966069:42.23,S2-834903783:42.23,S2-848077024:40.40	S3-197928528:47.02,S3-66606015:45.82,S3-857623422:43.28,S3-950503071:42.92,S3-414614144:41.98,S3-359906385:41.98,S3-916639231:41.98,S3-455367699:41.98,S3-120803882:38.94,S3-842891551:38.61,S3-38350400:38.56,S3-697955773:38.56,S3-245933331:38.56,S3-434186147:38.56,S3-39121158:38.56,S3-314527048:38.53,S3-104784085:38.53,S3-770646795:38.53,S3-171793660:38.53,S3-746810213:38.53	ok
S1-897632786	US	ME Green Catering LLC	215 County Road 2423, Como, TX	S2-826539393	97.31208	20	S3-442564142	93.99004	20	97.31208	S2-826539393:97.31,S2-405812005:81.26,S2-92863080:75.91,S2-925396870:73.31,S2-19757450:73.31,S2-924185033:71.55,S2-101115776:71.55,S2-925843563:70.02,S2-599908649:65.20,S2-597197815:62.54,S2-713424778:47.53,S2-883341738:47.35,S2-883219866:45.75,S2-64898044:45.07,S2-750376855:44.45,S2-492003738:44.30,S2-185412121:43.91,S2-531193936:42.98,S2-695122899:42.18,S2-776876085:40.76	S3-442564142:93.99,S3-982349179:73.65,S3-785286780:73.37,S3-976615227:73.37,S3-546378892:71.91,S3-250543163:65.31,S3-405830249:64.56,S3-865755421:58.67,S3-460514571:56.56,S3-152518754:53.49,S3-240513562:49.18,S3-105559867:48.72,S3-907704980:44.42,S3-557304903:42.90,S3-288121849:42.90,S3-554571099:42.77,S3-439857086:42.47,S3-314466093:40.99,S3-776763617:40.99,S3-431687353:40.49	ok
S1-906757280	US	Carr Rapid Limited	14 Sheps Point, Dover-foxcroft, ME	S2-489070352	83.85751	20	S3-136073753	88.39374	20	88.39374	S2-489070352:83.86,S2-864331794:48.88,S2-657072343:42.87,S2-143014115:42.58,S2-69684883:42.58,S2-725021974:38.41,S2-667034360:33.26,S2-146557381:32.87,S2-420564269:32.87,S2-478169619:32.87,S2-287014214:32.87,S2-773294345:32.87,S2-991068103:32.87,S2-10644853:32.87,S2-16497296:32.87,S2-488534414:32.87,S2-67855665:32.87,S2-339011119:32.87,S2-152849199:32.87,S2-229507815:32.87	S3-136073753:88.39,S3-98009952:54.73,S3-3771826:48.72,S3-46796162:42.96,S3-896641961:42.94,S3-151631204:42.94,S3-189117201:38.78,S3-599312802:38.78,S3-602116687:38.71,S3-7542063:38.21,S3-880003338:35.81,S3-841330364:33.59,S3-789328616:33.59,S3-101902343:33.26,S3-460962499:32.84,S3-180131411:32.84,S3-717471193:32.84,S3-530544703:32.84,S3-217239527:32.84,S3-721448297:32.84	ok
S1-409448250	US	Family Partners Inc	4300 Lynn Road, Unit 110, Ravenna, OH	S2-443400674	43.923527	20	S3-720339824	39.4896	20	43.923527	S2-443400674:43.92,S2-251635098:40.70,S2-698182594:39.59,S2-686027067:39.57,S2-528254954:39.39,S2-724470855:39.38,S2-288354235:38.18,S2-511688200:38.18,S2-816599049:38.17,S2-211581548:36.80,S2-436429648:36.80,S2-421136049:36.08,S2-74901870:36.05,S2-164311562:35.96,S2-696993154:35.96,S2-450270752:35.96,S2-114933886:35.96,S2-656391611:35.96,S2-85141416:35.96,S2-331389781:35.96	S3-720339824:39.49,S3-411759115:39.31,S3-499404087:39.15,S3-888561431:38.30,S3-2013820:37.11,S3-404119118:36.32,S3-231298541:36.19,S3-750309080:36.17,S3-462930600:36.17,S3-965267552:36.17,S3-353472938:36.17,S3-91846243:36.17,S3-814716166:36.17,S3-287519258:36.17,S3-509613982:36.17,S3-672901087:36.17,S3-972766907:36.17,S3-46323297:36.17,S3-99647029:36.17,S3-326824983:36.17	ok
S1-146084088	US	Northern Learning Center LLC	2540 82nd Court, Lincoln, NE	S2-135716316	55.735783	20	S3-834962685	58.092705	20	58.092705	S2-135716316:55.74,S2-569190671:53.52,S2-4132655:53.52,S2-712299116:53.52,S2-691981704:53.52,S2-484332475:53.52,S2-698267076:53.43,S2-679474401:53.43,S2-774019663:53.43,S2-615076395:53.00,S2-517947054:53.00,S2-953367797:53.00,S2-258498914:53.00,S2-336102628:53.00,S2-988727812:53.00,S2-142463998:53.00,S2-186381867:53.00,S2-48292880:52.90,S2-583464822:52.90,S2-898687185:52.90	S3-834962685:58.09,S3-133988342:53.57,S3-386122064:53.49,S3-767005252:53.49,S3-348204564:53.05,S3-725559835:53.05,S3-751970113:53.05,S3-932018675:53.05,S3-707621557:53.05,S3-768478001:53.05,S3-970493424:53.05,S3-36114442:53.05,S3-151786586:52.98,S3-873746360:52.98,S3-163802079:52.98,S3-578495685:52.98,S3-461497284:52.98,S3-739195940:52.98,S3-290518610:52.98,S3-126106556:49.00	ok
S1-17738806	India	Shuchi & Sons Pvt Ltd	F-17(Gm-17), Ground Floor, Keerthi Royale Apt, Banaswadi Outer Ring Road, Ramamurthy Nagar, Bangalore North, Bangalore, Karnataka	S2-231761416	124.170074	20	S3-894860812	52.449684	20	124.170074	S2-231761416:124.17,S2-146865326:111.46,S2-965727174:58.22,S2-947048008:57.00,S2-523713302:52.13,S2-165926408:50.77,S2-215362156:50.52,S2-74721304:49.63,S2-636066264:49.42,S2-705258028:49.40,S2-340732333:49.17,S2-204547453:48.77,S2-36839368:48.69,S2-754752526:48.48,S2-73152585:48.45,S2-158664101:48.28,S2-87175246:48.25,S2-338429160:48.06,S2-154230904:48.00,S2-381859634:47.89	S3-894860812:52.45,S3-304914705:51.64,S3-103274101:51.64,S3-69511872:51.60,S3-204432944:50.77,S3-483820475:50.22,S3-540679947:49.06,S3-184969548:47.67,S3-197069904:47.05,S3-417040878:46.70,S3-522675647:46.63,S3-59895989:46.60,S3-342632018:46.53,S3-842244526:46.49,S3-48730048:46.44,S3-765637367:46.41,S3-210562257:46.39,S3-347853823:46.35,S3-434075595:46.13,S3-286785989:46.08	ok
S1-108557638	US	Jyoti Beeman Lightwave, LLC	Wooster, OH, 1523 Barnard Road	S2-926348308	99.964645	20	S3-11540495	90.566826	20	99.964645	S2-926348308:99.96,S2-590415553:97.35,S2-472383092:94.31,S2-97270803:94.31,S2-573718744:93.07,S2-166437605:93.07,S2-990728400:93.07,S2-179192140:93.07,S2-434419036:90.26,S2-451349249:90.26,S2-384290190:90.26,S2-532779204:89.15,S2-320224320:82.77,S2-707807975:82.77,S2-186162843:82.77,S2-11690048:81.27,S2-672926290:74.52,S2-755718265:74.52,S2-541269123:65.53,S2-614314199:64.56	S3-11540495:90.57,S3-600063599:90.57,S3-837863646:84.23,S3-557975794:76.69,S3-868465021:75.90,S3-80780117:75.90,S3-610758500:66.33,S3-958577447:57.32,S3-530428450:50.98,S3-154732366:43.73,S3-951193110:42.60,S3-935618275:42.60,S3-591498068:42.60,S3-994581879:42.60,S3-461579323:39.48,S3-288665986:39.48,S3-761281817:38.34,S3-678081447:38.34,S3-19897243:37.71,S3-566737048:37.58	ok
S1-102612031	US	Surgical Group	1525 1000, Clearfield, UT	S2-685749699	57.007824	20	S3-48475873	51.31861	20	57.007824	S2-685749699:57.01,S2-343122323:40.10,S2-559208649:38.82,S2-170970963:37.51,S2-30479582:37.31,S2-607641285:36.59,S2-845483348:36.50,S2-125499476:36.48,S2-639354202:36.40,S2-623069930:36.40,S2-370208895:36.13,S2-611322681:35.82,S2-739386307:35.74,S2-477497118:35.74,S2-359813615:35.42,S2-134116767:35.10,S2-953843808:35.10,S2-87520908:35.10,S2-494559065:35.10,S2-645934630:35.10	S3-48475873:51.32,S3-296087081:37.72,S3-917282139:37.64,S3-817428219:35.23,S3-707102931:35.23,S3-569662347:35.23,S3-682273101:35.23,S3-893864864:35.23,S3-924824835:35.23,S3-667884567:35.23,S3-6179793:35.23,S3-522021025:35.23,S3-883834953:35.23,S3-654492422:35.23,S3-414691670:35.23,S3-78523936:35.23,S3-873883200:35.23,S3-473118917:35.23,S3-803065762:35.23,S3-340099254:35.23	ok
S1-472874511	India	Sree Finance LLP	Pirmuhani, Patna, Bihar	S2-531644885	55.638153	20	S3-861878530	53.450356	20	55.638153	S2-531644885:55.64,S2-940887455:49.75,S2-123429283:49.69,S2-121396709:49.53,S2-240154573:49.48,S2-423175555:47.72,S2-823186095:47.72,S2-964016744:45.41,S2-597111898:45.21,S2-311165508:44.26,S2-426901359:44.00,S2-5876629:41.83,S2-334616331:41.83,S2-370868709:41.83,S2-203373890:41.83,S2-250550297:41.83,S2-565671320:41.83,S2-820749290:41.83,S2-66058790:41.83,S2-775674632:41.83	S3-861878530:53.45,S3-708692892:53.35,S3-397659880:47.49,S3-101421500:47.49,S3-827366075:45.55,S3-937508825:45.55,S3-502185081:45.55,S3-100234991:45.55,S3-257915492:45.42,S3-386216408:45.42,S3-730839903:45.42,S3-563051752:42.80,S3-286033815:40.75,S3-649321112:39.93,S3-379799094:39.93,S3-650073430:39.93,S3-673604370:39.93,S3-767632993:39.93,S3-561895693:39.93,S3-127827938:39.93	ok
S1-963063068	US	A Pinnacle Mission Clinic	529 Old Westport Road, Dartmouth, MA	S2-443073072	93.71717	20	S3-241612223	60.49434	20	93.71717	S2-443073072:93.72,S2-404128145:53.46,S2-299083880:49.22,S2-774394993:46.51,S2-961454510:44.54,S2-720133513:44.42,S2-541935426:44.42,S2-481626892:42.19,S2-925365917:42.19,S2-920938764:42.19,S2-563493598:41.27,S2-74810770:39.94,S2-323727449:39.31,S2-352305234:37.36,S2-775843492:37.36,S2-809255955:37.36,S2-822758411:37.33,S2-870143422:37.17,S2-336063172:37.08,S2-467197324:37.08	S3-241612223:60.49,S3-93601357:54.07,S3-787242616:50.87,S3-435116973:48.73,S3-961617597:42.25,S3-522570694:42.25,S3-415054810:41.41,S3-730088303:39.91,S3-329432774:37.89,S3-995354879:37.89,S3-189748605:37.89,S3-477647409:37.89,S3-159460943:37.81,S3-332037562:37.81,S3-821267606:37.78,S3-257730142:37.07,S3-572295913:36.84,S3-806616046:36.84,S3-429698312:36.42,S3-477860729:36.30	ok
S1-105103197	US	Cascade Federation	410 Gibson Drive, Huntersville, NC	S2-964423195	62.90041	20	S3-141452458	48.564045	20	62.90041	S2-964423195:62.90,S2-322994920:49.43,S2-823551314:48.76,S2-591270523:48.02,S2-755333075:44.80,S2-436665332:44.80,S2-93577964:44.80,S2-59292799:44.80,S2-431198394:44.80,S2-979715043:44.80,S2-911135653:44.80,S2-750694625:44.80,S2-780923406:44.80,S2-563977313:44.74,S2-754678730:44.74,S2-647991008:44.74,S2-848567146:44.74,S2-769490165:42.95,S2-992505468:42.95,S2-236390601:42.95	S3-141452458:48.56,S3-539881281:48.26,S3-390863258:48.17,S3-330748632:45.07,S3-750597103:45.07,S3-834274561:45.07,S3-223898361:45.07,S3-329791218:45.07,S3-263983146:45.07,S3-929893196:45.07,S3-450372799:45.07,S3-93062179:45.07,S3-974579058:45.07,S3-300786744:45.07,S3-851082933:45.07,S3-794645075:44.99,S3-726680324:44.99,S3-512873995:44.99,S3-529281079:44.99,S3-632050073:44.99	ok
S1-364895142	US	C+ Egh Inc	8105 93rd Street, Unit APARTMENT  520, Tulsa, OK	S2-432088621	73.113525	20	S3-268633608	78.30194	20	78.30194	S2-432088621:73.11,S2-912287468:44.39,S2-22406901:41.80,S2-946087312:40.57,S2-958167228:39.27,S2-850689829:39.20,S2-257435864:38.73,S2-536430370:38.62,S2-413870726:38.62,S2-446737171:38.62,S2-338470216:38.62,S2-939751267:38.46,S2-219135854:38.46,S2-366504082:38.44,S2-193890263:38.28,S2-561932875:38.28,S2-290581546:38.14,S2-577726420:37.97,S2-527552939:37.97,S2-810405322:37.74	S3-268633608:78.30,S3-459078593:42.33,S3-182323310:41.83,S3-718847765:41.83,S3-750299016:41.48,S3-15949367:41.33,S3-249574874:40.95,S3-680087765:40.62,S3-78125444:40.44,S3-133548875:39.80,S3-631990961:39.39,S3-8243137:39.13,S3-990225404:39.13,S3-398790207:39.02,S3-420705898:39.02,S3-7593360:38.84,S3-412320138:38.84,S3-789757259:38.84,S3-249959447:37.56,S3-367276211:37.24	ok
S1-102055538	India	Binod Foods Pvt Ltd	Dr S.K. Galwankar Hospital, Bhasker Ali Vasai (West), Thane, Maharashtra	S2-950058847	116.07851	20	S3-463957847	53.472862	20	116.07851	S2-950058847:116.08,S2-552721079:49.03,S2-555685867:47.81,S2-433481358:45.39,S2-717420439:43.60,S2-392135767:42.01,S2-187633047:41.53,S2-123450017:41.47,S2-338776488:41.10,S2-698419822:40.68,S2-184911772:39.94,S2-489085330:39.64,S2-607618486:39.54,S2-637649095:39.39,S2-411192959:39.37,S2-667225338:39.30,S2-402897837:39.16,S2-6918658:38.19,S2-427734123:38.00,S2-322567653:37.95	S3-463957847:53.47,S3-963871281:50.56,S3-780401641:48.50,S3-970823532:48.50,S3-911525115:45.91,S3-130231299:44.86,S3-200292790:44.81,S3-130703909:44.42,S3-999244085:41.86,S3-849039422:41.85,S3-547499272:38.91,S3-181419991:38.12,S3-217759327:37.26,S3-436903347:37.16,S3-365305157:37.06,S3-963806833:37.02,S3-484553696:36.94,S3-288231831:36.88,S3-68431570:36.61,S3-969203207:36.48	ok
S1-637129218	India	Golden Impex Private Limited	Flat No 303 M3M Latitude, Sec 65 Golf Estate, Badshahpur, Gurgaon, Haryana	S2-902862307	52.418262	20	S3-656871051	86.05792	20	86.05792	S2-902862307:52.42,S2-763329822:52.42,S2-55562135:50.96,S2-20084394:48.60,S2-109482703:47.08,S2-660218086:46.79,S2-497152046:46.77,S2-480221718:46.77,S2-433645748:46.77,S2-203249267:46.77,S2-332830329:46.71,S2-534865573:46.41,S2-595607130:45.77,S2-804934290:45.74,S2-114225123:45.64,S2-277436353:45.25,S2-31925478:44.93,S2-865133609:44.82,S2-212664934:44.80,S2-935674179:44.30	S3-656871051:86.06,S3-520419069:54.71,S3-583892774:51.54,S3-795609583:51.22,S3-732105946:50.61,S3-455352094:49.85,S3-394022976:49.24,S3-652029743:48.25,S3-802044643:47.50,S3-521026386:47.27,S3-406101557:46.37,S3-219998867:46.16,S3-667877897:46.04,S3-283612046:45.25,S3-802943532:44.96,S3-277319611:44.96,S3-754617696:44.88,S3-303402944:44.88,S3-187763103:44.88,S3-271669534:44.79	ok
S1-96498475	US	Pediatric Dentistry All Center PLLC	TN, Mercer, 135 Midyett Avenue	S2-572985317	80.21471	20	S3-80278825	56.92884	20	80.21471	S2-572985317:80.21,S2-631149674:60.59,S2-246464847:59.92,S2-597549246:56.16,S2-771277947:56.12,S2-694737596:56.12,S2-883248151:56.12,S2-733268132:56.12,S2-634505974:53.87,S2-688131659:53.87,S2-857591635:53.87,S2-994015527:53.86,S2-702160795:51.49,S2-679782597:51.41,S2-488767548:51.37,S2-634203865:51.37,S2-660838583:51.37,S2-534313734:51.28,S2-255338248:50.99,S2-239003101:50.57	S3-80278825:56.93,S3-374302826:56.76,S3-120436638:56.76,S3-696817254:56.09,S3-840171838:55.89,S3-276567665:55.89,S3-458335816:55.89,S3-988404895:55.89,S3-5981464:55.89,S3-683364370:51.30,S3-976395478:51.14,S3-114945414:51.14,S3-858190112:50.63,S3-725163934:50.54,S3-312613785:50.54,S3-370853872:50.54,S3-138942980:50.54,S3-33158192:50.36,S3-223809553:50.24,S3-131302652:49.79	ok
S1-165027139	US	98/80 Spa PC	13032 Miller Church Road, Bentonville, AR	S2-553728254	108.28383	20	S3-759194018	89.45061	20	108.28383	S2-553728254:108.28,S2-200908291:88.71,S2-242060934:47.64,S2-117129405:44.04,S2-722452920:43.53,S2-340307248:43.51,S2-50561728:43.17,S2-57779992:43.05,S2-448097763:43.01,S2-537014046:43.01,S2-190846470:41.79,S2-528653625:39.47,S2-165815073:39.47,S2-21404855:39.47,S2-30941008:39.46,S2-595944781:39.44,S2-110567768:39.44,S2-488416645:39.44,S2-712450950:39.44,S2-15433576:39.44	S3-759194018:89.45,S3-202958018:79.63,S3-606123100:44.31,S3-525072298:44.00,S3-572835895:43.86,S3-68638006:43.81,S3-481770429:42.66,S3-755222970:42.66,S3-443814942:41.84,S3-954625154:39.50,S3-969790941:39.50,S3-668627241:39.33,S3-148742972:39.33,S3-896659178:39.33,S3-822608900:39.33,S3-827731641:39.33,S3-505268668:39.33,S3-247473970:38.99,S3-919430629:38.99,S3-880898718:38.63	ok
S1-762405238	India	DIA Storageprivate LLP	97 Dhan Mandi, Agrawal Khaad Beej K Paas, Ratlam, Madhya Pradesh	S2-202182303	110.445496	20	S3-368671859	44.763092	20	110.445496	S2-202182303:110.45,S2-659447025:51.05,S2-920783314:49.17,S2-726280998:46.65,S2-595955478:46.64,S2-758377771:45.86,S2-168840122:43.17,S2-656029151:41.73,S2-818100765:41.13,S2-769292340:40.92,S2-751276367:37.98,S2-379385995:37.98,S2-716725772:37.98,S2-183024288:37.98,S2-844793791:37.98,S2-497510440:37.80,S2-596679944:37.80,S2-337611185:37.80,S2-553874606:37.80,S2-657520053:37.80	S3-368671859:44.76,S3-961783613:41.32,S3-25266176:41.32,S3-867275928:38.78,S3-716813480:38.75,S3-84945365:38.75,S3-521505987:38.75,S3-409087851:38.13,S3-533294217:38.13,S3-85937782:38.13,S3-248428309:38.13,S3-436166423:38.09,S3-864106683:38.09,S3-325233015:36.79,S3-637433913:34.50,S3-312782019:34.50,S3-914546516:34.50,S3-66381827:34.50,S3-291122620:34.50,S3-915257027:34.50	ok
S1-934093038	US	Richardson Innovative Bitwise	619 Federal Road, Livermore, ME	S2-725132246	91.93494	20	S3-643683195	71.9755	20	91.93494	S2-725132246:91.93,S2-453154639:71.81,S2-206269631:71.60,S2-133477890:66.95,S2-178035806:64.20,S2-492478192:63.86,S2-109884816:46.42,S2-168802124:44.22,S2-310201140:41.29,S2-320734107:41.29,S2-618719113:38.08,S2-248025603:37.81,S2-948120168:37.74,S2-234848631:37.74,S2-217288679:37.67,S2-513071134:37.25,S2-129374697:37.22,S2-168006445:37.22,S2-593436125:37.22,S2-606431760:37.22	S3-643683195:71.98,S3-332825911:64.08,S3-978526071:40.46,S3-397018389:39.29,S3-946884494:37.50,S3-975485354:37.50,S3-925594430:37.28,S3-893511738:36.95,S3-728222148:36.88,S3-257290064:36.72,S3-287958124:35.19,S3-395079567:35.02,S3-734145481:34.97,S3-97713719:34.97,S3-33470788:34.93,S3-578523813:34.52,S3-536839711:34.51,S3-404451042:34.51,S3-21610904:34.46,S3-549233223:34.46	ok
S1-602515081	US	Urgent Care Partners of Rosedale	5800 Hamilton Avenue, Unit APARTMENT 1, Rosedale, MD	S2-799153762	64.76939	20	S3-321729570	97.784	20	97.784	S2-799153762:64.77,S2-943378900:63.91,S2-993262242:63.86,S2-225826466:63.24,S2-322556114:59.39,S2-861684657:59.26,S2-139416689:58.56,S2-111395198:58.43,S2-115357977:57.90,S2-462582125:57.34,S2-738692106:55.04,S2-773755402:54.82,S2-132490341:54.82,S2-113782712:54.81,S2-268162933:54.26,S2-461277104:53.98,S2-775376014:53.65,S2-683709442:52.52,S2-9607288:52.10,S2-713486250:52.08	S3-321729570:97.78,S3-249396097:59.46,S3-905683352:55.02,S3-853865187:54.78,S3-430657207:54.42,S3-377765977:54.22,S3-914716337:54.16,S3-558658385:54.02,S3-298148075:52.86,S3-411520816:52.70,S3-226834708:52.04,S3-941938531:51.19,S3-8856861:50.73,S3-861570619:50.73,S3-583020105:50.73,S3-258660906:50.73,S3-289704109:50.30,S3-752665475:50.30,S3-685406140:50.30,S3-480590624:50.30	ok
S1-661641591	US	North United Greenland LLC	50 Upland Court, Newark, DE	S2-193660755	63.436195	20	S3-718532337	78.8725	20	78.8725	S2-193660755:63.44,S2-813207109:63.44,S2-51777476:62.80,S2-443599950:62.80,S2-502642692:62.78,S2-272943682:62.78,S2-401366297:62.22,S2-480024792:62.22,S2-477463454:60.66,S2-437884502:56.42,S2-636155275:56.42,S2-525738032:56.42,S2-591649012:55.83,S2-894486645:55.83,S2-828372723:55.83,S2-481817055:55.83,S2-291272336:55.83,S2-159778963:55.83,S2-515591454:55.83,S2-28344536:52.45	S3-718532337:78.87,S3-774797074:78.85,S3-710266982:62.68,S3-931450929:62.17,S3-410496873:62.17,S3-777086847:62.17,S3-15090667:60.59,S3-452418302:55.84,S3-237654226:55.80,S3-828031405:55.80,S3-474598403:55.80,S3-372159145:55.80,S3-995704745:55.80,S3-54890644:51.82,S3-479203034:51.75,S3-944373698:50.32,S3-777851931:50.32,S3-433390594:50.32,S3-592395962:50.28,S3-4784585:50.28	ok
S1-29269312	US	Sweet Ice Cream Center	1424 Lincoln Avenue, Evansville, IN	S2-489898676	82.68806	20	S3-248357773	71.835846	20	82.68806	S2-489898676:82.69,S2-5715280:71.18,S2-495619813:71.13,S2-309433480:70.99,S2-156364020:70.94,S2-700334708:70.52,S2-992723418:69.26,S2-933112568:67.59,S2-448688285:67.59,S2-588995154:67.59,S2-707423238:67.59,S2-212207450:67.59,S2-741063603:67.59,S2-429091799:67.59,S2-987610623:67.59,S2-334206232:67.59,S2-554167416:67.59,S2-445024230:67.59,S2-183784778:67.59,S2-822814192:67.59	S3-248357773:71.84,S3-795977183:71.69,S3-287542346:71.69,S3-446413922:71.33,S3-249040766:71.33,S3-447056153:69.67,S3-382894446:69.60,S3-349256708:69.60,S3-363461695:69.60,S3-506837794:69.60,S3-615733105:69.19,S3-655156348:68.87,S3-482544121:68.17,S3-883820251:68.17,S3-999424818:68.17,S3-283062904:68.17,S3-311033571:68.17,S3-990979966:68.17,S3-317597687:68.17,S3-813843424:68.17	ok
S1-74745427	US	Roberts Fresh Payments LLC	660 Dixon Avenue, Elgin, IL	S2-745543947	69.381516	20	S3-150403263	85.76073	20	85.76073	S2-745543947:69.38,S2-136850884:49.48,S2-592391255:44.95,S2-241727445:44.43,S2-927423654:43.24,S2-890867441:42.00,S2-559771364:40.54,S2-739153320:40.47,S2-872509327:39.57,S2-217746883:39.17,S2-547209039:38.99,S2-614465326:38.99,S2-582058957:38.64,S2-408534509:38.64,S2-163200712:38.56,S2-914326752:38.48,S2-2606097:38.48,S2-28506086:38.48,S2-561276521:38.46,S2-727186635:38.46	S3-150403263:85.76,S3-802614649:85.44,S3-392144214:69.73,S3-968893747:51.24,S3-728199133:49.50,S3-296372018:49.50,S3-618580915:46.05,S3-686495696:43.67,S3-746829645:41.52,S3-465998222:40.64,S3-852950322:40.52,S3-637268107:40.52,S3-329806468:40.47,S3-818984368:39.79,S3-539613332:38.67,S3-420439308:38.63,S3-250082672:38.62,S3-125067096:38.62,S3-90285024:38.62,S3-405215879:38.44	ok
S1-869453657	US	Baptist Clear Association	4637 Highway 133, Crossett, AR	S2-359491791	54.197277	20	S3-444761413	80.88643	20	80.88643	S2-359491791:54.20,S2-428844057:50.00,S2-647096346:49.88,S2-108425683:49.22,S2-738668231:49.21,S2-96108635:48.29,S2-875741717:48.14,S2-566724149:47.99,S2-767999263:47.99,S2-783119785:47.99,S2-510252130:47.99,S2-193756927:47.99,S2-782455323:47.99,S2-823760466:47.99,S2-456576295:47.99,S2-120534757:47.99,S2-50861462:47.99,S2-116266977:47.99,S2-509509169:47.99,S2-337597738:47.99	S3-444761413:80.89,S3-696586379:54.81,S3-392586544:53.60,S3-858038313:50.05,S3-113982186:49.88,S3-243235254:49.39,S3-438287839:48.69,S3-914701009:48.69,S3-256748298:48.23,S3-786327000:48.03,S3-292482714:48.03,S3-206883950:48.03,S3-330079366:48.03,S3-164542011:48.03,S3-742913668:48.03,S3-134737016:48.03,S3-671188935:48.03,S3-785825230:48.03,S3-159740186:48.03,S3-923953970:48.03	ok
S1-568483103	US	Brightyn Roofing P.C.	5859 Gateway Boulevard, Mesa, AZ	S2-355093099	59.2798	20	S3-709832717	82.76442	20	82.76442	S2-355093099:59.28,S2-640903022:46.81,S2-456918974:45.42,S2-17858725:44.36,S2-564361515:43.18,S2-90134217:43.18,S2-43984076:42.31,S2-110566406:42.27,S2-417618175:40.92,S2-390780139:40.70,S2-485560690:40.70,S2-285262112:40.70,S2-476363720:40.70,S2-383562322:40.70,S2-875699025:40.70,S2-400808659:40.70,S2-565872396:40.70,S2-476038273:40.70,S2-364205727:40.70,S2-463617219:40.70	S3-709832717:82.76,S3-399677423:60.44,S3-11889218:48.42,S3-380389566:45.38,S3-336440421:42.28,S3-640739167:42.28,S3-492522452:42.28,S3-464637042:42.28,S3-752990460:42.23,S3-221032157:42.23,S3-52901908:42.23,S3-772294218:41.61,S3-274083010:41.61,S3-381545858:41.61,S3-835127053:41.61,S3-285515151:41.61,S3-775569781:41.61,S3-674006451:41.61,S3-296799117:41.61,S3-63287439:39.37	ok
S1-813061827	India	Boat Services Private Limited	160/2, Ahilya Puri Mina Bhawan, Indore, Madhya Pradesh	S2-123378131	89.67536	20	S3-545020554	83.55437	20	89.67536	S2-123378131:89.68,S2-57848221:49.39,S2-685932876:48.10,S2-770164055:46.89,S2-40982747:46.56,S2-206374372:46.25,S2-466072466:45.39,S2-338868492:45.27,S2-505357565:42.37,S2-854046639:42.34,S2-611575777:42.34,S2-74425987:41.90,S2-348112572:40.26,S2-245263131:40.26,S2-593413463:39.87,S2-673051925:39.83,S2-547516204:39.75,S2-519824232:39.08,S2-920764356:39.08,S2-54821358:38.72	S3-545020554:83.55,S3-103883340:46.02,S3-895142785:45.38,S3-254701273:45.38,S3-756385934:45.20,S3-330608081:45.20,S3-629554328:45.20,S3-914273311:41.88,S3-116624632:41.47,S3-594968883:40.24,S3-44743695:40.24,S3-509487033:39.79,S3-565671043:39.79,S3-237632600:39.79,S3-396509132:38.54,S3-478471132:38.54,S3-55666683:38.54,S3-525738568:37.24,S3-111918308:37.14,S3-166455172:36.49	ok
S1-681596772	US	Gert Castel Aria PLLC	MN, Lakeville, 18127 Gladstone Trail	S2-56096744	117.30986	20	S3-961908391	113.3419	20	117.30986	S2-56096744:117.31,S2-722651612:44.61,S2-40231832:44.43,S2-30787366:44.43,S2-988633524:42.59,S2-308893777:39.67,S2-287695428:39.51,S2-491407293:39.51,S2-119876999:39.51,S2-293493220:39.51,S2-253347615:39.51,S2-973358118:37.80,S2-110993812:37.80,S2-628380473:37.29,S2-405206580:37.29,S2-321417345:37.29,S2-403037730:37.29,S2-375152738:36.86,S2-817985967:36.86,S2-776227566:36.61	S3-961908391:113.34,S3-237348606:49.35,S3-287615914:44.49,S3-593800555:44.38,S3-818875737:42.60,S3-770639935:39.51,S3-364906585:38.54,S3-556087176:37.34,S3-561222361:37.34,S3-955468306:37.34,S3-28090747:37.34,S3-669990921:37.11,S3-915742709:36.56,S3-381693642:36.56,S3-770658076:36.45,S3-664313950:35.60,S3-595167314:34.31,S3-479915254:34.31,S3-967581718:34.31,S3-550184329:34.31	ok
S1-813575929	US	Goodnight Home Care LLC	10463 Decatur Avenue, Bloomington, MN	S2-217248872	41.484276	20	S3-634181546	79.88439	20	79.88439	S2-217248872:41.48,S2-467858836:41.48,S2-88259884:41.48,S2-121869147:40.43,S2-879231760:39.94,S2-542623704:39.57,S2-30105006:39.00,S2-533134663:38.96,S2-526452184:38.91,S2-350795168:38.79,S2-212785791:38.69,S2-151403974:38.66,S2-39273209:37.46,S2-728307437:37.46,S2-105836768:37.46,S2-136886700:37.31,S2-369361923:37.22,S2-758141681:37.16,S2-502549236:37.15,S2-782025704:37.02	S3-634181546:79.88,S3-725938402:53.70,S3-973706414:42.16,S3-745060812:41.68,S3-692686075:41.14,S3-93271445:40.86,S3-880379590:40.86,S3-97558078:39.00,S3-154974004:38.79,S3-768204577:38.79,S3-724786084:38.77,S3-374389925:38.27,S3-408491941:37.91,S3-296364093:37.25,S3-933499131:37.05,S3-485575090:37.05,S3-988523843:36.37,S3-733115650:36.37,S3-631657778:36.37,S3-430532255:36.23	ok
S1-846861727	US	Breen Aria LLC	2225 Pumalo Street, Unit UNIT 111, San Bernardino, CA	S2-247149853	96.2879	20	S3-643854660	77.36098	20	96.2879	S2-247149853:96.29,S2-270707659:89.35,S2-777983533:70.73,S2-39477764:70.05,S2-890037254:70.05,S2-340862939:62.90,S2-226276604:62.88,S2-37520696:55.92,S2-656511033:50.89,S2-841210134:43.59,S2-900035014:42.97,S2-468294948:42.97,S2-13154901:42.55,S2-403579995:42.12,S2-817985967:41.66,S2-55940372:41.54,S2-822550199:41.39,S2-491656123:40.99,S2-221220499:40.62,S2-802251270:40.40	S3-643854660:77.36,S3-220537970:77.36,S3-540556935:72.46,S3-325948860:72.36,S3-829826076:63.53,S3-729589413:63.53,S3-513957211:56.56,S3-778043939:45.60,S3-675336494:44.35,S3-358331973:44.17,S3-80639880:44.17,S3-404269169:43.57,S3-707914526:42.28,S3-16891291:42.28,S3-746089950:42.06,S3-416092891:41.84,S3-763949584:41.47,S3-76469044:41.47,S3-629520857:41.38,S3-809918273:41.38	ok
S1-580746245	India	Ujjaraj Infratech Private Limited	19F/3 Jahangirabad Ganjiya Naini, Allahabad, Uttar Pradesh	S2-305957058	94.40889	20	S3-275096877	84.05587	20	94.40889	S2-305957058:94.41,S2-720634429:48.20,S2-986065544:46.73,S2-255083856:45.45,S2-13342101:45.17,S2-136852937:44.63,S2-484127330:44.29,S2-49219309:43.99,S2-455877808:43.99,S2-269361566:43.99,S2-155960735:43.99,S2-727452449:43.99,S2-620111404:43.99,S2-857837082:43.82,S2-446991740:43.67,S2-74054200:43.67,S2-268311783:43.67,S2-446350167:43.67,S2-936562891:43.67,S2-149677259:43.67	S3-275096877:84.06,S3-581283564:52.63,S3-387792820:47.92,S3-101444682:47.39,S3-182807236:45.51,S3-425550150:45.51,S3-771542569:44.51,S3-995957037:43.92,S3-706274613:43.89,S3-250117308:43.17,S3-208120509:43.17,S3-80687691:43.17,S3-859184970:43.17,S3-653997191:43.17,S3-92312374:43.17,S3-242282729:43.17,S3-47806456:43.17,S3-712911155:43.17,S3-755914824:43.17,S3-10341698:43.02	ok
S1-87500421	US	Brady Wisekey	2307 Homewood Avenue, Ashtabula, OH	S2-196970065	39.3397	20	S3-507063046	68.65356	20	68.65356	S2-196970065:39.34,S2-957586446:39.01,S2-998340708:38.79,S2-320439841:38.35,S2-274828398:37.82,S2-75441648:37.79,S2-166329433:37.79,S2-354360919:37.44,S2-677434998:37.44,S2-596567409:37.42,S2-410160396:35.78,S2-715005508:35.77,S2-185768117:35.73,S2-118985983:35.53,S2-152321476:35.52,S2-194948130:35.49,S2-50706634:35.49,S2-179960017:35.49,S2-405628613:35.49,S2-133148899:35.48	S3-507063046:68.65,S3-91867274:56.40,S3-767843106:41.73,S3-168087739:41.31,S3-740133508:41.12,S3-34979914:41.12,S3-191444689:40.71,S3-129345550:37.75,S3-2207896:37.75,S3-25464455:35.97,S3-289192151:35.79,S3-35201460:35.72,S3-246187806:35.70,S3-388531638:35.49,S3-878088546:35.34,S3-530885481:35.34,S3-847024847:35.34,S3-982948654:35.34,S3-625260726:35.34,S3-630414503:35.34	ok
S1-686606677	US	Denet, L.L.C.	732 Gurten Street, New Bern, NC	S2-629495452	52.208157	20	S3-154859557	66.08184	20	66.08184	S2-629495452:52.21,S2-196111483:49.26,S2-426635612:49.06,S2-936189153:48.40,S2-792829711:48.40,S2-636300267:47.20,S2-399500367:47.20,S2-954548109:47.20,S2-148150623:47.20,S2-609069099:46.62,S2-73227605:43.47,S2-457760886:42.48,S2-198831039:41.52,S2-863719075:41.52,S2-305690894:41.52,S2-849245490:41.52,S2-204692497:41.52,S2-733559585:41.52,S2-455895330:41.52,S2-656402519:41.52	S3-154859557:66.08,S3-127541453:65.89,S3-871205601:57.83,S3-704206499:48.42,S3-518601157:48.42,S3-855398549:48.01,S3-199245529:48.01,S3-277542079:48.01,S3-496527908:46.27,S3-994010528:45.37,S3-417808127:44.25,S3-884289513:44.25,S3-354430680:44.25,S3-652259704:43.90,S3-41962492:43.90,S3-321151856:43.90,S3-248768181:43.76,S3-411617398:41.61,S3-650423190:41.61,S3-343877569:41.61	ok
S1-882333179	India	Urban Services LLP	26B, Balaram Ghosh Street, Kolkata, Kolkata, Howrah, West Bengal	S2-981454639	52.12608	20	S3-774012205	54.27049	20	54.27049	S2-981454639:52.13,S2-325835575:51.84,S2-696110530:51.75,S2-446491328:51.75,S2-896501791:51.75,S2-249016961:48.81,S2-373767605:48.81,S2-546453170:47.96,S2-649433889:47.66,S2-293737538:47.50,S2-418134543:47.14,S2-643563998:47.08,S2-162716286:45.83,S2-558977433:45.35,S2-138526601:45.31,S2-157262039:45.31,S2-538452427:45.26,S2-65223133:44.94,S2-244471751:44.77,S2-915202445:44.06	S3-774012205:54.27,S3-389988486:53.70,S3-854115061:53.68,S3-467161515:50.27,S3-339417926:49.05,S3-968364288:48.99,S3-134248353:48.29,S3-206324237:47.23,S3-972096424:46.89,S3-741883097:46.41,S3-4607887:44.87,S3-794963239:44.15,S3-171723059:44.11,S3-683128382:43.24,S3-26267301:42.40,S3-464908498:41.91,S3-8791972:41.84,S3-199680754:41.80,S3-895006399:41.61,S3-211534481:41.56	ok
S1-625416714	US	Dermatology Center LLC	7523 Pleasant Run, Fl 1, Scottsdale, AZ	S2-405165079	41.067173	20	S3-81353426	57.642384	20	57.642384	S2-405165079:41.07,S2-398548323:41.07,S2-718363275:41.07,S2-335726698:40.88,S2-874087805:40.56,S2-597425394:39.81,S2-748631761:39.81,S2-949031233:39.81,S2-750991166:39.81,S2-543805705:39.21,S2-285038552:38.91,S2-560530844:38.63,S2-293958365:38.37,S2-326928127:38.37,S2-26268004:38.37,S2-279220281:38.35,S2-332538640:38.11,S2-284095600:38.11,S2-623851536:37.89,S2-101447784:37.48	S3-81353426:57.64,S3-623532729:51.38,S3-660425620:43.90,S3-527330838:43.31,S3-930892026:43.31,S3-360146176:43.31,S3-667697593:41.74,S3-458371364:41.74,S3-417220305:41.32,S3-404578423:40.91,S3-943718183:39.78,S3-371842272:39.78,S3-194251067:39.77,S3-558345124:39.75,S3-232362646:39.75,S3-528000763:39.62,S3-378946446:39.62,S3-421975046:39.48,S3-209704121:38.79,S3-974509276:37.69	ok
S1-605798030	US	Vasquez Tokyo LLC	AL, 818 Daphmont Drive, Daphne	S2-530387679	90.4914	20	S3-278726983	54.14047	20	90.4914	S2-530387679:90.49,S2-226223436:86.79,S2-583448472:61.73,S2-247293844:61.73,S2-179815327:61.63,S2-205555644:61.23,S2-969098311:53.97,S2-572148042:40.62,S2-489688286:39.98,S2-773377020:39.66,S2-449685671:39.59,S2-537500057:39.00,S2-24101008:38.56,S2-395285197:38.39,S2-162571410:38.31,S2-124415322:38.03,S2-738363153:37.56,S2-562704984:37.47,S2-559890908:37.45,S2-321805128:37.45	S3-278726983:54.14,S3-604111608:48.20,S3-645160105:43.65,S3-137834767:41.20,S3-204563336:39.07,S3-776611762:38.66,S3-331348681:38.66,S3-198652865:38.61,S3-147877457:38.31,S3-983778092:38.30,S3-7275097:38.13,S3-282649393:37.66,S3-935736071:37.66,S3-941202337:37.23,S3-141734093:37.04,S3-564244879:37.02,S3-434820844:37.02,S3-305731273:37.02,S3-705678537:36.92,S3-263735612:36.30	ok
S1-256674489	US	Surgical Piedmont Care LLC	23 Reservoir Lane, Stafford, CT	S2-6731397	51.927765	20	S3-211779670	65.205956	20	65.205956	S2-6731397:51.93,S2-843833268:51.21,S2-424147842:49.47,S2-55200492:47.78,S2-870892129:45.97,S2-43539703:45.55,S2-702469808:45.55,S2-206278608:45.43,S2-835921683:45.43,S2-817507326:45.43,S2-365215297:45.00,S2-286499997:44.13,S2-135248832:43.92,S2-899323910:43.92,S2-578154152:43.92,S2-219006776:43.92,S2-226220692:43.78,S2-705009390:43.78,S2-335621235:43.78,S2-749741536:43.71	S3-211779670:65.21,S3-121272037:55.43,S3-61121034:52.00,S3-354902899:51.29,S3-534679764:45.71,S3-835327513:45.69,S3-377958861:45.69,S3-772455920:45.69,S3-169711806:45.22,S3-311680555:44.02,S3-388693424:44.01,S3-622012451:43.95,S3-730966894:43.60,S3-488526451:43.35,S3-599032150:43.18,S3-460378459:43.18,S3-224879436:42.02,S3-166780288:41.41,S3-524318827:41.35,S3-651920657:41.28	ok
S1-962192944	US	Barbra's Integrated Logistics	12886 Overland Trail, Bremerton, WA	S2-684649433	48.099922	20	S3-759991221	97.37249	20	97.37249	S2-684649433:48.10,S2-159820996:47.47,S2-525102293:44.39,S2-185237376:44.39,S2-459234740:44.39,S2-827723211:43.48,S2-970455041:43.48,S2-788861141:43.48,S2-505657600:43.48,S2-702969019:42.77,S2-314697239:42.12,S2-82679775:42.12,S2-436022814:38.87,S2-382354860:38.87,S2-951565941:38.87,S2-833331315:38.56,S2-253922517:38.53,S2-897633152:38.29,S2-719975197:38.10,S2-413449899:38.10	S3-759991221:97.37,S3-66147142:46.15,S3-326316266:46.15,S3-414132649:46.15,S3-375785134:46.15,S3-757637723:46.15,S3-672347805:42.85,S3-700377092:42.75,S3-292726169:42.75,S3-36881837:42.75,S3-73816873:42.75,S3-184703381:42.75,S3-670125101:40.46,S3-787671332:40.46,S3-878568397:40.46,S3-806259187:37.57,S3-574605429:37.57,S3-579836645:37.57,S3-119856965:37.57,S3-761167160:37.57	ok
S1-725678134	India	Fortune Solutions Private Limited	Devaki Sadan, Muttathil Lane, Kadavanthra P. O., Ernakulam, Kerala	S2-337313491	95.99642	20	S3-171302008	52.657917	20	95.99642	S2-337313491:96.00,S2-360537224:59.46,S2-155029384:56.82,S2-456277484:55.18,S2-761463254:55.07,S2-868824881:54.30,S2-489337291:54.18,S2-727442979:50.28,S2-844115110:48.94,S2-354550886:46.45,S2-605399523:46.45,S2-208957239:46.31,S2-331072176:45.77,S2-961790517:45.77,S2-466633504:45.14,S2-622851286:44.98,S2-652052922:44.96,S2-61205710:44.34,S2-984613169:43.79,S2-680481229:43.46	S3-171302008:52.66,S3-873399938:48.14,S3-718504462:44.36,S3-740343217:44.36,S3-663032526:44.36,S3-274809252:44.36,S3-81001111:44.24,S3-889518346:44.24,S3-920406378:44.24,S3-790868099:44.24,S3-252166392:44.24,S3-976024460:44.24,S3-643001634:44.24,S3-852459667:44.24,S3-911234402:43.32,S3-914914650:43.32,S3-473414455:43.32,S3-567027835:43.20,S3-371996937:42.47,S3-307904638:42.38	ok
S1-104247440	India	Nandlal Polytechnic	E-363 T/F Greater Kailash Part-2, Delhi, New Delhi, Delhi	S2-975325142	92.319954	20	S3-812938300	99.91272	20	99.91272	S2-975325142:92.32,S2-48579073:56.44,S2-788658913:56.44,S2-670939193:54.95,S2-251899547:54.95,S2-665683808:53.43,S2-987576690:51.30,S2-139402169:50.77,S2-190932232:49.57,S2-546061360:49.29,S2-8518384:47.93,S2-844366626:47.60,S2-7019541:47.56,S2-522155838:46.47,S2-481094277:46.23,S2-528744476:45.99,S2-862498153:45.77,S2-900689017:45.30,S2-640644980:45.28,S2-23534195:45.16	S3-812938300:99.91,S3-854475574:54.19,S3-970087034:53.99,S3-976042410:53.72,S3-575292939:53.14,S3-586020555:51.15,S3-294570890:50.56,S3-724656743:50.22,S3-360326473:48.88,S3-75892046:45.50,S3-152802582:45.29,S3-479717224:44.58,S3-139980632:44.52,S3-753951640:43.92,S3-637661278:43.72,S3-538051421:43.42,S3-570493562:43.36,S3-628859557:43.36,S3-165985868:43.29,S3-543962380:43.11	ok
S1-64750477	US	Oncology Atlantic Associates LLC	109352 4290 Road, Checotah, OK	S2-481501850	47.92214	20	S3-514432385	72.9364	20	72.9364	S2-481501850:47.92,S2-975173024:46.84,S2-591582111:45.70,S2-779833198:45.70,S2-700367952:45.64,S2-208655931:45.64,S2-564582497:45.64,S2-716901443:45.64,S2-526095712:45.64,S2-355964749:45.29,S2-478118457:45.19,S2-306145075:45.17,S2-814421229:43.42,S2-675873775:43.29,S2-322265258:42.53,S2-216707686:42.41,S2-113137799:42.35,S2-130314815:42.31,S2-44900994:42.31,S2-510816640:42.22	S3-514432385:72.94,S3-886420693:70.45,S3-943374766:55.90,S3-128031160:52.38,S3-951036198:52.32,S3-194177166:47.14,S3-298773751:46.04,S3-276628338:46.04,S3-451389228:45.98,S3-167503305:45.39,S3-956799253:43.65,S3-974885674:43.65,S3-580886660:43.65,S3-220065244:43.62,S3-82339063:43.62,S3-417279602:43.62,S3-175150640:43.62,S3-707238658:43.62,S3-856846954:42.87,S3-373031484:42.62	ok
S1-772536415	India	Madhuri Group	B/503 Raheja Height, A K Vaidya Marg, Nr. Infinity It Park, Goregaon East, Mumbai, Mumbai City, Maharashtra	S2-949867412	102.16465	20	S3-555313898	70.40646	20	102.16465	S2-949867412:102.16,S2-199934530:54.10,S2-450299221:49.76,S2-721807406:47.72,S2-108850771:47.01,S2-773408912:46.96,S2-382444367:46.49,S2-196588283:45.03,S2-376016480:41.56,S2-3598738:41.12,S2-285200211:41.12,S2-824616440:40.87,S2-508868357:40.40,S2-96061904:39.47,S2-94748074:39.47,S2-20404480:39.29,S2-998474127:39.29,S2-776986401:38.70,S2-185721893:38.22,S2-793621163:38.07	S3-555313898:70.41,S3-749620288:55.39,S3-15768965:55.23,S3-567370892:54.01,S3-114816298:47.85,S3-721101646:46.69,S3-362580965:45.38,S3-51665560:44.69,S3-597707950:42.28,S3-79257825:42.28,S3-611194829:41.90,S3-663090978:41.61,S3-613469568:40.91,S3-373056654:40.83,S3-26688717:40.50,S3-444322014:38.89,S3-568926298:38.61,S3-412780211:38.09,S3-648287532:37.52,S3-201869564:37.51	ok
S1-413459261	US	Evert Keystone Tribeca Care	136 Boswell Street, Lexington, TN	S2-942139708	78.69828	20	S3-766843871	79.929276	20	79.929276	S2-942139708:78.70,S2-125675826:78.70,S2-967973139:60.45,S2-497313832:41.48,S2-910126527:41.45,S2-594348595:41.45,S2-792362956:39.28,S2-725438627:38.85,S2-280624120:37.65,S2-405122323:36.90,S2-381059996:36.35,S2-141119333:36.35,S2-514718816:36.35,S2-82288022:36.13,S2-733049762:36.13,S2-136612094:36.12,S2-796562844:36.09,S2-925374369:35.88,S2-787993410:35.75,S2-76161604:35.70	S3-766843871:79.93,S3-395043950:79.93,S3-928153244:78.96,S3-827844341:54.92,S3-623545982:47.41,S3-417230469:47.41,S3-816551114:42.50,S3-598314046:42.10,S3-746456533:41.32,S3-759538790:39.95,S3-535893035:38.01,S3-203531356:37.84,S3-380291243:37.28,S3-577997377:36.78,S3-344073830:36.78,S3-61820859:36.78,S3-894020220:36.53,S3-845242798:36.43,S3-992095181:36.35,S3-747930491:36.06	ok
S1-84068677	US	Premier Steers, Inc	1000 1st Street, Unit 408, Washington, DC	S2-776545221	53.575447	20	S3-296989734	60.827816	20	60.827816	S2-776545221:53.58,S2-774221791:53.58,S2-615173333:52.10,S2-420265901:51.77,S2-452538926:48.77,S2-816122078:45.62,S2-839565020:45.62,S2-985110046:45.62,S2-54515876:41.23,S2-38901404:40.57,S2-101334825:40.57,S2-34771894:40.32,S2-112582557:40.13,S2-28829966:39.68,S2-949046805:39.21,S2-76080261:38.64,S2-970059252:38.47,S2-91613485:38.29,S2-611555152:38.11,S2-502253238:37.95	S3-296989734:60.83,S3-698655188:53.46,S3-664299917:50.42,S3-192503559:46.74,S3-975816168:45.47,S3-216145271:45.41,S3-634090561:45.41,S3-730631076:41.46,S3-307940518:41.44,S3-548467556:40.43,S3-562096547:39.97,S3-866004531:39.72,S3-502519244:38.83,S3-178333477:38.72,S3-988800466:38.68,S3-440217057:38.68,S3-284511048:38.67,S3-457647321:38.50,S3-471101834:38.38,S3-228140913:38.30	ok
S1-333119185	India	South Investment Private Limited	7, National Park Lajpat Nagar-4, New Delhi, South Delhi, Delhi	S2-989394940	60.990276	20	S3-136738924	60.403214	20	60.990276	S2-989394940:60.99,S2-641314200:59.11,S2-388682742:54.12,S2-709120834:53.35,S2-845608367:52.10,S2-942942127:51.31,S2-686029517:51.23,S2-664192422:50.19,S2-188402810:49.97,S2-980339234:49.96,S2-823376113:49.87,S2-956112539:49.39,S2-576749365:49.37,S2-373630381:49.29,S2-217384029:48.67,S2-141789372:48.47,S2-917027219:48.43,S2-984023951:48.28,S2-849459346:48.18,S2-442244524:47.74	S3-136738924:60.40,S3-126319026:59.46,S3-356090181:59.26,S3-262172030:57.66,S3-851402532:55.27,S3-248578441:51.27,S3-566736492:50.55,S3-909035942:50.44,S3-220469634:50.38,S3-965882248:49.90,S3-950190480:49.54,S3-787637352:49.36,S3-267692839:49.14,S3-779152636:48.16,S3-615364369:47.62,S3-340788897:47.54,S3-818021729:47.51,S3-786937405:47.49,S3-496309101:47.49,S3-888906393:47.43	ok
S1-239086845	US	Baker Leapfrog	1910 Glendale Drive, City Of Wilson, NC	S2-839823515	74.51094	20	S3-789424103	51.517082	20	74.51094	S2-839823515:74.51,S2-559213921:45.96,S2-763973751:42.64,S2-420187009:41.74,S2-934878490:41.74,S2-321980861:41.74,S2-277703115:39.24,S2-842519822:38.63,S2-525624661:38.14,S2-542009178:37.96,S2-823721812:37.93,S2-238683138:37.13,S2-124555300:36.83,S2-906588363:36.74,S2-65615861:36.74,S2-186051739:36.74,S2-469208624:35.92,S2-56978420:35.88,S2-955852259:35.43,S2-861108436:35.33	S3-789424103:51.52,S3-436218369:43.76,S3-712016938:39.11,S3-788833867:38.46,S3-984374161:38.04,S3-249514539:37.97,S3-39216505:37.78,S3-314325705:37.28,S3-629232916:36.84,S3-683901086:36.15,S3-831118170:36.04,S3-141571789:35.94,S3-533307706:35.94,S3-73387967:35.91,S3-338763466:35.71,S3-574169189:35.57,S3-796243130:35.52,S3-997334033:35.47,S3-620959413:35.43,S3-597385273:35.36	ok
S1-317731126	India	Study Services Private Limited	Sector 29, Noida, Noida, 1283, Gautam Buddha Nagar, Uttar Pradesh	S2-515641374	58.302673	20	S3-670155562	58.560013	20	58.560013	S2-515641374:58.30,S2-45362257:55.42,S2-434766999:55.12,S2-696652824:55.12,S2-785832142:55.02,S2-423083624:55.01,S2-494127317:54.38,S2-716086571:53.98,S2-270339545:53.87,S2-769133213:52.97,S2-71076879:52.87,S2-970525387:52.81,S2-273925934:52.37,S2-639820348:52.36,S2-120833000:51.80,S2-660244881:51.57,S2-603206780:51.57,S2-482416330:51.29,S2-54660159:51.27,S2-680286007:51.14	S3-670155562:58.56,S3-82905806:56.03,S3-694582841:55.77,S3-880346572:53.50,S3-55681402:53.38,S3-568290704:52.12,S3-11155161:51.88,S3-798215512:51.65,S3-603925134:51.37,S3-498672984:51.27,S3-793938003:50.95,S3-882275673:50.93,S3-969322292:50.83,S3-104969932:50.57,S3-361321962:50.57,S3-424967650:50.43,S3-851297073:50.43,S3-21317948:50.42,S3-241990903:49.97,S3-204053674:49.72	ok
S1-355225721	US	Williams, Beasley & Meng, LLC	2106 Happiness Drive, Taylorsville City, UT	S2-570462450	106.5559	20	S3-490582852	81.68756	20	106.5559	S2-570462450:106.56,S2-907676983:88.24,S2-19079757:85.74,S2-135494491:79.33,S2-863522958:56.48,S2-147727352:51.00,S2-723553037:43.61,S2-403042367:43.61,S2-851485082:42.17,S2-188280256:40.00,S2-7774845:40.00,S2-110017068:39.26,S2-818971596:39.12,S2-863896959:39.06,S2-793008202:38.70,S2-507129723:38.70,S2-254716704:38.70,S2-577675646:38.34,S2-195302810:38.34,S2-333630836:38.34	S3-490582852:81.69,S3-244515472:78.90,S3-30307113:78.16,S3-282722947:73.88,S3-172751951:47.34,S3-935802641:47.34,S3-243474677:46.10,S3-800533524:45.12,S3-587158421:43.96,S3-953571343:43.08,S3-18535330:42.76,S3-890329109:42.76,S3-343798494:42.76,S3-760071105:42.07,S3-731141508:42.07,S3-8435605:42.01,S3-134129425:41.67,S3-405963132:41.49,S3-558618007:41.39,S3-308259310:41.06	ok
S1-621689741	India	Forum Solutions Pvt. Ltd.	Plot No. 2, 3 & 4 Office No. 537 Sec-19A Bombay Oil Seeds, Mumbai, Mumbai City, Maharashtra	S2-385540940	110.27112	20	S3-897886377	106.84585	20	110.27112	S2-385540940:110.27,S2-210760801:67.42,S2-908767926:58.68,S2-364941826:57.34,S2-381046051:57.33,S2-514877780:56.10,S2-109924507:54.00,S2-621362545:52.92,S2-375547988:52.86,S2-246838184:52.83,S2-814417809:52.40,S2-952277173:50.68,S2-705210975:49.91,S2-408676143:49.59,S2-816069449:49.50,S2-859358399:49.41,S2-571997477:48.61,S2-293058956:48.38,S2-598385760:47.94,S2-156630890:47.88	S3-897886377:106.85,S3-510003769:66.34,S3-591689506:61.90,S3-851562720:61.79,S3-807148107:61.78,S3-311546351:59.96,S3-379372632:53.42,S3-815442304:53.31,S3-676501802:53.22,S3-297120964:53.19,S3-712884667:53.19,S3-594475558:53.13,S3-618145538:51.87,S3-434972335:50.79,S3-863077703:48.66,S3-234435077:48.27,S3-756203861:47.16,S3-736412656:47.03,S3-818723012:46.74,S3-639888942:46.73	ok
S1-61022679	India	Bharat Marketing Pvt Ltd	169-B Gf, Cariappa Marg, Khirki Extn. Colony, Delhi, New Delhi, Delhi	S2-223675879	72.81336	20	S3-6449534	82.37276	20	82.37276	S2-223675879:72.81,S2-740940248:62.00,S2-167171568:56.24,S2-312603146:55.42,S2-464048832:54.74,S2-713241171:52.98,S2-267884881:52.98,S2-746227820:52.90,S2-993558560:52.83,S2-312274270:52.43,S2-486697441:52.43,S2-163632478:52.35,S2-340547177:52.11,S2-374493438:52.10,S2-527235445:51.98,S2-468941192:51.85,S2-550282828:51.53,S2-954038084:51.08,S2-861092364:51.03,S2-648547552:51.03	S3-6449534:82.37,S3-591990350:62.39,S3-622222891:62.39,S3-820237940:57.27,S3-126275677:53.13,S3-468885491:52.56,S3-135141680:52.47,S3-934925539:52.28,S3-653195714:52.22,S3-591464758:52.18,S3-968745534:51.79,S3-33698855:51.28,S3-718381828:51.19,S3-477223133:51.11,S3-384783356:51.09,S3-174132037:50.49,S3-891503477:50.49,S3-841553274:49.67,S3-305153598:49.46,S3-520369709:49.46	ok
S1-359743105	India	Advance & Associates	A-109 A Ram Ganga Vihar, Phase-1 Near Stadium, Moradabad, Uttar Pradesh	S2-750159418	82.15198	20	S3-302731990	79.469604	20	82.15198	S2-750159418:82.15,S2-299177362:52.37,S2-187338181:45.58,S2-580846050:44.11,S2-571580374:43.93,S2-200468816:42.98,S2-399921026:42.18,S2-694969247:42.09,S2-265235995:41.56,S2-340332712:41.21,S2-885390507:41.15,S2-141791790:39.94,S2-473003958:39.73,S2-303478783:39.49,S2-176049709:39.47,S2-262197316:39.44,S2-751832354:39.29,S2-735947100:39.25,S2-116629402:38.94,S2-477285634:38.54	S3-302731990:79.47,S3-745316691:44.47,S3-908459450:40.83,S3-649703358:40.50,S3-769149931:40.26,S3-792049979:39.72,S3-548613439:39.45,S3-141363468:39.05,S3-646522854:39.05,S3-145488976:38.87,S3-735777732:38.43,S3-920047489:38.18,S3-637341914:38.00,S3-519919191:38.00,S3-535408092:37.92,S3-254380723:37.90,S3-187378144:37.84,S3-15869949:37.56,S3-278589802:37.55,S3-871698779:37.38	ok
S1-789580018	US	Olanan Latin LLC	12155 Davis Avenue, Brazil, IN	S2-295902151	59.08326	20	S3-183807470	53.384274	20	59.08326	S2-295902151:59.08,S2-17106292:45.11,S2-687446344:44.89,S2-701079684:43.05,S2-721695921:43.05,S2-395335849:42.64,S2-496954388:42.47,S2-98192778:41.54,S2-252975975:41.54,S2-481260269:41.54,S2-858080855:41.54,S2-102487108:41.54,S2-351095476:41.54,S2-818078421:41.54,S2-851723656:41.54,S2-301213094:41.30,S2-863334080:41.30,S2-552938305:41.30,S2-561740536:41.30,S2-618467659:41.30	S3-183807470:53.38,S3-357952598:45.15,S3-131931864:44.93,S3-406753580:44.86,S3-741751619:42.85,S3-232536442:42.85,S3-494606914:42.78,S3-701374394:42.63,S3-27834531:42.57,S3-881479581:42.57,S3-607538315:42.57,S3-483215123:42.37,S3-121211704:42.37,S3-602284431:42.26,S3-161096493:41.41,S3-960274664:41.41,S3-240408511:41.41,S3-398605851:41.41,S3-486260348:41.41,S3-81967926:41.41	ok
S1-614356237	US	Ruiz Sachs	Brooklyn, 1946 53 Street, NY	S2-527522621	63.12599	20	S3-932560445	67.34866	20	67.34866	S2-527522621:63.13,S2-455963946:61.12,S2-512872520:61.12,S2-103552005:61.12,S2-258961571:56.91,S2-103964268:56.83,S2-683681666:53.52,S2-779652242:47.48,S2-464275385:40.43,S2-708572514:38.00,S2-781991924:37.81,S2-917602560:37.11,S2-693051382:36.81,S2-824185284:36.77,S2-379217892:36.68,S2-638076112:36.49,S2-538487100:36.49,S2-918187691:35.27,S2-509236576:35.20,S2-412441013:35.11	S3-932560445:67.35,S3-494636884:64.87,S3-677043807:61.55,S3-754779660:61.41,S3-955661111:53.96,S3-544248506:53.96,S3-542095880:53.96,S3-1536934:53.84,S3-742263765:53.84,S3-477451615:53.84,S3-501986995:53.84,S3-245757782:53.84,S3-570681491:51.05,S3-964013680:44.18,S3-213812333:38.06,S3-215163586:37.64,S3-991145366:37.64,S3-637297108:37.64,S3-457841158:37.64,S3-687264658:37.49	ok
S1-793216799	US	Radford United Bnb Inc	3945 Massey Run, Raleigh, NC	S2-157560594	78.87239	20	S3-747626258	95.93438	20	95.93438	S2-157560594:78.87,S2-854853704:77.60,S2-996608812:70.52,S2-64279938:70.15,S2-140530142:70.15,S2-699120757:63.16,S2-418657372:47.06,S2-863059847:45.22,S2-38677582:42.08,S2-552059254:41.94,S2-797348595:41.94,S2-558061495:41.60,S2-981138131:41.52,S2-869741257:40.53,S2-279577748:40.32,S2-719649059:40.22,S2-530582575:40.18,S2-924995354:40.18,S2-428129340:40.18,S2-161026605:39.91	S3-747626258:95.93,S3-718409712:79.58,S3-776075388:79.43,S3-203402943:73.42,S3-838337432:70.71,S3-389545076:63.93,S3-792264840:62.12,S3-805113774:57.98,S3-226446445:54.94,S3-317537801:53.64,S3-846057128:53.33,S3-396661944:42.91,S3-676111214:42.62,S3-839522012:42.62,S3-542382382:42.18,S3-840269653:41.92,S3-25226384:41.37,S3-544580274:40.17,S3-613182618:39.31,S3-62253233:39.31	ok
S1-870729931	India	Swara Hotel (India) LLP	A/502, Floor 5Th, Plot 11, Siddheshwar Bldg, Lt Dilip Gupte Marg, Mahim, Mumbai, Mumbai City, Maharashtra	S2-386465894	65.88121	20	S3-787727471	128.12975	20	128.12975	S2-386465894:65.88,S2-325089853:63.95,S2-781539925:59.22,S2-839330449:54.26,S2-473555241:52.36,S2-623040734:52.30,S2-263065326:50.76,S2-130753277:48.86,S2-722401434:48.70,S2-816197030:47.99,S2-547304411:47.29,S2-833262914:46.90,S2-59568119:46.58,S2-536618156:46.58,S2-606857604:46.35,S2-448623254:45.62,S2-932283949:44.90,S2-854037969:44.73,S2-54932607:44.58,S2-508044316:44.47	S3-787727471:128.13,S3-936513639:117.29,S3-212718433:66.67,S3-250290470:66.11,S3-418492747:49.80,S3-879356706:49.00,S3-963289625:48.61,S3-524277714:47.15,S3-889536092:46.99,S3-109536627:45.94,S3-888109070:44.71,S3-51773817:44.05,S3-881262434:43.58,S3-303301356:43.54,S3-824783055:43.13,S3-407651388:42.94,S3-372173940:42.77,S3-227336679:42.77,S3-663576653:42.70,S3-947508410:42.51	ok
S1-742441288	US	Gonzalez, Aracena and Christensen Charlton LLC	342 Foordmore Road, Wawarsing, NY	S2-366497541	120.13968	20	S3-48474111	103.611435	20	120.13968	S2-366497541:120.14,S2-244835105:82.22,S2-525360046:58.28,S2-882867064:56.64,S2-40100406:53.28,S2-395940114:53.19,S2-323478131:49.63,S2-749336210:49.02,S2-107282596:49.01,S2-718299224:48.38,S2-480260856:47.77,S2-297649621:46.80,S2-428670666:44.15,S2-540723396:42.92,S2-875597290:42.47,S2-548371210:42.47,S2-633535034:42.47,S2-236908827:42.47,S2-850039113:42.47,S2-201885186:42.45	S3-48474111:103.61,S3-401565047:87.36,S3-626008222:57.06,S3-963612144:57.06,S3-336488643:57.06,S3-325240191:57.06,S3-625335064:56.34,S3-959097553:53.28,S3-869812048:52.36,S3-302601578:52.36,S3-542374318:50.02,S3-342471730:50.02,S3-256497321:50.02,S3-198756732:48.47,S3-856914265:47.43,S3-580785184:44.38,S3-872718838:44.00,S3-358966701:42.91,S3-535282929:42.47,S3-687837586:42.30	ok
S1-532740375	India	Blue Business Private Limited	Surney No. 221, Anjaiah Estates, Behind Samatha Colony, Shaikpet., Hyderabad, Telangana	S2-367288108	53.650238	20	S3-571661012	51.63236	20	53.650238	S2-367288108:53.65,S2-368635360:50.13,S2-895256898:49.22,S2-199401910:47.86,S2-603848762:47.50,S2-152436134:47.24,S2-369700228:46.53,S2-147318816:45.17,S2-23042555:45.17,S2-564750229:45.10,S2-635018785:43.84,S2-242235699:43.69,S2-339167672:43.69,S2-119700968:43.13,S2-254747694:42.74,S2-745420304:42.69,S2-911178781:42.32,S2-347200801:42.25,S2-776778655:42.25,S2-493101645:41.97	S3-571661012:51.63,S3-385460038:47.79,S3-504539540:45.19,S3-334452220:44.92,S3-116270180:44.62,S3-226998144:43.78,S3-348634243:42.94,S3-794465188:42.93,S3-78722520:42.64,S3-632531982:42.55,S3-882316760:42.55,S3-711626831:42.30,S3-771185406:42.17,S3-93632868:42.17,S3-296066394:42.17,S3-863343287:42.00,S3-644096524:42.00,S3-200204118:42.00,S3-164610533:42.00,S3-970725677:42.00	ok
S1-838085024	US	Pacific Trust Corp	1455 Lascassas Pike, Unit B19, Murfreesboro, TN	S2-248238863	67.86427	20	S3-460877131	75.28968	20	75.28968	S2-248238863:67.86,S2-761531410:46.59,S2-619246965:46.59,S2-354437433:46.59,S2-278507644:44.41,S2-672676884:44.41,S2-982730657:43.89,S2-125647251:43.81,S2-434528460:40.80,S2-478988735:40.30,S2-174985022:40.30,S2-656984733:40.30,S2-522545110:40.30,S2-990336542:40.30,S2-546658475:40.30,S2-852346498:40.30,S2-943615872:40.30,S2-970951562:40.30,S2-136842781:40.30,S2-229396922:40.30	S3-460877131:75.29,S3-280870501:47.07,S3-338326060:47.07,S3-423018159:47.07,S3-287565848:47.07,S3-709783847:47.07,S3-11882554:47.05,S3-823431805:41.88,S3-177464016:40.50,S3-535979162:40.50,S3-884576477:40.50,S3-946816311:40.50,S3-697652788:40.50,S3-142686906:40.50,S3-766842270:40.50,S3-617491443:40.50,S3-55571228:40.50,S3-52588561:40.50,S3-339790203:40.50,S3-503496326:40.50	ok
S1-926077111	India	Shasta Personnel Limited	47- Govind Nagar Sector 13, Hiran Magri, Udaipur, Rajasthan	S2-122300641	94.939095	20	S3-576389231	49.974247	20	94.939095	S2-122300641:94.94,S2-312375103:46.63,S2-821736482:46.06,S2-422900477:45.66,S2-58585687:44.89,S2-489350629:44.89,S2-883353113:44.89,S2-459552470:44.89,S2-306851585:44.41,S2-719166166:43.77,S2-720462257:43.17,S2-534707207:43.17,S2-151422554:42.77,S2-209109579:42.39,S2-132120285:42.29,S2-277638620:42.12,S2-677647579:42.08,S2-299969782:41.62,S2-23941158:41.47,S2-29682732:41.47	S3-576389231:49.97,S3-224571130:48.69,S3-37218682:47.61,S3-387045061:45.25,S3-52710000:44.43,S3-802749655:42.57,S3-136750238:42.16,S3-745000352:41.50,S3-729579181:41.50,S3-661224524:41.50,S3-441894230:41.29,S3-189014991:40.86,S3-997915456:40.61,S3-549788490:40.48,S3-954343446:40.43,S3-751984177:40.28,S3-719036670:40.28,S3-792363320:40.11,S3-112399497:40.11,S3-547106525:39.14	ok
S1-740159950	US	Paolina Moran Soulpower, LLC	71 Congress Street, Amesbury, MA	S2-259439788	94.785194	20	S3-738732266	90.07754	20	94.785194	S2-259439788:94.79,S2-658379608:85.42,S2-41487625:82.26,S2-33218644:51.20,S2-874330348:50.48,S2-709131932:44.01,S2-122108419:43.76,S2-669604336:43.17,S2-447281526:42.86,S2-468256205:42.77,S2-709936580:42.47,S2-946831425:42.15,S2-441332477:41.52,S2-294937284:40.97,S2-301777978:40.81,S2-13760096:40.81,S2-600079004:40.22,S2-987604635:40.20,S2-746886697:39.69,S2-374067960:39.69	S3-738732266:90.08,S3-514618035:83.61,S3-973294160:78.66,S3-62602259:56.97,S3-645097733:56.88,S3-116911454:56.88,S3-192854040:42.73,S3-382313231:42.24,S3-252736156:42.14,S3-883215842:42.00,S3-856039759:41.62,S3-876775502:40.57,S3-11493878:40.57,S3-6943995:40.01,S3-20412509:39.84,S3-824024158:39.67,S3-240067630:39.64,S3-474402114:39.60,S3-369498200:39.23,S3-152020460:39.23	ok
S1-51751538	US	Diamond Industrial Labs Corporation	505 Kalispell Avenue, Whitefish, MT	S2-90697440	91.20975	20	S3-681718694	77.63607	20	91.20975	S2-90697440:91.21,S2-268242905:49.86,S2-228440844:49.86,S2-982670076:47.85,S2-820075700:47.77,S2-902277224:46.68,S2-197022375:46.60,S2-536403368:46.60,S2-669577417:46.40,S2-357611093:46.40,S2-184544914:46.40,S2-461317845:46.40,S2-914851926:46.40,S2-893927573:45.77,S2-404196969:44.65,S2-662580571:44.53,S2-110374256:43.73,S2-53748780:43.66,S2-664067054:43.51,S2-180034765:43.01	S3-681718694:77.64,S3-943851347:55.27,S3-977363971:48.37,S3-398224769:47.67,S3-364893981:46.65,S3-87175138:44.09,S3-597134759:41.95,S3-435138610:41.54,S3-772329127:40.95,S3-162846879:40.95,S3-667776053:40.95,S3-721632616:40.95,S3-474719448:40.90,S3-650682582:40.69,S3-568470842:40.43,S3-236926628:40.43,S3-553404307:40.43,S3-702657822:40.43,S3-290346826:40.43,S3-689039794:40.43	ok
S1-999237985	India	Urban Consultants Private Limited	Hyderabad, Pt No 4 And 5, 303 Jg S, Aishwarya Khanamet, Telangana, Serilingampally	S2-901295966	50.350197	20	S3-386121903	93.53331	20	93.53331	S2-901295966:50.35,S2-557841518:49.43,S2-893062279:47.59,S2-87382229:47.33,S2-962160037:47.14,S2-948128729:46.61,S2-940612841:46.05,S2-982889361:45.83,S2-57836788:45.11,S2-553902014:44.94,S2-380665062:44.68,S2-357753367:44.68,S2-622793423:44.30,S2-23038069:44.21,S2-138003138:43.63,S2-706975897:43.36,S2-282074875:42.97,S2-744286534:42.76,S2-893035040:42.42,S2-945010235:42.29	S3-386121903:93.53,S3-815728016:78.34,S3-321101775:48.76,S3-370778676:47.45,S3-121694744:47.27,S3-19613871:46.35,S3-55939966:46.13,S3-670067974:46.10,S3-313298565:45.65,S3-297333156:44.59,S3-325899634:44.38,S3-435458603:43.93,S3-656828340:43.34,S3-622053454:43.29,S3-297387559:43.29,S3-815090540:43.19,S3-762889315:43.17,S3-854214422:43.12,S3-163991511:43.12,S3-159305018:43.12	ok
S1-166140908	US	Vega Silverbox LLC	5 Sheboygan Street, City Of Fond Du Lac, WI	S2-230977342	49.51541	20	S3-213819344	74.43655	20	74.43655	S2-230977342:49.52,S2-416916576:48.68,S2-485795332:48.65,S2-679200585:46.98,S2-804262462:46.58,S2-673084805:45.96,S2-53795311:45.41,S2-639927225:44.96,S2-853520738:44.67,S2-894004784:44.23,S2-752801411:44.19,S2-422389768:44.17,S2-733678214:44.08,S2-678160854:44.08,S2-997974106:44.03,S2-35263144:43.53,S2-80827939:43.53,S2-780711208:43.53,S2-251389744:43.44,S2-577539300:43.43	S3-213819344:74.44,S3-376039724:68.93,S3-392011735:48.99,S3-118727832:45.09,S3-728738191:44.67,S3-849175415:44.67,S3-844752485:44.28,S3-418769659:43.06,S3-730433027:43.06,S3-418577665:42.59,S3-829309721:41.98,S3-643924907:41.86,S3-924484410:41.86,S3-273720115:41.86,S3-999981655:41.86,S3-390182506:41.56,S3-671733173:41.53,S3-379489736:41.44,S3-616663486:41.20,S3-981398026:41.12	ok
S1-145314773	US	Pulido, Heaney & Hubbard	5789 Cambridge Drive, UT, Morgan	S2-440322237	107.59716	20	S3-755371411	106.619316	20	107.59716	S2-440322237:107.60,S2-105385133:101.78,S2-440927119:101.78,S2-214027208:101.78,S2-985273069:101.78,S2-96229743:90.52,S2-64905937:90.52,S2-678275482:90.52,S2-627379054:90.42,S2-333859868:90.42,S2-256801751:90.42,S2-353360609:90.42,S2-343196869:90.42,S2-555680609:90.42,S2-485538804:90.42,S2-268814779:81.88,S2-534829931:81.50,S2-524003079:81.41,S2-356218939:74.97,S2-683655815:71.69	S3-755371411:106.62,S3-660890089:101.53,S3-848845471:101.53,S3-639842869:101.02,S3-359514883:93.50,S3-448439043:92.95,S3-182863122:90.39,S3-697734646:90.39,S3-877395266:90.39,S3-208727772:90.39,S3-188718597:90.39,S3-302476166:90.39,S3-84336183:89.93,S3-537567941:89.93,S3-909579953:89.93,S3-131277163:89.93,S3-318400240:89.93,S3-727540465:81.45,S3-494681636:81.25,S3-852885172:81.25	ok
S1-774645299	India	Devpriya Innovation Private Limited	Behind Jaslok Hospital, Maharashtra, Mumbai, Flat No. 2S Ghia Mansion, Mumbai	S2-367123555	118.22163	20	S3-556946792	89.4825	20	118.22163	S2-367123555:118.22,S2-976130134:56.80,S2-507301859:56.22,S2-503356267:55.27,S2-530740677:54.89,S2-639489399:54.44,S2-635163397:49.58,S2-526265635:49.09,S2-354639710:47.57,S2-628437748:47.19,S2-973055837:44.93,S2-416054027:44.93,S2-997513897:44.88,S2-868911754:44.44,S2-195709545:44.30,S2-489641131:43.57,S2-42521222:43.48,S2-437064333:42.65,S2-872773957:42.48,S2-179803982:42.38	S3-556946792:89.48,S3-104503279:55.50,S3-792517108:54.03,S3-971832807:48.91,S3-445846787:48.86,S3-469958016:47.13,S3-849947365:46.08,S3-992868040:45.72,S3-182711686:43.91,S3-130944895:43.48,S3-960242439:42.81,S3-505488905:42.41,S3-9533862:42.32,S3-630063657:42.32,S3-52927774:42.02,S3-85053050:41.92,S3-788402218:41.58,S3-554588085:41.52,S3-728582988:41.49,S3-205091264:41.32	ok
S1-669864122	India	Urban Exports Private Limited	Maharashtra, Atharva Plaza, Kawala Naka, Kolhapur, 202/3	S2-495479398	60.295193	20	S3-774946810	84.97025	20	84.97025	S2-495479398:60.30,S2-163970651:60.28,S2-560158332:51.34,S2-611859867:47.70,S2-377041149:46.99,S2-776382505:46.94,S2-162453726:45.82,S2-11580758:45.13,S2-612783213:45.08,S2-937358911:45.08,S2-859540291:45.08,S2-816045855:43.18,S2-991668970:42.35,S2-761394279:41.76,S2-270972521:41.76,S2-346816329:41.72,S2-616025153:41.67,S2-998133915:41.41,S2-280676437:40.94,S2-538025737:40.63	S3-774946810:84.97,S3-152632679:51.08,S3-384247529:48.78,S3-605558502:47.69,S3-962149534:47.42,S3-476219556:43.56,S3-463089681:43.56,S3-289552732:43.48,S3-653784522:43.48,S3-530696506:43.48,S3-775313000:42.46,S3-383002253:42.43,S3-497503983:42.34,S3-696679849:42.34,S3-539635091:42.25,S3-117970404:42.25,S3-83051609:42.25,S3-156914908:41.47,S3-804439100:40.78,S3-832408363:40.69	ok
S1-605057518	India	KUR Projects Private Limited	C/O Radhika Residency, Flat No.306, 4Th Floor, B.N.Reddy, Ranga Reddy, Hyderabad, Rangareddy, Telangana	S2-129869056	111.32473	20	S3-902607170	81.57919	20	111.32473	S2-129869056:111.32,S2-865365001:67.69,S2-233335663:67.07,S2-257457275:66.40,S2-980958695:66.28,S2-151340540:65.62,S2-217355489:65.62,S2-218091414:63.48,S2-716433017:59.61,S2-988374181:59.39,S2-408407360:59.39,S2-109862733:52.13,S2-42798181:49.40,S2-51553515:48.72,S2-418680465:48.10,S2-365874311:48.10,S2-579887911:47.65,S2-91692222:47.53,S2-650413202:46.16,S2-299475062:45.27	S3-902607170:81.58,S3-889511828:69.56,S3-783240180:66.85,S3-826367831:65.49,S3-973442277:65.16,S3-683279435:64.81,S3-517059552:64.38,S3-164337161:62.83,S3-130414360:62.83,S3-449112299:58.60,S3-927884283:58.60,S3-951049640:57.42,S3-376300725:57.42,S3-419095624:51.11,S3-889147649:50.39,S3-726929482:49.34,S3-87171757:48.67,S3-732503993:47.95,S3-977587995:47.22,S3-133128134:43.88	ok
S1-747123242	US	Vania Cardenas Market PC	3805 340, Unit LOT 3, Brazil, IN	S2-286954214	111.48507	20	S3-404482182	80.694824	20	111.48507	S2-286954214:111.49,S2-779242094:99.82,S2-757004482:91.35,S2-701435642:90.59,S2-128348641:81.25,S2-480426986:76.18,S2-168507279:54.24,S2-357298031:46.14,S2-566678433:45.47,S2-208950426:45.33,S2-291643753:42.26,S2-566121971:41.66,S2-923442864:40.92,S2-467176601:40.68,S2-378082544:40.40,S2-529764213:40.40,S2-967467265:40.32,S2-797237233:40.32,S2-950776891:40.24,S2-868803475:40.24	S3-404482182:80.69,S3-587960318:80.69,S3-110614320:65.84,S3-678457763:58.61,S3-354047501:46.68,S3-8942579:43.38,S3-568323750:42.28,S3-798697115:42.28,S3-919797302:40.94,S3-567873455:40.94,S3-929270802:40.94,S3-83512120:40.94,S3-640208794:40.82,S3-159488522:40.82,S3-285636877:40.82,S3-292946582:40.82,S3-64786840:40.82,S3-250855086:40.82,S3-55263814:40.75,S3-114666055:40.54	ok
S1-243967245	US	Burnside Twp Charter School	129 White Oak Lane, Burnside Twp, PA	S2-132570297	121.51792	20	S3-45319539	102.223694	20	121.51792	S2-132570297:121.52,S2-899744703:50.87,S2-458595569:49.85,S2-393210931:47.93,S2-161165203:47.83,S2-793080970:46.89,S2-424192489:46.72,S2-545465379:46.72,S2-750262296:46.49,S2-700241370:46.49,S2-356456688:46.39,S2-933912790:46.13,S2-668633815:46.06,S2-270791519:46.03,S2-475536957:45.92,S2-15236842:45.92,S2-404190892:45.92,S2-465594777:45.89,S2-271061560:45.72,S2-257774515:45.72	S3-45319539:102.22,S3-280965321:74.68,S3-733093790:50.58,S3-913746782:50.40,S3-876699791:47.01,S3-324029394:46.54,S3-538344317:46.32,S3-275809817:46.26,S3-835870274:46.12,S3-979052974:46.12,S3-540018904:46.00,S3-342066311:45.87,S3-78472485:45.87,S3-870266743:45.82,S3-651154602:45.82,S3-876218779:45.82,S3-405871664:45.82,S3-24135460:45.82,S3-163839123:45.82,S3-122791338:45.68	ok
S1-369383841	US	Arts Project	ME, 25 Post Office Road, New Sharon	S2-998051618	51.721912	20	S3-350266429	67.38629	20	67.38629	S2-998051618:51.72,S2-843768891:51.23,S2-759593303:50.57,S2-735660083:50.26,S2-353535121:49.51,S2-265839454:49.51,S2-701491464:49.51,S2-1491502:49.51,S2-835497629:49.51,S2-286137531:49.51,S2-137643843:49.51,S2-86969627:49.51,S2-442700848:49.51,S2-347166284:49.51,S2-834180682:49.51,S2-339340189:49.51,S2-317692948:49.51,S2-599768200:49.51,S2-807654997:49.49,S2-720114876:49.49	S3-350266429:67.39,S3-598343258:52.21,S3-984194023:51.98,S3-204360155:50.81,S3-281729320:49.77,S3-523158133:49.77,S3-361053425:49.77,S3-179201309:49.77,S3-365718079:49.77,S3-361348244:49.77,S3-9151895:49.77,S3-690435018:49.77,S3-425181293:49.77,S3-687142114:49.77,S3-492257386:49.77,S3-187919563:49.77,S3-147948277:49.77,S3-777696505:49.70,S3-325637912:49.70,S3-473426556:49.70	ok
S1-569282690	India	Innova Chits Limited	Kh. No 118, Sarkari Barat, Ghar K Paas, Shahberi, Ghaziabad, Uttar Pradesh	S2-442379122	117.60842	20	S3-787621433	50.093384	20	117.60842	S2-442379122:117.61,S2-447805928:117.41,S2-446722271:46.94,S2-905492110:44.26,S2-540464573:44.16,S2-165527838:44.16,S2-491631644:43.98,S2-291319635:42.62,S2-698145023:42.41,S2-503248898:41.83,S2-171398662:41.03,S2-687558330:41.03,S2-475964652:40.96,S2-572060177:40.80,S2-143456321:40.80,S2-541485030:40.71,S2-199596261:40.17,S2-248361436:40.00,S2-987263782:39.98,S2-931175005:39.93	S3-787621433:50.09,S3-193304759:48.45,S3-263568643:47.29,S3-984704079:47.07,S3-304280522:42.26,S3-387747368:42.12,S3-506660295:42.00,S3-597086934:41.97,S3-828137686:41.63,S3-832403998:41.59,S3-173022605:41.59,S3-15223276:40.64,S3-728936912:40.46,S3-59892447:40.46,S3-586267300:39.91,S3-124621486:39.69,S3-413175455:39.55,S3-975350022:39.47,S3-839560403:39.12,S3-131579032:39.03	ok
S1-811672755	US	Sibilla Pittman Wen Inc	625 Main Street, Unit 71, Concord, NC	S2-245053974	103.67109	20	S3-359856684	98.79727	20	103.67109	S2-245053974:103.67,S2-205208896:94.42,S2-755117196:91.78,S2-877198107:91.05,S2-973977806:67.44,S2-106294444:44.38,S2-686359078:42.42,S2-728723902:41.80,S2-525235711:41.70,S2-731596937:40.65,S2-965766134:40.29,S2-387007135:39.58,S2-693943516:39.51,S2-193210609:39.19,S2-865459955:39.02,S2-65115550:39.02,S2-283310772:38.87,S2-439255355:38.86,S2-141757588:38.86,S2-377930901:38.86	S3-359856684:98.80,S3-40989795:98.23,S3-4393231:86.74,S3-361184773:84.67,S3-515949301:46.91,S3-383092690:44.07,S3-163238315:42.24,S3-843637439:41.79,S3-41275945:41.62,S3-208274633:41.22,S3-50803330:41.15,S3-920033615:40.95,S3-586836913:40.65,S3-413757722:40.64,S3-699993732:39.85,S3-608418979:39.34,S3-610382085:39.31,S3-589691958:38.98,S3-473405742:38.98,S3-394187466:38.98	ok
S1-388759589	US	South Animal Hospital	WI, City Of Mayville, 1010 River Knoll Drive, Unit Unit C	S2-872064200	64.980736	20	S3-860456564	85.371895	20	85.371895	S2-872064200:64.98,S2-469244693:62.10,S2-265312376:61.41,S2-255853374:61.30,S2-557563460:58.43,S2-904105227:58.43,S2-791637910:58.43,S2-674634007:58.43,S2-994773754:58.43,S2-703647497:58.43,S2-383658941:58.30,S2-756241324:58.30,S2-853485027:56.88,S2-607849971:56.10,S2-696606979:56.10,S2-435331715:56.01,S2-834384181:55.24,S2-643748816:55.22,S2-270060051:55.11,S2-701126396:55.02	S3-860456564:85.37,S3-218001137:58.51,S3-10132953:58.51,S3-462304378:58.51,S3-330335089:58.51,S3-400750766:58.51,S3-649254216:58.51,S3-536251672:58.43,S3-398527446:58.38,S3-36419607:56.22,S3-560800032:55.46,S3-820373365:54.93,S3-540435145:53.53,S3-822810555:52.95,S3-852190826:52.08,S3-632208141:52.08,S3-773867935:52.08,S3-339257844:52.08,S3-452531487:52.08,S3-199855228:52.08	ok
S1-13805649	US	Weissman Creative Currencyshares	2107 Brickhaven Drive, Greensboro, NC	S2-459178052	102.42103	20	S3-773186551	51.42574	20	102.42103	S2-459178052:102.42,S2-816999883:88.68,S2-135942944:45.54,S2-388099766:45.53,S2-564643671:45.53,S2-913055103:42.97,S2-606732695:42.81,S2-584493793:40.49,S2-387176613:38.62,S2-110608844:38.49,S2-864470100:38.10,S2-477459446:37.62,S2-734458192:37.62,S2-387802418:37.62,S2-819983821:37.62,S2-870180034:37.62,S2-297404386:37.24,S2-911919710:37.21,S2-84179469:36.47,S2-476177228:35.22	S3-773186551:51.43,S3-206202945:45.75,S3-843574357:45.07,S3-260380410:45.07,S3-823200317:43.73,S3-136777373:40.12,S3-899228253:38.34,S3-867152238:38.34,S3-608423965:38.34,S3-615155621:35.71,S3-226667739:35.71,S3-16693967:35.71,S3-795361528:35.71,S3-910881176:35.71,S3-602985481:35.16,S3-143042343:34.92,S3-914386852:34.87,S3-780299370:34.72,S3-633340912:34.67,S3-424298320:34.22	ok
S1-19338544	US	Fanni F. Alvarez, P.A.	2119 112th Avenue, Edgewood, WA	S2-137231849	113.42855	20	S3-210642299	48.872063	20	113.42855	S2-137231849:113.43,S2-302199045:106.20,S2-985328928:48.12,S2-13199136:46.02,S2-975352878:42.49,S2-753903882:41.66,S2-898515084:40.70,S2-205163036:40.70,S2-426528416:39.39,S2-46957247:39.23,S2-744691422:38.93,S2-693698801:38.81,S2-134607451:38.81,S2-796386517:38.81,S2-317526387:38.81,S2-452916216:38.81,S2-594769811:38.81,S2-190115728:38.81,S2-8212684:38.81,S2-190958684:38.81	S3-210642299:48.87,S3-903299651:48.72,S3-400135197:43.15,S3-394264095:43.15,S3-695506571:43.04,S3-283194894:43.01,S3-667287383:42.51,S3-669050200:42.00,S3-352365792:38.82,S3-161300260:38.78,S3-923847048:38.75,S3-147200015:36.88,S3-694209813:36.82,S3-853375083:36.82,S3-440108498:36.82,S3-693605896:36.82,S3-710342370:36.71,S3-701356463:36.71,S3-553381671:36.71,S3-610043988:36.71	ok
S1-509026858	US	Creative Plutonian Care	Portsmouth City, 306 Plover Drive, VA	S2-401592874	53.071102	20	S3-504970172	74.20738	20	74.20738	S2-401592874:53.07,S2-218293361:52.23,S2-221143753:52.23,S2-650811288:51.97,S2-431356070:51.97,S2-558334988:45.73,S2-613970554:45.73,S2-485285512:45.73,S2-180977306:45.73,S2-487218893:45.73,S2-349269142:45.73,S2-318630738:45.73,S2-350606941:45.73,S2-5681097:45.51,S2-850106071:45.51,S2-535746207:45.51,S2-898072403:45.51,S2-269796126:45.51,S2-114352384:45.51,S2-772214919:44.94	S3-504970172:74.21,S3-182558677:52.21,S3-108016519:52.21,S3-480753608:51.92,S3-381573347:51.92,S3-181144762:49.35,S3-720048091:48.89,S3-59263254:45.78,S3-467984783:45.78,S3-366957903:45.78,S3-121862988:45.78,S3-565180752:45.78,S3-262307716:45.52,S3-975229677:45.52,S3-735227200:45.52,S3-693381476:40.75,S3-166117739:40.52,S3-942862136:40.52,S3-644585029:40.52,S3-650168108:40.52	ok
S1-432964052	US	Conley Piedmont Antimony Co	4 Crescent Place, Almond, NY	S2-895210355	91.65216	20	S3-935711069	95.39363	20	95.39363	S2-895210355:91.65,S2-748752592:78.11,S2-74683809:68.18,S2-539217372:68.02,S2-925018307:68.02,S2-827773085:53.75,S2-741930902:53.75,S2-66320355:51.56,S2-725137878:51.56,S2-331501144:46.50,S2-228024999:44.98,S2-315458950:43.65,S2-739696740:41.46,S2-839143854:41.46,S2-153879102:41.46,S2-673175178:41.46,S2-861127911:41.36,S2-923942033:41.32,S2-798429516:40.77,S2-331564844:40.75	S3-935711069:95.39,S3-745839938:79.11,S3-490580932:71.42,S3-613951343:71.28,S3-986774772:69.04,S3-24331143:69.04,S3-290265753:68.91,S3-653433379:62.22,S3-199600991:62.09,S3-160613293:62.09,S3-454955500:54.97,S3-357028014:51.84,S3-986391672:46.71,S3-256588929:44.11,S3-465026382:41.97,S3-485054259:41.97,S3-649280693:41.88,S3-461728190:41.88,S3-46619480:41.88,S3-122452708:41.88	ok
S1-714048148	US	Leseum Better Paloma	1701 D Street, Unit UNIT 805, Ontario, CA	S2-286932111	59.439022	20	S3-973119745	105.338875	20	105.338875	S2-286932111:59.44,S2-604759133:45.61,S2-208545960:43.99,S2-464867835:43.99,S2-698937141:41.38,S2-504764151:41.38,S2-702496009:41.34,S2-323651563:36.78,S2-339395313:36.78,S2-470939680:36.43,S2-638978657:36.28,S2-193703852:35.95,S2-643060389:35.79,S2-76273802:35.43,S2-720887134:35.43,S2-949184820:34.61,S2-8034309:34.41,S2-805233026:34.41,S2-713454175:34.28,S2-753582855:34.28	S3-973119745:105.34,S3-720493080:49.39,S3-419716712:45.11,S3-581521791:43.30,S3-676624966:41.69,S3-211993575:41.05,S3-628547220:41.05,S3-843229705:40.38,S3-236856485:40.36,S3-276646084:39.98,S3-220949175:38.26,S3-175337301:38.26,S3-829065082:38.15,S3-140961303:37.80,S3-270602526:37.72,S3-27904257:37.72,S3-851396887:37.62,S3-521065969:37.48,S3-206993460:37.14,S3-13465092:37.08	ok
S1-278845792	US	Dolinis Pan LLC	1502 Carolina Drive, Fl 1, Columbia, MO	S2-302879522	93.1734	20	S3-109491712	43.055637	20	93.1734	S2-302879522:93.17,S2-616736841:93.17,S2-346337370:42.71,S2-67759126:41.48,S2-391467862:39.11,S2-244249860:38.63,S2-140159086:38.22,S2-294833961:37.36,S2-801322621:37.35,S2-285892401:37.35,S2-177466646:37.15,S2-559776216:37.09,S2-151377358:36.54,S2-857692745:36.32,S2-57873153:36.18,S2-986116588:35.77,S2-333838548:35.60,S2-131079578:35.20,S2-5074047:35.20,S2-767363827:35.00	S3-109491712:43.06,S3-198079616:39.44,S3-999603155:39.14,S3-152830118:38.26,S3-42357727:38.26,S3-494398208:38.20,S3-703176676:38.20,S3-292875805:38.20,S3-747286469:37.07,S3-371504180:37.07,S3-908510608:37.04,S3-444285693:36.99,S3-914113052:36.99,S3-224289780:36.80,S3-937366320:36.73,S3-699031270:36.60,S3-646822571:36.60,S3-540476634:36.57,S3-727555138:36.57,S3-874200812:36.47	ok
S1-863231222	US	Angelica M. Mobley, D.O.	2147 Mason Avenue, Chicago, IL	S2-867900434	103.43788	20	S3-175736496	91.979614	20	103.43788	S2-867900434:103.44,S2-654445217:45.99,S2-755101777:45.99,S2-933830972:45.40,S2-682990375:43.41,S2-759565624:43.34,S2-193361887:43.15,S2-99714274:43.15,S2-289228179:42.67,S2-784205922:41.83,S2-923101031:40.80,S2-19803703:39.94,S2-468978138:39.54,S2-835838889:38.52,S2-518535810:37.63,S2-183195084:37.48,S2-374047012:37.45,S2-76151714:36.82,S2-334030649:36.82,S2-47147662:36.82	S3-175736496:91.98,S3-238277535:85.28,S3-768077562:75.11,S3-626242033:51.89,S3-200069235:46.76,S3-358966853:46.76,S3-789509479:46.76,S3-646749097:42.95,S3-585150755:41.49,S3-426242198:41.49,S3-267828629:40.82,S3-179700715:39.53,S3-879560752:39.53,S3-497758195:39.01,S3-993213284:38.61,S3-416185188:37.93,S3-718942147:37.93,S3-443990987:37.49,S3-250940931:37.44,S3-930468752:37.44	ok
S1-822974123	India	South Business Private Limited	Icon Rio Shop No 703, B/H Icon Business Center, Nizar, Surat, Gujarat	S2-124955398	65.95836	20	S3-718231202	66.41616	20	66.41616	S2-124955398:65.96,S2-290100458:65.73,S2-200969817:55.02,S2-924939984:53.52,S2-651513002:51.77,S2-889952270:51.76,S2-284230538:48.72,S2-198124005:48.64,S2-140560726:48.64,S2-779158191:47.20,S2-310925963:47.12,S2-718391765:46.01,S2-405260505:45.67,S2-758066122:45.60,S2-778081045:45.38,S2-230306386:45.38,S2-661202615:45.36,S2-430182845:45.21,S2-994786861:44.38,S2-563281654:43.94	S3-718231202:66.42,S3-652065421:52.84,S3-638863983:52.46,S3-290519909:52.10,S3-119334569:51.16,S3-826087222:49.26,S3-638032874:48.93,S3-913026613:46.81,S3-785783856:46.50,S3-791036535:46.10,S3-745807287:44.40,S3-740042583:44.29,S3-439087222:43.67,S3-259567625:43.67,S3-377780200:43.41,S3-9768578:43.41,S3-964319131:42.82,S3-961989446:42.38,S3-861507959:42.33,S3-612576931:42.33	ok
S1-657165229	US	Optimal Freight Group	16326 Lairs Run Road, Rockingham County, VA	S2-263944055	83.13371	20	S3-903673630	55.705944	20	83.13371	S2-263944055:83.13,S2-204245736:54.08,S2-831860853:47.43,S2-408333126:47.43,S2-402256571:47.43,S2-935785712:47.27,S2-659977107:47.27,S2-685699072:46.92,S2-706660753:44.40,S2-144079063:43.75,S2-350101657:43.61,S2-115019078:41.53,S2-372610351:41.53,S2-570975810:41.53,S2-958146092:41.53,S2-125413943:41.53,S2-503948022:41.53,S2-653892723:41.53,S2-630238462:41.53,S2-71502658:41.53	S3-903673630:55.71,S3-908862100:47.59,S3-594104315:47.47,S3-679869223:47.47,S3-223134717:47.47,S3-839791619:47.33,S3-318464257:47.33,S3-73955673:42.97,S3-789281700:42.88,S3-236364456:42.58,S3-646333229:41.72,S3-522430879:41.72,S3-112457415:41.72,S3-517458530:41.62,S3-424633704:41.62,S3-180759584:41.62,S3-262738822:41.62,S3-644684292:40.36,S3-980119463:39.62,S3-761512112:39.54	ok
S1-191450745	US	Silver Insurance Studios LP	204 Aarons Path, Beaufort, NC	S2-459738787	90.496605	20	S3-858121129	59.859634	20	90.496605	S2-459738787:90.50,S2-732633328:73.99,S2-611942377:66.38,S2-298082679:48.37,S2-194664886:47.13,S2-641817247:45.92,S2-734078255:45.70,S2-467901528:45.64,S2-231473082:45.34,S2-980806032:44.87,S2-900904122:44.86,S2-37002183:44.86,S2-503398283:44.86,S2-517522273:44.83,S2-537121770:42.80,S2-870816720:42.19,S2-891513913:42.19,S2-874981830:42.19,S2-578352564:42.19,S2-426626808:42.19	S3-858121129:59.86,S3-547578020:59.86,S3-887483747:59.86,S3-782986697:48.44,S3-457919758:48.44,S3-174691034:47.45,S3-698287589:47.43,S3-143319779:47.43,S3-762183363:43.46,S3-629010703:43.45,S3-648282131:42.74,S3-469917961:42.66,S3-800779814:42.50,S3-960310809:42.50,S3-904771402:42.50,S3-318830868:42.50,S3-622339251:42.50,S3-428171470:42.50,S3-120027269:42.50,S3-871862171:42.50	ok
S1-228265445	US	Blake Xflh	10091 Ely Drive, Indianapolis, IN	S2-686568815	83.366165	20	S3-475361767	71.36559	20	83.366165	S2-686568815:83.37,S2-529835774:65.44,S2-973080320:65.44,S2-880865944:50.97,S2-233725234:43.98,S2-376422492:43.98,S2-423600701:41.82,S2-285932026:39.80,S2-792455896:39.17,S2-726949382:38.62,S2-505817206:38.55,S2-409149632:38.52,S2-200237967:38.13,S2-999330829:37.88,S2-912057727:37.63,S2-856518330:37.56,S2-547268588:37.37,S2-334239167:37.37,S2-771854387:37.06,S2-258942599:37.06	S3-475361767:71.37,S3-733526145:69.05,S3-41526000:69.05,S3-597504309:65.67,S3-503977328:51.35,S3-992232385:42.78,S3-753041385:42.52,S3-426114924:40.56,S3-367979202:40.08,S3-872884871:39.49,S3-947083119:39.47,S3-94028110:39.47,S3-818407961:39.47,S3-193070585:39.47,S3-589422087:39.47,S3-782712638:38.21,S3-995624438:38.00,S3-577678323:37.65,S3-742011103:37.52,S3-807684767:37.50	ok
S1-662399764	US	Roberts Flagstar LLC	762 Emma Lane, Bowling Green, KY	S2-532256599	82.259895	20	S3-900801087	52.43373	20	82.259895	S2-532256599:82.26,S2-148242219:61.14,S2-287686857:43.76,S2-92495395:43.02,S2-282052657:42.84,S2-782603108:41.45,S2-468208597:41.28,S2-158925305:39.95,S2-664384040:39.20,S2-843674125:38.91,S2-949487790:38.69,S2-54776378:37.91,S2-181568854:37.15,S2-534224916:37.11,S2-783962959:36.90,S2-167536413:36.90,S2-420465648:36.90,S2-462506721:36.86,S2-608309881:36.66,S2-423311595:36.64	S3-900801087:52.43,S3-293637122:46.39,S3-296140874:46.38,S3-504819281:43.91,S3-146923357:43.07,S3-308217335:43.07,S3-718760369:42.22,S3-792482230:41.79,S3-344885814:38.80,S3-134881967:38.80,S3-91981363:38.80,S3-773983979:38.71,S3-202234692:38.67,S3-526475904:38.61,S3-612155545:38.33,S3-634151300:37.83,S3-267994187:37.43,S3-711339584:37.37,S3-238861266:37.06,S3-444617838:36.68	ok
S1-294943760	US	Hamlet Airport of Chicago	2746 85th Place, Chicago, IL	S2-704777527	50.513397	20	S3-955446873	84.31485	20	84.31485	S2-704777527:50.51,S2-351702304:49.37,S2-575825067:48.88,S2-461884507:48.88,S2-577072003:48.88,S2-560313469:48.72,S2-152906841:48.72,S2-673056913:48.72,S2-403571234:46.95,S2-67047080:46.80,S2-195830618:45.30,S2-666464542:45.30,S2-577945050:45.30,S2-787945875:45.30,S2-237961730:45.30,S2-447788478:44.63,S2-248865115:44.63,S2-569501769:44.63,S2-936702529:44.63,S2-461365523:44.63	S3-955446873:84.31,S3-689563360:83.93,S3-46052666:48.25,S3-927043714:46.47,S3-295653325:46.44,S3-393637139:45.40,S3-840414276:45.16,S3-632684010:45.04,S3-738981996:44.98,S3-747180465:44.98,S3-274552601:43.57,S3-832029064:43.49,S3-797844674:43.10,S3-612083489:42.74,S3-621129287:42.74,S3-753611843:42.69,S3-407853578:41.25,S3-388810621:41.25,S3-814324967:41.21,S3-660856109:41.21	ok
S1-688339461	US	Wilie Espitia Fashion Clinic	105 Logan Street, Attica, IN	S2-685484218	107.160934	20	S3-676398225	96.212944	20	107.160934	S2-685484218:107.16,S2-876985789:101.87,S2-859786456:97.14,S2-460775265:88.66,S2-199988590:86.39,S2-647006399:46.76,S2-827747963:44.69,S2-474885555:41.15,S2-34197577:40.95,S2-359214072:40.59,S2-553178830:40.32,S2-543016234:38.00,S2-566901158:38.00,S2-500284922:37.12,S2-999427241:36.74,S2-324121061:36.42,S2-639936049:36.17,S2-627985397:35.54,S2-34174081:35.54,S2-610825594:35.54	S3-676398225:96.21,S3-248358022:87.79,S3-238903019:87.79,S3-448028473:85.65,S3-355866904:77.18,S3-507184804:53.23,S3-610214634:46.67,S3-191690010:44.15,S3-294245853:40.17,S3-743127218:40.11,S3-11697646:40.11,S3-526643580:40.11,S3-304619561:40.11,S3-952263474:40.11,S3-933221124:40.10,S3-605100057:40.08,S3-165568671:39.58,S3-62256356:39.58,S3-953020918:38.34,S3-973859471:38.34	ok
S1-507402952	India	Kesar Infracon Pvt Ltd	H.No. 368, Sector-21A, Faridabad, Haryana	S2-763226769	77.12748	20	S3-547399410	71.96858	20	77.12748	S2-763226769:77.13,S2-506958723:50.14,S2-594644186:48.17,S2-229748584:47.26,S2-955961798:46.73,S2-377519326:46.09,S2-827141749:45.33,S2-185015967:44.98,S2-780237886:44.98,S2-528440724:44.81,S2-492335194:44.22,S2-507627136:44.13,S2-627191362:44.03,S2-11275689:43.91,S2-877247291:43.80,S2-962595782:43.52,S2-67272909:43.43,S2-660201812:43.42,S2-764435170:43.06,S2-738499175:42.57	S3-547399410:71.97,S3-961063551:48.52,S3-818263441:47.52,S3-72906993:47.16,S3-601778733:46.67,S3-281243974:46.13,S3-472872540:44.92,S3-846137308:44.92,S3-141019059:44.24,S3-380225892:44.16,S3-490416973:44.16,S3-732499665:43.99,S3-217566061:43.58,S3-148852841:43.18,S3-503293922:42.82,S3-75460228:42.82,S3-733104298:42.55,S3-599676108:42.49,S3-895861880:41.37,S3-650606790:41.17	ok
S1-955566828	US	Continental Project	1809 Filbert Highway, York, SC	S2-661166732	45.0864	20	S3-432436069	60.86128	20	60.86128	S2-661166732:45.09,S2-510231920:45.09,S2-438311885:45.09,S2-221258035:45.09,S2-234454510:45.09,S2-559030216:45.09,S2-815826498:45.09,S2-15502899:45.09,S2-171021785:45.09,S2-362316419:45.09,S2-726158114:45.09,S2-811357302:45.09,S2-925999856:45.09,S2-922506322:45.04,S2-417475205:45.04,S2-222443672:45.04,S2-91538994:45.04,S2-542873545:45.04,S2-309296078:45.04,S2-755467239:45.04	S3-432436069:60.86,S3-111467823:60.86,S3-306388581:48.74,S3-127778124:48.60,S3-156282972:46.81,S3-295228964:45.30,S3-254960161:45.30,S3-441101849:45.30,S3-890161454:45.30,S3-448429806:45.30,S3-297162003:45.30,S3-918378852:45.30,S3-745315018:45.30,S3-81055307:45.30,S3-335747855:45.30,S3-158818927:45.30,S3-154508219:45.30,S3-977172660:45.30,S3-25187572:45.30,S3-865456642:45.30	ok
S1-575097552	India	Dgn Dairy Pvt. Ltd.	Block 1, 6Th Floor, East Wing My Home Hub, Shaikpet, Hyderabad, Telangana	S2-399604660	58.34195	20	S3-260552436	86.48519	20	86.48519	S2-399604660:58.34,S2-153138337:53.37,S2-686800357:52.92,S2-130762535:52.76,S2-931678237:51.03,S2-946395557:50.85,S2-69036742:50.59,S2-647049215:49.31,S2-708682484:49.31,S2-577046126:46.93,S2-438970344:46.49,S2-9776795:46.18,S2-969013234:45.92,S2-680360409:44.55,S2-916607694:44.34,S2-281004559:44.02,S2-665288152:43.88,S2-944691312:43.85,S2-965201111:43.78,S2-750161065:43.57	S3-260552436:86.49,S3-290444323:66.89,S3-500749818:53.37,S3-375262602:52.42,S3-977423153:52.23,S3-290684224:51.08,S3-704099945:50.42,S3-991396162:49.66,S3-304751444:47.04,S3-30026908:46.39,S3-310544821:46.15,S3-308639656:45.90,S3-680899199:45.90,S3-268663950:45.04,S3-65940887:45.04,S3-983292234:44.82,S3-586333463:44.48,S3-496693408:44.47,S3-894792069:44.44,S3-799740842:44.27	ok
S1-758430901	US	West Piedmont Pearl	12821 Vermillion Crossing Court, Huntersville, NC	S2-197998329	92.78007	20	S3-738566404	55.586514	20	92.78007	S2-197998329:92.78,S2-189279093:49.92,S2-951904949:45.03,S2-512451666:43.80,S2-127964733:43.80,S2-545036892:43.71,S2-317013025:43.71,S2-132044919:42.08,S2-505475987:41.68,S2-119597681:41.20,S2-47315853:40.01,S2-203109024:39.04,S2-172830093:38.95,S2-678495128:38.95,S2-6236860:38.95,S2-390751423:38.95,S2-54474151:38.95,S2-621238635:38.88,S2-261566881:38.36,S2-407890508:37.12	S3-738566404:55.59,S3-361971164:50.32,S3-472038864:50.32,S3-592258554:44.16,S3-274158193:44.07,S3-84279442:42.35,S3-856313402:42.34,S3-45626169:40.35,S3-148329177:40.34,S3-780499527:40.34,S3-869559208:39.82,S3-856472445:39.81,S3-64555054:39.42,S3-757058533:39.32,S3-674891178:39.32,S3-690659123:39.27,S3-593912843:37.65,S3-24762935:37.55,S3-173776140:37.55,S3-218600295:37.13	ok
S1-938010711	US	Nexex	230 Coffin Avenue, Unit 2, New Bedford, MA	S2-423440967	46.16481	20	S3-240480213	65.71612	20	65.71612	S2-423440967:46.16,S2-120530897:43.84,S2-706700938:42.99,S2-309293269:42.99,S2-768114176:42.99,S2-331930035:42.94,S2-909639735:42.62,S2-465527920:42.36,S2-6089992:42.36,S2-602883349:42.36,S2-771741132:42.36,S2-490646705:42.36,S2-38140780:40.69,S2-404270691:40.47,S2-53560173:40.28,S2-296789013:40.21,S2-978708548:40.21,S2-931565129:40.15,S2-49707233:39.93,S2-36711863:39.61	S3-240480213:65.72,S3-204860759:65.72,S3-428244510:46.32,S3-205393192:45.59,S3-487964923:43.73,S3-260778841:43.22,S3-474602404:43.09,S3-620099332:43.09,S3-11396566:43.09,S3-22063780:42.59,S3-372971555:42.59,S3-967500200:42.59,S3-617722821:42.59,S3-413739203:42.59,S3-845867454:42.59,S3-831798312:40.55,S3-576009874:40.33,S3-805798887:39.92,S3-897439942:39.84,S3-190388701:39.70	ok
S1-585647572	US	Aycock Mexico LLC	4134 Front Street, Kansas City, MO	S2-328563181	45.384262	20	S3-260789302	50.17826	20	50.17826	S2-328563181:45.38,S2-591001303:45.38,S2-736948517:42.26,S2-688783001:42.26,S2-874126180:42.26,S2-620534343:41.73,S2-116893071:41.73,S2-942213365:40.20,S2-777652623:39.74,S2-964302115:39.74,S2-586352189:39.71,S2-430849256:39.29,S2-841581814:39.29,S2-176641572:38.30,S2-673527876:37.92,S2-277338599:37.92,S2-260600391:37.90,S2-288926655:37.87,S2-922472627:37.70,S2-706268558:37.70	S3-260789302:50.18,S3-592933363:48.74,S3-256087383:46.25,S3-575436832:44.74,S3-137021953:43.73,S3-664487424:43.12,S3-127071961:43.12,S3-210617198:41.46,S3-610354530:41.12,S3-944661211:40.82,S3-811859440:40.47,S3-350981627:40.47,S3-674192183:40.42,S3-577868251:40.31,S3-427491363:40.00,S3-585530514:39.99,S3-692397363:39.99,S3-438881767:39.99,S3-160107185:38.83,S3-758858328:38.34	ok
S1-751172377	US	Wordlaw's Solutions	3806 Woodrail On The Green, Fl 1, Columbia, MO	S2-127597040	29.022644	20	S3-705605999	102.83223	20	102.83223	S2-127597040:29.02,S2-19185839:27.99,S2-410871325:27.47,S2-984957928:26.24,S2-39878997:24.59,S2-292114658:24.59,S2-35173265:24.59,S2-682830345:24.35,S2-106066928:23.41,S2-764658491:23.31,S2-731762501:23.03,S2-79131612:22.86,S2-449626787:22.75,S2-999924892:22.68,S2-143994507:22.68,S2-663359151:22.59,S2-420296199:22.36,S2-430582596:22.36,S2-797329555:22.25,S2-137839923:22.09	S3-705605999:102.83,S3-519608404:30.59,S3-561884887:29.89,S3-964055492:29.25,S3-896348716:26.87,S3-32869337:26.82,S3-664656408:26.17,S3-601332616:26.13,S3-957905985:25.50,S3-945240210:24.96,S3-118946893:24.96,S3-549911764:24.35,S3-408980804:23.51,S3-144923422:23.49,S3-798561761:23.36,S3-740132809:23.23,S3-656038731:23.19,S3-17771446:23.14,S3-172400137:23.07,S3-879096316:23.03	ok
S1-329399191	US	Laia LLC	2807 Park Avenue, Huntington, WV	S2-675364042	53.132767	20	S3-80677896	53.950382	20	53.950382	S2-675364042:53.13,S2-909848959:50.69,S2-442922468:48.52,S2-915658488:48.40,S2-452549489:48.40,S2-192558433:47.10,S2-917102777:47.10,S2-543760968:47.10,S2-920032841:47.10,S2-676397038:46.86,S2-888634758:46.86,S2-591071818:46.86,S2-55370059:46.86,S2-626748172:46.86,S2-524072737:46.86,S2-755418757:45.35,S2-633932980:45.35,S2-136890231:45.35,S2-644621556:45.35,S2-623970671:42.72	S3-80677896:53.95,S3-813902355:51.06,S3-703143317:48.34,S3-855990918:47.80,S3-611070858:47.69,S3-677971582:47.69,S3-536918471:47.69,S3-374891496:47.05,S3-975972732:46.67,S3-22327371:46.67,S3-625431914:46.05,S3-830702118:46.05,S3-103196266:46.05,S3-634603982:45.97,S3-536836017:45.30,S3-556665179:45.30,S3-622063497:45.30,S3-201726633:45.30,S3-747542193:45.30,S3-963611240:45.30	ok
S1-513541584	US	Valley Fund	9612 Wawasee Cove, Fort Wayne, IN	S2-901932261	75.64818	20	S3-429016476	64.84757	20	75.64818	S2-901932261:75.65,S2-840279359:46.65,S2-107295419:43.92,S2-659553674:42.20,S2-853564371:42.20,S2-768304944:42.20,S2-977504828:42.20,S2-760459653:42.20,S2-529868364:42.20,S2-758940532:42.20,S2-942090230:42.20,S2-488747950:42.20,S2-323858217:42.20,S2-448823330:42.20,S2-573682096:42.20,S2-842684507:42.20,S2-441876732:42.20,S2-156337965:42.20,S2-131146590:42.20,S2-63448492:42.20	S3-429016476:64.85,S3-979707052:43.24,S3-436943394:43.24,S3-518233187:43.13,S3-131580229:42.54,S3-55634563:42.54,S3-598010073:42.54,S3-582239577:42.54,S3-113289432:42.54,S3-172732652:42.54,S3-834513129:42.54,S3-620337822:42.54,S3-823627342:42.54,S3-302141203:42.54,S3-43087588:42.54,S3-258522271:42.54,S3-53403356:42.54,S3-563925939:42.54,S3-536796318:42.54,S3-616893537:42.54	ok
S1-415617640	US	Vega Spdr	51 Columbia Avenue, Rehoboth Beach, DE	S2-475855548	60.961075	20	S3-441183707	75.33086	20	75.33086	S2-475855548:60.96,S2-767936599:40.73,S2-846144562:40.10,S2-115627010:39.77,S2-495058490:38.11,S2-410283063:38.01,S2-600593385:37.79,S2-275035900:37.70,S2-842441340:36.85,S2-999618788:36.84,S2-242189304:36.84,S2-221752314:35.42,S2-159040022:35.42,S2-555450453:35.42,S2-927646130:35.23,S2-371285226:35.21,S2-107910045:35.03,S2-949351146:35.01,S2-582856240:35.01,S2-472731200:34.99	S3-441183707:75.33,S3-132077230:39.97,S3-870895001:39.97,S3-794976698:38.96,S3-356621488:38.36,S3-570340788:38.08,S3-675166835:37.97,S3-288733944:37.97,S3-797459622:37.86,S3-433141225:37.75,S3-355080626:37.56,S3-839469961:37.56,S3-424379729:37.43,S3-564751097:37.26,S3-107678799:37.26,S3-654605340:37.13,S3-83970422:36.72,S3-202497283:35.74,S3-358584520:35.28,S3-489790502:35.28	ok
S1-236192712	India	Apex Hari Technologies Pvt Ltd	C/O Geetha Yamuna, Flat-2 Dhanasakthi Avenue, Plot-2, Subramani Nagar, Vinayagapuram, Kolathur, Ambattur, Tiruvallur, Tamil Nadu	S2-262759953	71.66723	20	S3-452091066	86.69837	20	86.69837	S2-262759953:71.67,S2-469703146:53.37,S2-907391287:52.79,S2-567142629:52.48,S2-735522679:52.48,S2-761251584:51.64,S2-475859231:51.49,S2-880760541:49.98,S2-100561142:49.95,S2-812458037:49.95,S2-629290810:49.61,S2-305497768:49.22,S2-665138546:48.15,S2-300092894:48.02,S2-765657391:47.78,S2-320774677:47.75,S2-839238797:47.73,S2-502917082:47.70,S2-490214823:47.27,S2-437499461:47.17	S3-452091066:86.70,S3-754691415:52.94,S3-288667999:52.90,S3-331238783:52.79,S3-96315805:52.13,S3-385905222:51.62,S3-81907844:49.95,S3-525887608:49.95,S3-897021939:49.95,S3-871036130:49.80,S3-938838732:49.35,S3-152288304:48.99,S3-553262004:48.97,S3-393693689:48.59,S3-37849871:48.51,S3-528700766:48.33,S3-720936390:47.96,S3-546648584:47.86,S3-197085779:47.57,S3-697463915:47.47	ok
S1-139445913	India	ZO Service	Wz-908A, Ring Road Naraina, New Delhi, Delhi	S2-696057422	75.219574	20	S3-243520487	47.243176	20	75.219574	S2-696057422:75.22,S2-217221745:60.94,S2-338159543:42.60,S2-889905333:42.32,S2-836322171:41.73,S2-304367581:40.81,S2-598090845:40.07,S2-622699416:39.99,S2-934800056:39.99,S2-247400860:39.80,S2-615432398:39.72,S2-250140370:39.54,S2-545990226:39.39,S2-297425541:39.39,S2-603725734:39.35,S2-46470371:39.31,S2-150727761:38.00,S2-67110524:38.00,S2-509245808:38.00,S2-473602169:38.00	S3-243520487:47.24,S3-698786680:45.99,S3-13029198:41.10,S3-294633012:41.10,S3-770194820:39.89,S3-27663053:39.80,S3-984013286:39.60,S3-844019244:39.45,S3-98958368:38.85,S3-335659731:38.83,S3-435424230:38.35,S3-532972212:38.34,S3-68035668:38.09,S3-57384600:38.09,S3-820158631:38.09,S3-245224299:38.09,S3-675896910:37.85,S3-898803477:37.85,S3-350397955:37.85,S3-771863250:36.96	ok
S1-746662836	US	Tri-State Platinum Ramaco, LLC	244 Jerome Avenue, Staten Island, NY	S2-766871053	99.50765	20	S3-9025882	58.1232	20	99.50765	S2-766871053:99.51,S2-298590124:99.49,S2-873878794:57.79,S2-739440948:57.79,S2-477151472:57.72,S2-452224761:56.99,S2-554976196:56.99,S2-200365163:56.99,S2-720938607:56.99,S2-166257453:56.06,S2-501595840:54.53,S2-44243638:54.29,S2-361820762:53.96,S2-810034123:53.96,S2-272243474:53.96,S2-403478728:53.76,S2-810504676:52.79,S2-904324750:51.61,S2-503110719:51.56,S2-635729667:51.38	S3-9025882:58.12,S3-169275705:58.09,S3-190683560:57.07,S3-464960911:57.07,S3-527407313:57.00,S3-412781259:55.07,S3-342364980:54.52,S3-375088375:54.48,S3-297038697:52.87,S3-692494954:52.29,S3-100008608:52.20,S3-764888801:51.49,S3-772138884:51.44,S3-426331034:51.20,S3-837454887:51.19,S3-372039229:50.81,S3-665448852:50.81,S3-402069599:50.81,S3-338324291:50.81,S3-11812903:50.81	ok
S1-830837393	US	Consolidated Security Alliance LLC	287 Clayton Road, Unit 1, Sheffield, MA	S2-95767729	56.969852	20	S3-885538682	70.40056	20	70.40056	S2-95767729:56.97,S2-878719859:51.61,S2-344822182:51.51,S2-777608162:51.28,S2-998425304:47.88,S2-377967787:46.57,S2-8868512:46.57,S2-833907388:46.57,S2-113143947:45.49,S2-33999485:45.38,S2-244155161:45.38,S2-580204206:45.38,S2-358965412:45.38,S2-390779746:45.38,S2-397155552:45.38,S2-142290164:45.19,S2-617967774:45.10,S2-274794559:43.85,S2-951721376:43.85,S2-339165597:43.48	S3-885538682:70.40,S3-105839470:68.23,S3-453428135:64.02,S3-476658794:45.89,S3-488348176:45.89,S3-398582783:45.73,S3-36520451:45.60,S3-25218534:45.60,S3-459284046:45.60,S3-327384103:45.37,S3-463381394:44.43,S3-818897577:44.43,S3-272611555:44.43,S3-183778983:44.11,S3-130411151:44.11,S3-681358284:44.11,S3-977109078:44.11,S3-713887616:44.11,S3-907522745:42.78,S3-771963631:42.67	ok
S1-303946596	US	Stephine Davis, O.D., P.C.	NC, Chapel Hill, 213 Parkside Circle	S2-324585793	52.798286	20	S3-572996270	102.31034	20	102.31034	S2-324585793:52.80,S2-717175521:51.01,S2-182157971:50.55,S2-521200727:47.55,S2-121165339:47.55,S2-4261790:46.60,S2-695483413:46.60,S2-286524606:43.64,S2-553768117:43.10,S2-784805580:41.27,S2-163027001:41.03,S2-989785781:40.75,S2-996917036:39.64,S2-914634395:39.62,S2-892767462:39.58,S2-240330332:39.51,S2-211425641:39.29,S2-683763886:39.14,S2-521905980:38.97,S2-921857187:38.74	S3-572996270:102.31,S3-265345479:97.17,S3-243397318:53.04,S3-62230632:52.96,S3-824557771:50.66,S3-261406253:48.25,S3-585496087:47.79,S3-813508962:47.79,S3-330926213:47.72,S3-610381240:46.45,S3-702009322:46.36,S3-203890215:46.36,S3-805374570:45.92,S3-350384694:43.49,S3-24500576:43.49,S3-413928497:43.43,S3-123371065:43.23,S3-918357765:43.13,S3-845006278:43.13,S3-784237794:42.83	ok
S1-860468109	India	QJ Consultants Corp	Royal Diam, Fl No.2, Rs-433/1, Sub Plâ3 Tpsâ3 Fpâ300 Nandu Doshi Ni Wadi, Vasta Devdi Road, K, Atargam, Surat, Gujarat	S2-458191200	58.502945	20	S3-31212933	131.98245	20	131.98245	S2-458191200:58.50,S2-115489986:57.95,S2-51814415:54.77,S2-153415138:54.77,S2-898409302:52.84,S2-464975244:51.96,S2-121040129:51.64,S2-64993285:50.37,S2-236772214:50.37,S2-292086923:50.37,S2-630753653:48.12,S2-745608182:47.43,S2-399945374:47.32,S2-633536971:45.34,S2-536598385:43.49,S2-899673880:41.68,S2-435405192:41.44,S2-814062906:41.22,S2-556293458:41.21,S2-464824620:41.04	S3-31212933:131.98,S3-228802747:82.46,S3-894140994:59.50,S3-361164833:58.26,S3-54971965:53.66,S3-486073207:52.75,S3-486603304:51.22,S3-898378344:51.20,S3-844203630:50.74,S3-806574599:50.14,S3-840779380:49.96,S3-617596324:48.22,S3-283737150:46.96,S3-489909101:46.45,S3-376441901:45.96,S3-811954010:45.08,S3-67476199:44.79,S3-28128005:44.52,S3-843050771:43.37,S3-428453524:42.71	ok
S1-701878941	India	Puma Academy	Plot No 41 Tilak Nagar, Bharatpur, Rajasthan	S2-738689770	49.04148	20	S3-48282279	72.38479	20	72.38479	S2-738689770:49.04,S2-96599866:44.32,S2-894500615:42.44,S2-251341122:39.67,S2-373461233:39.22,S2-92954839:38.87,S2-906449298:38.82,S2-619698274:38.45,S2-116309796:37.99,S2-472580725:37.99,S2-335862713:37.99,S2-603733737:36.22,S2-1886796:36.02,S2-387023113:34.59,S2-32748646:34.57,S2-402164008:33.79,S2-659591317:33.79,S2-887335383:33.79,S2-59854742:32.18,S2-882771442:31.82	S3-48282279:72.38,S3-73822668:70.42,S3-51011190:46.98,S3-767172465:46.36,S3-560028081:44.74,S3-695112420:40.68,S3-923692123:40.04,S3-819807024:38.98,S3-501807006:38.98,S3-631976763:36.40,S3-744199029:36.32,S3-783692453:36.25,S3-336833563:34.92,S3-851295010:34.92,S3-692899529:34.92,S3-603920888:34.92,S3-769334718:34.70,S3-662661534:31.86,S3-460775502:31.27,S3-689021730:30.39	ok
S1-782929971	India	Sky Builders Private Limited	No. 341/1, New Colony Road, 15 Velampalayam, Tirupur Tn, Chennai, Tamil Nadu	S2-51643244	94.12201	20	S3-340448596	62.60601	20	94.12201	S2-51643244:94.12,S2-794738171:69.21,S2-753621656:59.57,S2-98092647:59.57,S2-754027092:55.86,S2-888666668:55.00,S2-540115054:54.81,S2-205850389:54.77,S2-497522430:53.77,S2-466626832:53.16,S2-614807328:52.51,S2-703983503:52.39,S2-731240247:52.14,S2-196568448:51.09,S2-478400282:51.03,S2-778538650:50.96,S2-164547320:50.87,S2-897133977:50.73,S2-364355352:50.40,S2-679407145:50.26	S3-340448596:62.61,S3-372850750:57.10,S3-775053459:53.96,S3-329030977:51.59,S3-392336518:50.91,S3-629240035:50.56,S3-657094644:50.53,S3-110834552:50.50,S3-66857549:50.21,S3-780217088:49.99,S3-435988400:49.57,S3-77755394:49.54,S3-542706268:49.40,S3-727219564:49.37,S3-302848874:49.31,S3-195140197:49.31,S3-368107954:49.18,S3-774890954:49.01,S3-866408773:48.99,S3-878909550:48.96	ok
S1-923776897	US	The Dent Bike Shop	Shelton, WA, 1631 Agate Loop Road	S2-960720857	75.157	20	S3-347970404	92.736885	20	92.736885	S2-960720857:75.16,S2-133076058:75.16,S2-685734872:75.16,S2-852927055:75.14,S2-459255579:75.14,S2-705792280:74.83,S2-994473546:73.35,S2-266433971:72.94,S2-125733499:72.94,S2-501589954:72.94,S2-872469039:72.94,S2-11563934:72.94,S2-659866479:72.94,S2-444729617:72.94,S2-328622228:72.94,S2-947802350:72.92,S2-723075104:72.92,S2-596246477:72.92,S2-931095501:72.92,S2-527608519:72.92	S3-347970404:92.74,S3-892502255:92.69,S3-655218852:73.12,S3-53318615:73.12,S3-116483618:73.12,S3-164228699:73.12,S3-353087183:73.12,S3-25813326:73.12,S3-648585216:73.12,S3-601974249:73.12,S3-357654506:72.97,S3-339480110:72.97,S3-139670668:72.97,S3-241839576:72.97,S3-17949526:72.97,S3-822153801:72.97,S3-858056915:72.97,S3-121410525:72.97,S3-456792725:72.97,S3-140500514:72.97	ok
S1-533076339	India	Indian International Private Limited	12, Madhab Ghosh Road Salkia, Howrah, West Bengal	S2-630173938	53.850838	20	S3-530668102	77.463646	20	77.463646	S2-630173938:53.85,S2-621894148:49.33,S2-587452467:48.29,S2-192558011:48.14,S2-454225425:48.12,S2-744185664:47.71,S2-291880043:47.68,S2-180564977:47.68,S2-639774186:47.68,S2-337999593:46.78,S2-377123331:46.54,S2-219397961:46.54,S2-673666145:46.54,S2-436339822:46.53,S2-330084649:46.52,S2-961917886:46.52,S2-114168204:46.07,S2-878274485:45.05,S2-311070137:44.53,S2-194022671:43.27	S3-530668102:77.46,S3-662295395:46.90,S3-744929642:46.89,S3-793884852:46.39,S3-274876135:46.11,S3-482560188:46.05,S3-90945826:45.79,S3-751530036:45.46,S3-905615948:45.46,S3-269742585:45.46,S3-586619771:45.46,S3-537112327:45.46,S3-308055615:45.46,S3-25472126:45.40,S3-127706699:45.40,S3-45518010:45.40,S3-584009329:45.40,S3-484508687:45.40,S3-625670493:45.25,S3-94161747:45.22	ok
S1-191995380	US	Borges & Matthiesen Inc	1008 Lake Shore Drive, Marble Falls, TX	S2-746611819	52.48107	20	S3-289830630	108.51238	20	108.51238	S2-746611819:52.48,S2-390387615:47.31,S2-84681675:46.24,S2-34002087:45.58,S2-123501214:45.58,S2-178291622:43.99,S2-252892999:43.62,S2-498996037:42.96,S2-632408886:42.69,S2-996508323:41.27,S2-726985827:39.22,S2-955469919:39.22,S2-607776867:39.22,S2-356836806:39.22,S2-349921015:37.62,S2-65469940:37.62,S2-380561064:37.62,S2-17614669:37.62,S2-676042307:37.62,S2-300677570:37.62	S3-289830630:108.51,S3-245627462:51.31,S3-255573360:49.85,S3-609505851:47.74,S3-428444753:47.74,S3-282420737:47.74,S3-947224833:45.30,S3-784146595:42.14,S3-703303091:42.14,S3-475761172:41.86,S3-292705409:41.86,S3-594226804:41.86,S3-61089265:41.85,S3-175302321:41.74,S3-87254670:41.74,S3-136162283:40.01,S3-258524635:39.69,S3-756795067:39.69,S3-738883435:39.69,S3-374040714:39.69	ok
S1-616395064	US	Martinez Safe Corp	176 De Vaca Court, City Of Socorro, TX	S2-34815369	82.50516	20	S3-15633329	40.589172	20	82.50516	S2-34815369:82.51,S2-533344660:76.90,S2-901456650:45.04,S2-159844959:41.69,S2-240390342:40.45,S2-584219810:40.45,S2-564685807:40.27,S2-833446615:40.27,S2-421333194:40.27,S2-716843879:39.32,S2-691040745:38.47,S2-63043923:38.47,S2-494944331:37.35,S2-709132545:37.29,S2-655763700:36.63,S2-97076269:36.15,S2-717857966:35.97,S2-524441930:35.94,S2-971732461:35.93,S2-531739938:35.89	S3-15633329:40.59,S3-858583189:39.71,S3-400057172:37.73,S3-267822289:37.35,S3-315938626:37.13,S3-266164900:37.03,S3-469335250:36.55,S3-743129847:36.15,S3-87073794:36.15,S3-497413769:36.13,S3-827172674:36.13,S3-932586708:36.13,S3-250348819:36.04,S3-743525288:35.85,S3-507737873:35.85,S3-75565227:34.78,S3-628593959:34.72,S3-343121532:34.69,S3-298598684:34.57,S3-133621411:34.43	ok
S1-873597824	US	Garner Trusted Culture Inc	150 Elm Street, Southbridge, MA	S2-995872491	75.926895	20	S3-690866732	88.609474	20	88.609474	S2-995872491:75.93,S2-823312377:74.59,S2-173082426:67.53,S2-55334711:67.53,S2-929461047:67.53,S2-69939022:67.51,S2-759017447:67.16,S2-859329890:57.27,S2-803577881:56.32,S2-534124386:55.39,S2-654865588:50.22,S2-559998964:50.22,S2-632514551:46.89,S2-10369810:46.89,S2-938054673:46.88,S2-232587735:42.88,S2-380324273:41.69,S2-745032475:41.32,S2-432747183:41.20,S2-788548517:40.64	S3-690866732:88.61,S3-564234234:76.43,S3-559030246:76.28,S3-300149982:61.63,S3-209047250:56.64,S3-383720143:56.64,S3-596423069:55.72,S3-270079784:55.72,S3-995978269:50.39,S3-4659841:48.60,S3-620150419:47.37,S3-965692467:43.49,S3-178025029:43.27,S3-786473567:40.34,S3-966979910:38.78,S3-910298382:38.78,S3-860704708:38.76,S3-309410647:38.56,S3-676390797:38.55,S3-348905886:38.37	ok
S1-176664205	US	Jackson Nuveen P.C.	7821 22, Chazy, NY	S2-303478695	59.807884	20	S3-221804658	68.746376	20	68.746376	S2-303478695:59.81,S2-15579204:56.57,S2-269848999:44.15,S2-291318954:44.08,S2-283613558:44.07,S2-401581589:44.06,S2-998211272:38.44,S2-18711812:38.44,S2-899893202:38.44,S2-848705468:38.35,S2-304111176:38.35,S2-87805066:38.35,S2-316908560:38.35,S2-107173059:38.35,S2-757444684:37.33,S2-281951268:37.33,S2-379912154:37.24,S2-537502654:35.35,S2-170890961:35.29,S2-492807601:35.14	S3-221804658:68.75,S3-32535863:56.87,S3-219821711:50.04,S3-276290304:49.86,S3-822898900:49.86,S3-306510467:44.41,S3-129191434:44.41,S3-931162599:39.54,S3-436345926:38.52,S3-127349151:38.44,S3-522877332:38.34,S3-410512998:38.34,S3-682738188:38.34,S3-493292993:37.97,S3-326293229:37.24,S3-895586509:37.24,S3-862922588:36.31,S3-216939177:36.31,S3-189072153:34.90,S3-692276248:34.22	ok
S1-837721134	India	Immigration (India) Smart	404, Anandh Haus 4, Urmi Apartamenta, Road, Fatehgunj, E.M.E. Temple Road, Vadodara, Gujarat	S2-253058513	130.42366	20	S3-90679110	125.43809	20	130.42366	S2-253058513:130.42,S2-53503531:43.69,S2-269762407:43.59,S2-877017920:41.73,S2-200341649:39.59,S2-413995805:39.22,S2-653562437:39.22,S2-218610618:38.81,S2-533244971:38.81,S2-330756374:38.81,S2-562632676:38.81,S2-514566186:38.77,S2-621279371:38.21,S2-894446592:38.16,S2-489212722:37.99,S2-840167316:37.99,S2-831056020:37.95,S2-318632226:37.87,S2-58095791:37.13,S2-581634029:36.80	S3-90679110:125.44,S3-287750482:43.72,S3-271029231:43.72,S3-507608969:43.72,S3-929570794:43.72,S3-349834935:43.26,S3-104193551:42.12,S3-404687420:41.57,S3-878840978:40.04,S3-233623594:39.76,S3-221680548:39.39,S3-7709000:39.22,S3-858756587:39.22,S3-375628174:39.16,S3-706765924:39.02,S3-718884925:38.92,S3-364998112:38.92,S3-736765672:38.92,S3-503922593:38.66,S3-339158535:38.66	ok
S1-575480130	India	Prompt Securities Clinic	201, Makhija Chambers, Turner Road, Bandra (West), Mumbai, Mumbai City, Maharashtra	S2-228389233	90.666985	20	S3-397299146	57.65471	20	90.666985	S2-228389233:90.67,S2-824969590:86.95,S2-814862612:65.73,S2-805181932:57.44,S2-528421255:54.12,S2-815483500:47.93,S2-19983333:47.32,S2-460369261:46.10,S2-840959395:43.46,S2-552441424:42.16,S2-674024755:41.40,S2-661209900:41.35,S2-550161511:41.23,S2-657863587:41.22,S2-380814416:40.89,S2-127857744:40.67,S2-303191734:40.63,S2-276695957:40.63,S2-870010256:40.36,S2-427290148:40.01	S3-397299146:57.65,S3-475537822:57.30,S3-672041234:57.30,S3-530055815:57.30,S3-434193638:51.01,S3-438825612:51.01,S3-723186425:48.06,S3-788383557:47.28,S3-287968287:46.14,S3-130240038:43.75,S3-87704323:43.43,S3-645946554:43.43,S3-588782381:43.26,S3-86755195:43.26,S3-746778236:43.26,S3-764534074:42.99,S3-707861302:42.34,S3-574619122:42.09,S3-54649352:41.95,S3-534597368:41.49	ok
S1-431892628	US	Asher and Atwell LLC	6904 5th Place, Sioux Falls, SD	S2-404853978	99.61638	20	S3-665547574	74.52973	20	99.61638	S2-404853978:99.62,S2-388379930:83.46,S2-852043779:80.60,S2-273217164:72.58,S2-495873743:72.16,S2-146123477:67.99,S2-495311157:67.84,S2-649677555:47.59,S2-158109332:46.16,S2-236723621:46.16,S2-411736435:46.11,S2-167026729:45.40,S2-934573602:45.10,S2-417432134:45.10,S2-39698965:44.66,S2-797292382:44.48,S2-468340363:44.47,S2-628562070:43.85,S2-473746640:43.85,S2-671212314:42.91	S3-665547574:74.53,S3-98963410:67.16,S3-605245703:67.16,S3-552023528:49.38,S3-336240904:49.17,S3-250727952:47.22,S3-572209689:46.37,S3-567727276:46.34,S3-292231758:45.71,S3-507552060:45.66,S3-73314633:44.46,S3-733663318:43.90,S3-769403780:43.78,S3-272044639:42.60,S3-614846334:42.60,S3-190120943:42.60,S3-110966521:42.44,S3-835977239:42.44,S3-688092602:42.44,S3-106325121:41.52	ok
S1-637013966	US	Serano and Jean P.C.	80 Fawcett Street, Unit 251, Cambridge, MA	S2-273293575	93.37167	20	S3-533123741	109.602	20	109.602	S2-273293575:93.37,S2-173528420:85.18,S2-689513797:84.67,S2-557128226:75.31,S2-983512902:68.21,S2-739746163:49.83,S2-50934654:47.56,S2-101986409:47.44,S2-693396239:44.40,S2-378788350:43.70,S2-127035801:43.70,S2-336471573:43.19,S2-969186121:42.96,S2-609195553:42.79,S2-119095214:42.72,S2-374794900:42.71,S2-907254407:41.48,S2-837608269:41.48,S2-18229042:40.78,S2-802721880:40.10	S3-533123741:109.60,S3-229271925:75.86,S3-860588838:68.36,S3-705366224:49.56,S3-209578438:46.51,S3-343473629:43.97,S3-357591824:43.36,S3-290841553:42.94,S3-760303059:42.38,S3-307644933:41.85,S3-205478142:41.85,S3-127976905:41.83,S3-99287235:41.57,S3-495834878:39.68,S3-820773368:39.57,S3-881101840:39.15,S3-755615323:39.15,S3-160469368:39.15,S3-785292724:39.15,S3-848522328:39.15	ok
S1-461388586	US	Wright Greenfire, LLC	2622 159th Avenue, Goodyear, AZ	S2-187342825	40.7193	20	S3-870593611	56.05912	20	56.05912	S2-187342825:40.72,S2-906390643:40.72,S2-87341995:40.56,S2-319656464:39.70,S2-460996401:38.79,S2-294343066:38.56,S2-838496524:38.49,S2-739959581:38.02,S2-769123405:38.02,S2-303413156:38.02,S2-750540794:37.22,S2-806622133:37.05,S2-135598656:36.71,S2-774145383:36.71,S2-937459394:36.71,S2-876988740:36.54,S2-136819640:36.33,S2-788381512:35.90,S2-586596285:35.83,S2-631911464:35.83	S3-870593611:56.06,S3-705317693:48.60,S3-12206238:38.64,S3-648428337:38.40,S3-794212722:38.40,S3-226088074:38.09,S3-915928484:37.82,S3-236249345:36.84,S3-906691935:36.84,S3-253521506:36.10,S3-232263375:35.64,S3-162079465:35.43,S3-809384030:35.43,S3-401913316:35.43,S3-542767342:35.42,S3-581346089:35.40,S3-888320429:35.40,S3-592968334:35.27,S3-328091185:35.22,S3-787468313:35.22	ok
S1-446352144	India	Perfect Shakti Engineering Private Limited	205, Masjid Moth, New Delhi, New Delhi, South Delhi, Delhi	S2-813784461	65.07578	20	S3-894219642	94.42643	20	94.42643	S2-813784461:65.08,S2-521395119:61.57,S2-796372128:61.32,S2-294967064:60.93,S2-231760810:60.67,S2-861483696:59.19,S2-771634218:59.13,S2-157877036:59.02,S2-13114244:58.98,S2-447399360:58.94,S2-123051110:58.79,S2-195946833:58.69,S2-386192801:58.49,S2-612610583:58.40,S2-389650087:57.87,S2-511445530:57.68,S2-634541384:57.62,S2-670598741:57.47,S2-481490346:57.35,S2-232653680:57.33	S3-894219642:94.43,S3-123637290:75.44,S3-460737968:65.56,S3-912855358:65.16,S3-244554338:63.91,S3-833741563:62.50,S3-837835436:61.65,S3-901725140:61.19,S3-49522201:60.57,S3-546328510:60.44,S3-426821518:60.30,S3-81294640:60.20,S3-46539330:60.02,S3-720065382:59.14,S3-110441969:58.83,S3-652444819:58.25,S3-256545097:57.76,S3-18998932:57.62,S3-809354326:57.55,S3-342083844:56.99	ok
S1-256896327	India	Shakti Hospitality Limited	Plot No 3A Mac Nagar Goparasnallur, Poonamallee, Chennai, Thiruvallur, Tamil Nadu	S2-484611189	49.58208	20	S3-34354314	53.41057	20	53.41057	S2-484611189:49.58,S2-92750297:49.48,S2-324315268:48.71,S2-332331408:48.55,S2-626779013:48.12,S2-303209821:47.56,S2-782953273:47.41,S2-947760879:46.54,S2-414626276:46.04,S2-484673090:45.91,S2-520375007:45.81,S2-511754267:45.75,S2-38181858:45.55,S2-530997255:45.47,S2-148875387:44.59,S2-573726896:44.30,S2-308808169:44.10,S2-136424988:44.10,S2-933876093:44.10,S2-886601482:44.10	S3-34354314:53.41,S3-324536988:48.11,S3-937929226:48.07,S3-191335821:47.04,S3-913331564:46.88,S3-275612548:46.80,S3-822635049:46.80,S3-596444723:46.19,S3-710159311:46.06,S3-269220115:45.74,S3-479012430:45.53,S3-127401754:44.08,S3-414578804:43.91,S3-981077549:43.76,S3-4927859:43.66,S3-215829615:43.63,S3-840314493:43.54,S3-112582376:42.96,S3-110366095:42.58,S3-760091596:42.51	ok
S1-289577086	US	Federal Consumer Technologies	3420 Mountain Road, Fl 0, Pasadena, MD	S2-380104949	43.316967	20	S3-549913265	65.64722	20	65.64722	S2-380104949:43.32,S2-97278571:43.06,S2-654061798:42.14,S2-232850902:41.17,S2-228684264:40.89,S2-834442453:40.89,S2-577163704:40.70,S2-208048720:40.70,S2-526516437:40.70,S2-947650748:39.79,S2-430221354:39.79,S2-673018907:39.74,S2-442623671:39.74,S2-398738400:38.82,S2-406596584:38.36,S2-653681517:38.36,S2-219294630:38.36,S2-923665083:38.36,S2-905572237:38.36,S2-861259335:38.36	S3-549913265:65.65,S3-881172704:51.56,S3-382075484:46.78,S3-685260044:44.13,S3-366834659:42.92,S3-882504907:41.93,S3-936752256:41.04,S3-276411545:41.01,S3-779749236:41.01,S3-714771274:41.01,S3-58861247:40.31,S3-946725367:39.70,S3-805401745:39.44,S3-578143087:39.43,S3-469548571:39.43,S3-642736457:39.07,S3-716613227:38.28,S3-7913187:38.28,S3-142021726:38.28,S3-67174350:38.21	ok
S1-495080582	India	Dynamic Constructions Private Limited	Shri Barondadevi, Apt Vikasnagari P.P.Road, Virar East, Maharashtra, B-101, Palghar, Thane	S2-47751363	114.27209	20	S3-859096573	50.296284	20	114.27209	S2-47751363:114.27,S2-64607939:106.65,S2-697766099:51.87,S2-770015095:51.09,S2-292366986:49.46,S2-735965778:47.86,S2-552199446:46.93,S2-301291519:46.83,S2-723581502:46.83,S2-115133689:46.83,S2-478406199:46.68,S2-875988541:46.42,S2-490768804:46.24,S2-894867770:45.68,S2-244960171:45.67,S2-625202092:45.57,S2-104896081:45.03,S2-531658920:44.53,S2-952010628:44.52,S2-863764427:44.06	S3-859096573:50.30,S3-645212031:49.01,S3-15917858:48.03,S3-543649352:48.03,S3-893117751:47.37,S3-244600885:47.27,S3-855905094:46.50,S3-980919246:46.28,S3-122519203:45.66,S3-554020629:44.73,S3-703600083:44.73,S3-475935181:44.73,S3-708115770:44.73,S3-565005896:44.73,S3-546371324:44.73,S3-602508716:44.73,S3-675972907:44.70,S3-851044595:44.70,S3-506012067:44.70,S3-397839266:44.70	ok
S1-939737744	US	Coastal Project	13065 F, Ephrata, WA	S2-400929059	58.81423	20	S3-305238623	52.253647	20	58.81423	S2-400929059:58.81,S2-821107104:47.68,S2-650441927:45.07,S2-495515656:43.28,S2-85950407:43.28,S2-188106804:43.28,S2-909586040:43.28,S2-912144593:43.28,S2-400668593:43.28,S2-892612108:43.28,S2-138324303:43.28,S2-794356754:43.28,S2-358424054:43.28,S2-194613962:43.28,S2-180640165:43.28,S2-375362201:43.28,S2-209110295:43.28,S2-282310929:43.20,S2-671721997:43.20,S2-339879233:43.20	S3-305238623:52.25,S3-226493904:44.07,S3-447782476:44.07,S3-563654971:44.07,S3-402046770:43.50,S3-727265707:43.50,S3-390214233:43.50,S3-787958694:43.50,S3-383937091:43.50,S3-352726946:43.50,S3-171236456:43.50,S3-990299128:43.50,S3-732952651:43.50,S3-602971343:43.50,S3-262373594:43.50,S3-920559702:43.50,S3-795784270:43.50,S3-891414090:43.50,S3-708027081:43.50,S3-585930017:43.50	ok
S1-852447013	India	Guru Energy Private Limited	Nsl Icon, 4Th Floor, #8-2-684/2/A, Plot.No. 1 To 4 Opp: Icici Bank, Road.No.12, Banjara Hil, Ls, Hyderabad, Telangana	S2-568805263	60.429775	20	S3-403506090	100.53574	20	100.53574	S2-568805263:60.43,S2-331332424:58.16,S2-769838653:57.38,S2-13397470:56.88,S2-775200985:55.75,S2-960167790:55.45,S2-222211042:54.13,S2-428003380:52.86,S2-371780528:52.81,S2-481045086:52.49,S2-958673927:52.25,S2-129478317:52.16,S2-586300139:51.99,S2-340639669:51.98,S2-843053641:51.41,S2-834028039:50.80,S2-103174787:50.73,S2-633022799:50.61,S2-314194151:50.33,S2-771200494:50.05	S3-403506090:100.54,S3-336183284:59.28,S3-416309553:56.01,S3-927393720:54.53,S3-825692548:53.62,S3-430209539:53.38,S3-478302130:53.20,S3-306253002:52.07,S3-498083744:51.52,S3-385013578:51.46,S3-594999436:51.26,S3-279884994:51.05,S3-815239743:50.84,S3-987042393:50.65,S3-206383758:50.19,S3-316047543:50.12,S3-241659243:50.09,S3-70300482:50.01,S3-347146576:49.84,S3-386850052:49.59	ok
S1-847230816	India	Lakshmi Infrastructure Pvt Ltd	Plot No 28, First Floor, Sri Srinivasa Rangapuram, Rangareddy, K.V.Rangareddy, Telangana	S2-930379000	57.783215	20	S3-660596174	72.93301	20	72.93301	S2-930379000:57.78,S2-271750791:57.04,S2-448795696:55.42,S2-299559465:52.27,S2-205781540:49.26,S2-221281409:48.17,S2-405937872:46.83,S2-979802403:45.82,S2-924205770:45.29,S2-876932583:44.66,S2-960020768:44.55,S2-782717572:44.54,S2-711250118:44.33,S2-35976924:44.20,S2-180278407:43.68,S2-151694863:43.61,S2-823430476:43.53,S2-138783374:43.51,S2-789625643:43.46,S2-546929287:43.33	S3-660596174:72.93,S3-630708268:54.80,S3-56329489:54.73,S3-540771846:52.93,S3-601678019:51.91,S3-635056515:51.91,S3-753012032:51.91,S3-142659052:50.19,S3-367172162:48.95,S3-4568556:48.56,S3-602194405:48.14,S3-253065493:47.44,S3-512723183:47.44,S3-587204849:47.11,S3-356630922:47.11,S3-613018371:46.27,S3-62815386:46.25,S3-975678594:45.71,S3-706163206:45.64,S3-160320854:45.64	ok
S1-591287973	US	Vega Green Australia Inc	2601 Princeton Drive, Albuquerque, NM	S2-829781720	88.893234	20	S3-810164838	52.882328	20	88.893234	S2-829781720:88.89,S2-986470337:88.86,S2-44784067:52.72,S2-654090601:46.89,S2-87166694:44.76,S2-503505058:44.70,S2-222443117:44.20,S2-528702149:43.41,S2-120885506:43.28,S2-621789573:42.20,S2-569050059:42.20,S2-690653173:41.99,S2-440140114:41.89,S2-845364038:41.80,S2-544707624:41.71,S2-551781146:41.71,S2-898814005:41.71,S2-292470898:41.20,S2-125078216:41.20,S2-190794975:40.17	S3-810164838:52.88,S3-538351626:52.88,S3-24524433:51.11,S3-820063426:51.11,S3-763594537:50.38,S3-370695881:47.08,S3-184519707:47.01,S3-319295239:44.88,S3-339596109:44.81,S3-381481016:42.86,S3-748347313:42.22,S3-553834669:42.22,S3-249038202:42.22,S3-339049115:42.13,S3-388566518:42.01,S3-836417851:41.92,S3-687407441:41.92,S3-447433635:41.92,S3-900526154:41.57,S3-93311371:40.67	ok
S1-235759935	India	SJ Soft Private Limited	1St Floor, Saheed Nagar, Bhubaneswar, Orissa, Plot No -733, Khordha	S2-55847541	88.07748	20	S3-972054705	71.62666	20	88.07748	S2-55847541:88.08,S2-178232972:47.83,S2-761910637:46.11,S2-120785696:45.81,S2-312773053:45.24,S2-154044628:44.60,S2-400344408:44.37,S2-137475153:43.93,S2-497570692:43.93,S2-707159579:43.78,S2-723525921:43.75,S2-647445593:43.74,S2-937210758:43.53,S2-997329797:43.53,S2-593267816:43.53,S2-689912439:43.32,S2-201761360:43.25,S2-87340099:43.07,S2-248182043:42.87,S2-144152587:42.80	S3-972054705:71.63,S3-981534291:54.67,S3-853638025:51.10,S3-360753612:49.25,S3-694207435:47.35,S3-566478928:46.90,S3-732420027:45.89,S3-69940093:45.85,S3-454923087:45.52,S3-114125592:45.35,S3-619995613:45.01,S3-809790184:44.58,S3-208491684:44.57,S3-122935106:44.32,S3-132685961:44.21,S3-392522747:44.17,S3-122960772:43.99,S3-917593778:43.39,S3-535368570:43.28,S3-15192930:43.09	ok
S1-935508440	India	HRT Studios Private Limited	B-702, Plot No.-16, Vasundhara Apartment, New Delhi, South West Delhi, Delhi	S2-989602779	46.080715	20	S3-148624317	52.340813	20	52.340813	S2-989602779:46.08,S2-133009606:45.41,S2-838507391:45.23,S2-655513991:44.50,S2-84549355:44.27,S2-908045029:44.19,S2-471726625:43.95,S2-647622834:43.28,S2-775609141:43.25,S2-434100115:42.96,S2-378776504:42.86,S2-149932105:42.33,S2-824067453:42.19,S2-134980540:41.97,S2-879459261:41.92,S2-783734186:41.39,S2-241736713:41.10,S2-440688989:41.07,S2-31588553:41.07,S2-403555346:41.01	S3-148624317:52.34,S3-57430303:48.54,S3-584312721:48.41,S3-643665678:48.09,S3-894514185:47.83,S3-510059219:46.59,S3-953059338:45.10,S3-599204188:45.05,S3-628401146:44.77,S3-454871813:43.76,S3-880235477:43.73,S3-107514378:42.98,S3-424500064:42.89,S3-273187692:42.73,S3-481974089:42.73,S3-238863232:42.28,S3-360832829:42.15,S3-499744838:41.81,S3-413076637:41.04,S3-404657175:40.97	ok
S1-971088957	US	Richardson & Innes	412 Bennett Street, North Tonawanda, NY	S2-108391843	42.916233	20	S3-119514988	86.99036	20	86.99036	S2-108391843:42.92,S2-156517826:41.32,S2-116134411:39.74,S2-528743357:39.74,S2-738254902:38.71,S2-771457585:38.17,S2-938122794:37.84,S2-42438:35.35,S2-895964577:35.35,S2-816152497:35.35,S2-383340726:34.77,S2-832118664:34.69,S2-86235014:33.81,S2-310351308:33.01,S2-85327526:33.01,S2-246903171:32.84,S2-505962532:32.84,S2-307247126:32.73,S2-859576039:32.58,S2-995279749:32.58	S3-119514988:86.99,S3-102959705:46.60,S3-895273175:44.64,S3-267318259:40.86,S3-294904293:39.49,S3-404451042:37.63,S3-257290064:37.38,S3-734145481:37.36,S3-549233223:37.34,S3-417432546:37.26,S3-614382363:37.24,S3-21610904:36.97,S3-355152154:36.37,S3-28155896:36.36,S3-446961966:35.60,S3-395079567:35.02,S3-97713719:34.97,S3-536839711:34.51,S3-120695151:34.46,S3-300779272:33.58	ok
S1-235494406	India	Malti Hr Private Limited	1St Floor No.202, 2Nd Main, Kasturi Nagar, Ngef Layout, Bangalore North, Bangalore, Karnataka	S2-558476456	76.82503	20	S3-629376402	102.71527	20	102.71527	S2-558476456:76.83,S2-964549035:70.09,S2-245470430:64.61,S2-425168096:63.09,S2-377959991:55.38,S2-301966456:54.97,S2-706712409:53.41,S2-342703784:53.13,S2-162080559:53.11,S2-161232514:52.44,S2-888233226:50.69,S2-35828627:50.29,S2-184458448:48.66,S2-865705532:48.54,S2-548185156:48.39,S2-671481447:48.29,S2-627775062:48.20,S2-968717228:48.11,S2-738064151:47.95,S2-304937199:47.95	S3-629376402:102.72,S3-25458154:86.10,S3-754498426:71.28,S3-318658188:64.77,S3-674687189:64.06,S3-616569928:63.73,S3-144986745:57.67,S3-606297762:56.68,S3-305991139:55.54,S3-19848432:54.28,S3-337719248:53.53,S3-876959568:52.62,S3-888862507:52.05,S3-722481156:50.80,S3-238181465:48.00,S3-606894:47.96,S3-831402258:47.88,S3-795602476:47.85,S3-638645506:47.67,S3-427379976:47.58	ok
S1-218564416	India	Thiruvananthapuram Beverages Ltd	T.C86/1189/3, Auravista, Aksharaveedhi Lane, Pettah, Thiruvananthapuram, Thiruvananthapuram, Trivandrum, Kerala	S2-44220283	63.864285	20	S3-243821230	132.97873	20	132.97873	S2-44220283:63.86,S2-334702310:62.10,S2-489887959:61.53,S2-852350197:61.15,S2-306771739:59.99,S2-512355727:59.99,S2-852675852:59.17,S2-272809524:59.11,S2-129154867:58.59,S2-972275024:57.92,S2-180413974:57.78,S2-555314325:57.52,S2-560184024:57.41,S2-569053379:57.33,S2-128662555:57.24,S2-349336420:56.31,S2-751560342:56.31,S2-893834121:55.95,S2-446236056:55.95,S2-963903491:55.89	S3-243821230:132.98,S3-812484311:90.65,S3-699709463:71.35,S3-907031236:60.99,S3-438212775:59.98,S3-265351792:58.88,S3-572515757:58.46,S3-152663739:58.44,S3-117099424:57.66,S3-195257773:57.57,S3-40858699:57.02,S3-459872688:56.41,S3-36121232:56.00,S3-395995907:55.61,S3-734536521:55.58,S3-988392739:55.37,S3-993844145:55.32,S3-338687979:55.23,S3-10438372:55.03,S3-843805447:54.89	ok
S1-196950383	India	Pace Foundation (India) Private Limited	12, M.M Feeder Road Flat-4B, Block-16, Kolkata, Kolkata, Howrah, West Bengal	S2-830823923	90.713326	20	S3-492225123	102.6434	20	102.6434	S2-830823923:90.71,S2-740472126:57.53,S2-807054902:56.45,S2-798570129:54.98,S2-991051705:53.01,S2-309032975:52.93,S2-891427376:52.10,S2-511642128:51.56,S2-669767917:50.20,S2-733224804:49.85,S2-45478165:49.84,S2-116443840:49.78,S2-263555884:49.29,S2-507780244:49.29,S2-838261985:49.21,S2-599697436:49.16,S2-929056382:49.10,S2-112714423:48.89,S2-575519759:48.88,S2-690120530:48.88	S3-492225123:102.64,S3-217604964:50.35,S3-361439607:50.34,S3-486399066:49.37,S3-336405285:48.78,S3-510221800:48.75,S3-83428122:48.72,S3-765146706:48.42,S3-218883740:48.42,S3-400320129:47.82,S3-565538758:47.46,S3-736527465:46.92,S3-600596873:46.78,S3-501384741:46.67,S3-126488343:46.61,S3-592056216:46.31,S3-268952228:46.26,S3-776313958:45.95,S3-57923133:45.89,S3-649096647:45.77	ok
S1-202865314	US	WEB Innovations LLC	14145 182nd Avenue, Elk River, MN	S2-276380019	67.19643	20	S3-638915306	34.382256	20	67.19643	S2-276380019:67.20,S2-660647730:66.20,S2-2646510:34.25,S2-132774290:34.16,S2-53419198:33.99,S2-103924402:33.92,S2-303294697:33.68,S2-521935334:33.68,S2-191070125:33.53,S2-598017260:33.18,S2-926047498:32.55,S2-627078784:32.23,S2-525633546:32.12,S2-667426401:32.09,S2-118648765:31.89,S2-514571328:31.73,S2-504957944:31.52,S2-194626241:31.44,S2-899080073:31.20,S2-561705881:31.12	S3-638915306:34.38,S3-312311858:31.90,S3-464988213:31.82,S3-233567884:31.77,S3-776567863:31.71,S3-263542301:31.71,S3-573023598:31.71,S3-20233507:31.38,S3-502940388:31.35,S3-830004932:31.13,S3-304842463:30.94,S3-429935744:30.85,S3-96514321:30.75,S3-793435577:30.50,S3-792401951:30.37,S3-577565667:30.23,S3-624001254:30.19,S3-464534456:29.96,S3-383858825:29.80,S3-630049103:29.80	ok
S1-356536754	US	Jeffries & Perez Waste Inc	KY, 123 Main Street, Burkesville	S2-337220774	82.90409	20	S3-13716405	86.01362	20	86.01362	S2-337220774:82.90,S2-802685143:82.74,S2-989684904:76.88,S2-405846327:76.54,S2-723087277:73.73,S2-169069608:73.73,S2-878316632:73.73,S2-728252167:73.73,S2-595477191:73.73,S2-948989503:73.59,S2-721583758:72.76,S2-557252982:66.39,S2-522344915:66.39,S2-513434593:66.26,S2-264240725:49.80,S2-536511048:49.41,S2-821606821:47.09,S2-220707446:44.84,S2-735359695:41.97,S2-137458007:41.46	S3-13716405:86.01,S3-142263069:85.81,S3-768473615:80.74,S3-16830856:80.74,S3-52859764:74.39,S3-746599230:73.61,S3-532876094:71.23,S3-70821046:69.18,S3-263261436:67.04,S3-897800721:61.00,S3-154078455:54.52,S3-528337472:53.38,S3-527568030:49.69,S3-221615752:49.61,S3-38642992:46.44,S3-833577565:44.97,S3-260334447:44.23,S3-755930097:42.14,S3-991899579:41.88,S3-510068719:41.88	ok
S1-991392469	US	Allied Muniholdings, L.L.C.	Sapulpa, Unit APARTMENT 611, OK, 9304 Freedom Road	S2-50814511	59.781754	20	S3-928823461	69.740326	20	69.740326	S2-50814511:59.78,S2-617394456:59.78,S2-183675789:59.63,S2-432977553:52.51,S2-131537223:52.33,S2-281076762:52.33,S2-772951649:47.49,S2-72190026:45.98,S2-126424806:45.98,S2-89297401:45.98,S2-509908420:45.98,S2-267121817:45.82,S2-575689565:44.93,S2-18608988:41.22,S2-834147445:41.22,S2-805173912:41.22,S2-258633448:41.22,S2-672094000:41.22,S2-131573578:41.22,S2-396593187:41.22	S3-928823461:69.74,S3-359443473:60.34,S3-433091444:60.34,S3-538415666:53.71,S3-265103522:52.76,S3-230729533:52.62,S3-968540264:52.62,S3-131865487:48.46,S3-871524227:46.25,S3-615093358:46.25,S3-469288045:46.25,S3-913667983:46.25,S3-911225393:46.25,S3-425530223:46.25,S3-557962295:46.25,S3-5084346:46.13,S3-669048541:46.13,S3-759615260:46.13,S3-184968654:46.13,S3-851378110:45.20	ok
S1-323327692	India	Krishna India Private Limited	Bangalore, No.105, Karnataka, Bull Temple Road	S2-400212941	50.178555	20	S3-340246063	43.82851	20	50.178555	S2-400212941:50.18,S2-756707476:47.62,S2-901772574:44.56,S2-681584800:43.64,S2-275178187:43.34,S2-773524886:43.30,S2-442870403:43.16,S2-923673281:43.02,S2-68966909:42.38,S2-440675023:42.08,S2-451462242:42.07,S2-224345702:41.99,S2-189809757:41.93,S2-236055657:41.62,S2-948505420:41.58,S2-241230086:41.29,S2-220675456:41.27,S2-641137283:41.25,S2-801137387:41.24,S2-251403924:41.18	S3-340246063:43.83,S3-993527921:43.65,S3-521096361:42.86,S3-797264083:42.40,S3-668723672:42.17,S3-229995654:42.02,S3-559877350:41.54,S3-509504510:41.52,S3-623424526:41.52,S3-168604085:41.52,S3-557264097:41.07,S3-445202781:40.29,S3-290313626:40.19,S3-374649759:40.06,S3-318762398:39.92,S3-538352786:39.91,S3-135107287:39.53,S3-151033076:39.11,S3-863890886:39.05,S3-888049110:39.05	ok
S1-381259574	India	Silver Energy Pvt Ltd	Jamnagar, Gujarat, Navkar Appartment, Panchvati Gaushala, Dangarvad, Jamnagar, 301	S2-592874747	107.45934	20	S3-686010670	47.97202	20	107.45934	S2-592874747:107.46,S2-233177310:48.82,S2-950820963:48.80,S2-50099059:44.45,S2-949074261:43.96,S2-5742927:43.96,S2-677746064:43.94,S2-507009230:43.52,S2-180938705:42.78,S2-940021463:41.71,S2-948728551:41.62,S2-301770204:41.50,S2-73491162:41.50,S2-67370494:41.40,S2-162041717:40.34,S2-427263163:40.28,S2-904623764:40.12,S2-807942809:39.55,S2-498241369:39.54,S2-719560095:39.54	S3-686010670:47.97,S3-262252378:47.97,S3-379959614:47.90,S3-414326306:45.85,S3-747588419:43.72,S3-437005952:43.23,S3-853071764:43.23,S3-883422671:43.23,S3-974659538:43.16,S3-699697082:43.16,S3-568387483:41.99,S3-429656955:40.69,S3-893657651:40.60,S3-808602218:40.19,S3-994457730:40.13,S3-69790501:39.58,S3-157292367:39.09,S3-727171032:38.92,S3-5248326:38.85,S3-477041782:38.85	ok
S1-523439201	US	Andrews's Systems	36 Old Camp Lane, Greenwich, CT	S2-339563368	82.56293	20	S3-250946532	50.401802	20	82.56293	S2-339563368:82.56,S2-385477580:76.33,S2-500184204:48.33,S2-174067786:47.85,S2-526463563:43.85,S2-260814044:43.85,S2-7185010:43.85,S2-356707379:43.85,S2-999513724:43.38,S2-595435741:43.38,S2-879773688:43.38,S2-217971297:43.38,S2-535110039:43.38,S2-57360313:43.38,S2-259702762:43.38,S2-132915936:43.38,S2-512433455:43.38,S2-20804195:42.45,S2-947301869:38.40,S2-596907030:38.40	S3-250946532:50.40,S3-559733106:49.96,S3-457048649:47.42,S3-426163716:43.31,S3-475562585:42.94,S3-131539465:42.94,S3-59381786:42.94,S3-816246348:42.94,S3-168775279:42.94,S3-778490801:42.94,S3-208633683:42.94,S3-962764402:37.98,S3-57437393:37.98,S3-56934794:37.98,S3-544824051:37.98,S3-740981224:37.98,S3-323874725:37.98,S3-19259994:37.98,S3-766343331:37.98,S3-36228565:37.64	ok
S1-216928311	US	Chauhan Aegon Co	2930 Inez Street, Redding, CA	S2-987179586	46.829857	20	S3-238126846	71.5511	20	71.5511	S2-987179586:46.83,S2-320114308:46.34,S2-264131755:45.01,S2-224429046:44.23,S2-864630015:43.93,S2-984169630:42.27,S2-193317126:41.37,S2-354090163:39.42,S2-733083429:39.42,S2-732232293:39.42,S2-623654912:39.42,S2-480005822:39.12,S2-821290228:39.12,S2-95429142:39.12,S2-651756566:39.12,S2-920275384:37.95,S2-745129185:37.95,S2-283137059:37.46,S2-326095706:37.36,S2-44499721:37.36	S3-238126846:71.55,S3-495753356:45.43,S3-408792447:42.77,S3-586688731:42.45,S3-99849575:41.02,S3-979085217:39.83,S3-660940041:39.83,S3-252102684:39.83,S3-928737044:39.83,S3-763210413:39.67,S3-447831561:39.67,S3-164751043:39.67,S3-303841472:39.67,S3-386653509:38.99,S3-377533289:38.38,S3-229834757:38.38,S3-304282643:38.38,S3-981305623:38.22,S3-150074701:37.65,S3-754425958:37.53	ok
S1-622099715	US	Hill Manulife	1526 Cataract Road, IN, Cloverdale	S2-277172763	38.03978	20	S3-828098312	48.863632	20	48.863632	S2-277172763:38.04,S2-515286575:37.16,S2-923434561:37.09,S2-105032983:37.09,S2-9186042:36.97,S2-885450814:36.59,S2-90554203:36.47,S2-894272720:36.45,S2-457070814:35.59,S2-719063004:35.59,S2-7495799:35.59,S2-14378561:35.30,S2-603662861:34.22,S2-290316944:34.22,S2-710102952:34.22,S2-519860322:34.22,S2-348701019:33.97,S2-150319305:33.75,S2-774715220:33.75,S2-941509167:33.64	S3-828098312:48.86,S3-403971709:37.30,S3-93615041:36.77,S3-85938518:36.75,S3-560916565:36.55,S3-386600116:36.14,S3-632175306:34.25,S3-914342582:34.25,S3-216794452:34.16,S3-845539740:34.06,S3-474528468:33.92,S3-50611041:33.92,S3-169651203:33.90,S3-781915323:33.79,S3-601632154:33.79,S3-603715794:33.79,S3-390961111:33.76,S3-380289974:33.75,S3-171367762:33.63,S3-316002844:33.63	ok
S1-491026953	US	Family Partners PLLC	1178 Hayward Loop, Foley, AL	S2-877277126	50.415634	20	S3-766806096	45.553703	20	50.415634	S2-877277126:50.42,S2-585704568:45.12,S2-603812863:45.12,S2-474124635:45.12,S2-975299452:45.12,S2-540028831:45.09,S2-796973185:41.23,S2-972143198:40.13,S2-921287816:40.13,S2-190958075:40.13,S2-727949548:39.34,S2-293130545:38.98,S2-962176677:38.98,S2-596693056:38.26,S2-120171592:37.26,S2-799978531:37.26,S2-336539123:36.94,S2-267548088:36.49,S2-912692630:36.40,S2-348407576:36.32	S3-766806096:45.55,S3-773445843:45.09,S3-824268492:45.09,S3-891138635:45.09,S3-810835911:45.03,S3-313662917:40.14,S3-981150787:40.14,S3-786636066:40.14,S3-107018255:40.09,S3-733543499:40.09,S3-500241721:36.25,S3-243756012:36.17,S3-43110437:36.13,S3-77439710:35.40,S3-907192395:34.33,S3-826416402:34.33,S3-195671665:34.27,S3-447981720:34.21,S3-955275472:34.09,S3-183175985:34.00	ok
S1-494782896	India	Agro Westwood Food Pvt Ltd	502 A Wing 5Th Road Jay, Vijay Bldg Opp Hindi High, Mumbai, Maharashtra	S2-953603534	118.71232	20	S3-786664537	115.85994	20	118.71232	S2-953603534:118.71,S2-129558151:51.27,S2-425414991:48.57,S2-712670464:48.10,S2-692390394:47.20,S2-116589681:47.03,S2-135827858:46.76,S2-873455600:46.76,S2-621937651:46.24,S2-528878861:46.10,S2-430203239:44.73,S2-544556579:44.50,S2-374840909:44.48,S2-400185724:43.94,S2-232932692:43.66,S2-145280478:43.66,S2-942676426:43.47,S2-278135294:42.44,S2-304638662:42.35,S2-409250636:42.26	S3-786664537:115.86,S3-833528593:47.27,S3-9649303:46.52,S3-67527552:46.15,S3-240653676:45.78,S3-356391402:45.36,S3-839065673:45.22,S3-763043469:44.88,S3-559209701:44.75,S3-659951985:43.95,S3-215123877:42.34,S3-239122481:42.27,S3-698719999:42.27,S3-167775654:42.09,S3-771774944:42.08,S3-914697961:41.89,S3-699001068:41.89,S3-85614935:41.50,S3-694008058:41.46,S3-634645829:41.26	ok
S1-562441786	US	Appleby and Salgado Suma	11657 Breyman Avenue, Portland, OR	S2-176891248	92.7453	20	S3-178645280	43.7644	20	92.7453	S2-176891248:92.75,S2-548963517:50.12,S2-173837922:48.05,S2-328197534:47.98,S2-666872821:47.38,S2-821135299:43.61,S2-149261430:43.61,S2-540760969:43.61,S2-618462017:43.58,S2-21699090:43.53,S2-830863581:43.38,S2-399276140:43.15,S2-665209136:42.80,S2-462447573:42.52,S2-52359678:42.42,S2-164017885:42.42,S2-843830870:42.42,S2-225440467:42.42,S2-401635533:42.39,S2-688689684:41.97	S3-178645280:43.76,S3-584358859:43.76,S3-240355140:43.52,S3-751358211:43.52,S3-468136529:43.34,S3-159348166:43.34,S3-659721576:43.19,S3-484460110:42.76,S3-49940998:42.76,S3-789944275:42.27,S3-379090209:42.20,S3-923250608:42.16,S3-136079738:42.16,S3-525446240:41.64,S3-127878847:41.64,S3-689644317:39.67,S3-197632323:39.67,S3-56187427:39.30,S3-627240121:39.28,S3-876342449:38.96	ok
S1-134168940	US	Valley Guild	1712 Media Drive, Bowling Green, KY	S2-226475259	66.61636	20	S3-10773111	59.849037	20	66.61636	S2-226475259:66.62,S2-78669515:45.37,S2-796271959:44.12,S2-408296747:43.45,S2-441775210:43.45,S2-135401947:43.44,S2-571270148:43.42,S2-712754184:43.42,S2-226233787:43.42,S2-85089072:43.42,S2-371292268:43.42,S2-511557419:43.42,S2-609663838:43.42,S2-987441867:43.41,S2-451868140:43.41,S2-520211622:43.41,S2-368903688:43.41,S2-963003110:43.41,S2-926757952:43.41,S2-238534313:43.41	S3-10773111:59.85,S3-234980980:43.73,S3-464816408:43.73,S3-761779918:43.73,S3-61755035:43.73,S3-872013008:43.73,S3-83324387:43.73,S3-347331341:43.73,S3-407435298:43.73,S3-638546810:43.73,S3-375927163:43.73,S3-979460473:43.73,S3-198102617:43.73,S3-138799514:43.73,S3-439174195:43.73,S3-255570547:43.73,S3-832899472:43.73,S3-822317271:43.65,S3-435036490:43.65,S3-59175469:43.65	ok
S1-952931408	US	Regional Medical Center	105 Hazel Street, Marshall, AR	S2-442487181	62.978844	20	S3-25240386	59.351677	20	62.978844	S2-442487181:62.98,S2-420095474:47.00,S2-304165135:47.00,S2-835944016:47.00,S2-872827829:46.86,S2-392744492:46.86,S2-419088639:46.86,S2-371380704:46.86,S2-661381449:46.86,S2-154971084:46.86,S2-534585246:46.86,S2-319382278:41.80,S2-453078017:41.80,S2-340354397:41.80,S2-755298272:41.80,S2-254298105:41.80,S2-251847360:41.80,S2-799033420:41.77,S2-110298562:41.77,S2-198037459:41.77	S3-25240386:59.35,S3-762693074:48.21,S3-469736680:46.96,S3-546886463:46.96,S3-609537120:46.96,S3-396727439:46.96,S3-762780690:46.96,S3-259157865:46.93,S3-809356020:46.93,S3-811910532:46.93,S3-993130290:44.56,S3-969263964:44.23,S3-198436536:42.06,S3-224062420:42.06,S3-488560578:42.03,S3-196720024:42.03,S3-338960274:42.03,S3-862138307:42.03,S3-313774870:42.03,S3-431462168:42.03	ok
S1-249572475	India	Jrb Technologies Pvt Ltd	Maharashtra, D 901, Mumbai City, Mumbai, Lake Lucerne, Powai	S2-290323651	85.09552	20	S3-780508661	69.62419	20	85.09552	S2-290323651:85.10,S2-313675748:50.99,S2-236227940:50.41,S2-337184650:45.16,S2-305376117:45.12,S2-52053052:44.43,S2-74818376:44.25,S2-990593057:44.01,S2-715964687:42.84,S2-124016122:42.84,S2-716852431:42.77,S2-878939265:42.72,S2-179124897:42.72,S2-891720567:42.50,S2-569992846:42.42,S2-839350862:42.42,S2-999521309:42.42,S2-368512549:42.42,S2-282904420:42.27,S2-584615711:42.13	S3-780508661:69.62,S3-19079899:47.48,S3-275431308:46.97,S3-315530730:45.73,S3-498514189:43.46,S3-209477407:43.31,S3-439873055:43.31,S3-155051121:43.24,S3-341498289:42.90,S3-358955531:42.89,S3-64131213:42.88,S3-602650671:42.88,S3-772240797:42.38,S3-855800728:42.38,S3-558483909:42.37,S3-662729312:42.36,S3-470925680:41.89,S3-141856429:41.87,S3-892363719:41.46,S3-589626148:41.14	ok
S1-457490674	India	Solutions Shree Distributors Clinic	Madhya Pradesh, Jabalpur, Shivarth Elanza, Tilhari, C/16	S2-610323321	54.750786	20	S3-264282764	68.60818	20	68.60818	S2-610323321:54.75,S2-251146532:49.30,S2-732683670:48.20,S2-735466125:47.68,S2-745394793:46.15,S2-738921134:46.11,S2-723991048:43.58,S2-705506669:42.80,S2-705778554:42.45,S2-521138387:42.21,S2-411762000:42.20,S2-682031760:42.20,S2-171876885:42.14,S2-577926173:42.01,S2-468637409:41.92,S2-165985671:41.75,S2-550759653:41.56,S2-567014099:41.53,S2-567770017:41.38,S2-84712609:41.24	S3-264282764:68.61,S3-741775609:61.03,S3-410681971:60.70,S3-943986622:54.49,S3-904459351:54.49,S3-38131825:54.33,S3-712429424:54.33,S3-110060137:52.60,S3-791880679:49.10,S3-756486739:48.16,S3-724867939:47.45,S3-801126927:46.01,S3-473588014:46.01,S3-879022825:45.85,S3-630334058:45.85,S3-801437830:43.00,S3-449063157:42.33,S3-924417988:42.33,S3-680229910:42.14,S3-351744440:42.14	ok
S1-758830859	US	Tremblay Family Practice LLC	9627 Procious Maysel Road, Procious, WV	S2-699589365	53.14936	20	S3-824958435	105.28365	20	105.28365	S2-699589365:53.15,S2-206982186:49.74,S2-466122345:49.74,S2-162311865:49.71,S2-129746861:49.25,S2-237632053:49.25,S2-269960518:48.75,S2-765787041:48.10,S2-381453506:47.02,S2-782669729:46.90,S2-872745479:46.90,S2-454718658:46.90,S2-357728304:46.88,S2-329823429:46.88,S2-63510886:46.69,S2-793580451:46.69,S2-23729163:46.57,S2-923601377:46.54,S2-420925076:46.54,S2-3338900:45.38	S3-824958435:105.28,S3-783115221:78.35,S3-409734181:47.01,S3-873691217:46.41,S3-854429286:46.41,S3-989495067:46.41,S3-394299952:45.89,S3-825621761:45.28,S3-434396862:45.09,S3-870349618:44.90,S3-619617378:44.90,S3-666257340:44.90,S3-215769942:44.81,S3-499794598:44.81,S3-964785447:44.81,S3-179726720:44.81,S3-209239202:44.63,S3-332679486:44.63,S3-250026493:44.63,S3-872714596:44.63	ok
S1-51144239	India	Century Textiles-Vi Phase	Plot No. 540/6, Sri Jagadguru Towers Flat No. 202, Kphb, Vi Phase, Hyderabad, Telangana	S2-831664722	134.5445	20	S3-312909273	48.89212	20	134.5445	S2-831664722:134.54,S2-623316717:58.99,S2-640210956:58.39,S2-835886024:43.87,S2-627187496:43.55,S2-134119159:42.35,S2-365805687:42.27,S2-333904411:40.73,S2-154443105:40.20,S2-1236587:40.20,S2-11221413:39.90,S2-640381612:39.78,S2-217144232:39.55,S2-825859870:39.10,S2-271052404:38.95,S2-856443211:38.84,S2-675822269:38.75,S2-155879359:38.71,S2-120646315:38.41,S2-364357495:38.15	S3-312909273:48.89,S3-762538589:48.89,S3-431137334:46.72,S3-18668592:46.37,S3-348367422:44.96,S3-487756845:43.87,S3-840645745:43.84,S3-166187961:42.35,S3-901382444:42.31,S3-461607966:41.88,S3-655264789:41.72,S3-863891584:41.05,S3-8756500:40.95,S3-996927422:40.79,S3-889757573:40.26,S3-901322635:40.26,S3-580715888:39.77,S3-905664484:39.74,S3-931774337:39.71,S3-180958203:39.53	ok
S1-995934875	US	Womens Health Group	Unit 106, 807 Eleventh Avenue, Ellensburg, WA	S2-985349055	53.89143	20	S3-331019553	58.830498	20	58.830498	S2-985349055:53.89,S2-497839436:53.81,S2-892782539:51.48,S2-232575313:51.46,S2-262709349:51.46,S2-448732179:51.42,S2-265216122:50.30,S2-971691519:50.08,S2-237379241:49.74,S2-342687247:49.22,S2-205404811:49.22,S2-645487937:49.14,S2-734333730:49.14,S2-314182124:49.14,S2-573223906:49.00,S2-219089453:48.92,S2-639362415:48.92,S2-215165406:48.87,S2-531945421:48.79,S2-104046538:47.51	S3-331019553:58.83,S3-507911829:52.81,S3-169996851:52.43,S3-419690860:50.01,S3-339456522:49.70,S3-522231469:49.46,S3-456862068:49.46,S3-874638471:49.46,S3-892625429:49.45,S3-569310764:49.31,S3-817718362:49.24,S3-311089602:49.24,S3-804582062:49.14,S3-777897814:49.14,S3-250606165:49.14,S3-488299574:49.12,S3-74419943:49.12,S3-756182462:49.09,S3-242660603:49.04,S3-140695650:48.96	ok
S1-752923411	India	Jay Care Private Limited	Flat No 102, Nehal Heights Sr No 176/12/1, Dhamalwadi, Pune, Maharashtra	S2-112152943	82.1328	20	S3-131902154	47.005695	20	82.1328	S2-112152943:82.13,S2-865495659:50.17,S2-406510910:50.15,S2-909982489:49.49,S2-838312651:46.42,S2-160388367:46.26,S2-982571319:45.08,S2-264732261:44.74,S2-484373730:44.52,S2-662951312:44.41,S2-609113421:44.39,S2-217575280:44.39,S2-660957325:44.13,S2-163112967:43.89,S2-552197319:43.62,S2-800108735:43.58,S2-827516563:43.43,S2-959455109:43.41,S2-649763726:42.85,S2-783373684:42.84	S3-131902154:47.01,S3-995555818:46.64,S3-658723394:46.28,S3-964301764:45.76,S3-861534159:45.68,S3-293844878:45.61,S3-425234478:45.32,S3-582964368:44.71,S3-913963079:44.56,S3-864864843:44.06,S3-890180565:44.06,S3-460630468:44.00,S3-687710776:43.81,S3-882127384:43.58,S3-262925401:43.11,S3-196247310:42.40,S3-31840463:42.40,S3-26844959:42.40,S3-544828570:42.40,S3-452462360:42.25	ok
S1-287970893	US	Aguilar Steers Inc	516 Anna Avenue, Machesney Park, IL	S2-759381991	60.80044	20	S3-557624871	49.93051	20	60.80044	S2-759381991:60.80,S2-637300577:44.14,S2-876596195:43.25,S2-112582557:40.13,S2-248925732:40.06,S2-190723392:39.74,S2-704166701:39.24,S2-343159239:38.97,S2-763361278:38.95,S2-758571144:38.92,S2-270410057:38.80,S2-738611565:38.28,S2-144718145:38.24,S2-510170851:38.24,S2-297897636:38.24,S2-435659742:38.21,S2-725089356:38.19,S2-741572673:37.99,S2-890126109:37.83,S2-633665347:36.96	S3-557624871:49.93,S3-731896251:43.59,S3-313428576:43.04,S3-912042403:40.91,S3-192503559:40.55,S3-895494076:40.36,S3-128803713:40.36,S3-40638313:40.31,S3-724831924:38.71,S3-592859342:38.31,S3-228140913:38.30,S3-786638503:38.25,S3-483386801:37.11,S3-518286717:36.74,S3-31478833:36.63,S3-562096547:36.57,S3-403704168:36.57,S3-311142035:36.09,S3-501026823:36.09,S3-988383364:35.60	ok
S1-426074650	US	Mount Synagogue	305 Rocklyn Place, Charlotte, NC	S2-893844688	73.56426	20	S3-580211095	76.05989	20	76.05989	S2-893844688:73.56,S2-741216995:61.10,S2-545022096:57.67,S2-785075880:57.67,S2-971584047:57.67,S2-286241710:57.67,S2-370443579:57.67,S2-5877649:57.67,S2-745713873:57.67,S2-908913884:57.67,S2-250423023:57.67,S2-899278563:57.67,S2-358041623:57.67,S2-745052521:57.67,S2-155244706:57.67,S2-992928123:57.67,S2-98689946:57.67,S2-6434106:57.67,S2-162598315:57.67,S2-129744466:57.59	S3-580211095:76.06,S3-784709813:58.08,S3-384551949:58.08,S3-231617718:58.08,S3-732832657:58.08,S3-714074185:58.08,S3-527726977:58.08,S3-177959054:58.08,S3-333182495:58.08,S3-840246101:58.08,S3-395599380:58.08,S3-728044978:58.08,S3-988992882:58.08,S3-340464682:58.08,S3-853190580:58.08,S3-367812011:58.08,S3-449273978:58.08,S3-683535303:58.08,S3-233835702:58.08,S3-848053308:58.08	ok
S1-16902927	US	Better Delta Ramaco Corporation	9370 Clay County Highway, Moss, TN	S2-197300771	96.64523	20	S3-680664452	65.99583	20	96.64523	S2-197300771:96.65,S2-858124877:85.50,S2-130651500:70.32,S2-503472414:60.52,S2-423909714:53.26,S2-677359181:53.26,S2-927033094:52.55,S2-544750649:48.57,S2-394139359:46.63,S2-865470620:46.63,S2-727906430:46.33,S2-868581466:46.33,S2-994534754:46.30,S2-326987663:46.01,S2-609841869:45.29,S2-83106025:43.83,S2-369181726:43.57,S2-507903436:43.57,S2-691923597:43.57,S2-751270704:42.25	S3-680664452:66.00,S3-482744534:64.19,S3-161368436:64.19,S3-507622863:58.75,S3-123021975:58.47,S3-994564373:54.57,S3-247886844:53.53,S3-445867275:53.53,S3-674976725:53.20,S3-955961411:52.90,S3-636245535:51.53,S3-234408494:47.64,S3-401392222:46.99,S3-908403453:46.93,S3-834285205:46.38,S3-365715749:46.38,S3-886991264:41.95,S3-111963668:41.78,S3-167279930:41.78,S3-439253572:41.77	ok
S1-66998691	US	Vanguard Electronics Enterprises LLC	OR, Unit Unit 3, 85797 99s, Eugene	S2-795807574	80.41077	20	S3-312649838	70.59379	20	80.41077	S2-795807574:80.41,S2-441621522:47.09,S2-478246973:45.64,S2-58450779:45.64,S2-250982184:45.64,S2-297097445:45.64,S2-405339529:45.59,S2-783369204:45.59,S2-600815693:45.59,S2-7178375:44.44,S2-754607925:41.92,S2-638775902:41.92,S2-282273642:41.92,S2-440887697:41.92,S2-55159857:41.88,S2-763332415:41.88,S2-2201492:41.30,S2-789583144:41.06,S2-431855152:41.06,S2-287968419:39.96	S3-312649838:70.59,S3-110030344:51.38,S3-994077248:51.38,S3-504111787:48.57,S3-888024653:48.46,S3-715888087:46.91,S3-62423820:46.91,S3-272111077:46.59,S3-486517779:46.13,S3-374842789:45.39,S3-132626497:45.25,S3-443209497:45.25,S3-302306800:44.27,S3-528407758:44.27,S3-149814968:42.56,S3-217639518:41.76,S3-80876651:41.76,S3-878606252:41.76,S3-92378770:41.65,S3-917565082:41.65	ok
S1-800782776	US	Olanola Metro LLC	WI, 226 Allard Avenue, City Of Green Bay	S2-283950585	45.236492	20	S3-376701325	49.751057	20	49.751057	S2-283950585:45.24,S2-315023047:44.31,S2-593563079:44.17,S2-261201382:43.72,S2-196226470:43.62,S2-37956807:43.26,S2-237527744:42.91,S2-22956521:42.63,S2-802725125:42.63,S2-143473369:42.63,S2-366157014:42.63,S2-385174793:42.63,S2-812487031:42.63,S2-903243804:41.93,S2-306302:41.93,S2-964209815:41.93,S2-454507159:41.93,S2-546567653:41.93,S2-398108725:41.93,S2-744386385:41.93	S3-376701325:49.75,S3-455540554:49.19,S3-936768398:48.64,S3-756187079:45.74,S3-346798649:45.74,S3-859565426:44.74,S3-545345067:44.74,S3-496756565:42.96,S3-516661631:42.96,S3-348137380:42.63,S3-748840315:42.63,S3-686535100:42.38,S3-832950984:42.16,S3-734331930:42.16,S3-450832184:42.14,S3-674081994:41.96,S3-131023818:41.58,S3-260316919:41.57,S3-674714155:41.57,S3-890895523:41.57	ok
S1-338922554	US	Pebley, Gandy and Candelas Digitalbridge Inc.	404 10th Street, Mazon, IL	S2-342067314	55.849556	20	S3-367497220	128.59201	20	128.59201	S2-342067314:55.85,S2-108374597:55.85,S2-747360301:52.16,S2-322015748:51.48,S2-699718576:51.11,S2-993903597:48.33,S2-96263511:44.91,S2-162043811:44.73,S2-86982571:44.73,S2-912278082:44.43,S2-737572:43.99,S2-64175367:43.99,S2-608892175:43.97,S2-215614079:42.98,S2-282691125:42.98,S2-539291479:42.59,S2-823045330:42.59,S2-326003746:41.85,S2-676046193:41.66,S2-313341704:41.66	S3-367497220:128.59,S3-263789754:114.01,S3-456266990:53.29,S3-582465318:49.98,S3-537305639:47.91,S3-926519012:47.44,S3-814329783:46.61,S3-570955840:44.59,S3-180235177:44.38,S3-235442389:44.38,S3-906292827:44.38,S3-201824672:44.38,S3-79212992:44.20,S3-669150476:44.20,S3-783771944:42.85,S3-408594096:42.75,S3-223597209:42.38,S3-945710703:41.74,S3-257995653:41.74,S3-515188713:41.74	ok
S1-638662272	India	Lotus Hospitality Limited	No 3, Cart Track Road Nehru Nagar, Velachery, Chennai, Tamil Nadu	S2-627936559	57.074013	20	S3-255262512	50.981873	20	57.074013	S2-627936559:57.07,S2-290377964:52.80,S2-434337522:52.43,S2-337611051:51.72,S2-70320317:50.61,S2-379263857:49.95,S2-635175945:48.96,S2-474471853:46.15,S2-355193009:46.05,S2-309687613:46.03,S2-22944015:44.97,S2-428007357:44.93,S2-31068071:44.69,S2-835198625:44.67,S2-718244109:44.61,S2-924834325:44.60,S2-890865605:44.55,S2-768654958:44.52,S2-994853328:44.43,S2-182102407:44.43	S3-255262512:50.98,S3-336376976:49.46,S3-653565836:48.89,S3-251123525:48.50,S3-241588317:48.29,S3-535470998:48.15,S3-593650492:47.98,S3-348021661:47.64,S3-210031959:47.11,S3-71041796:47.02,S3-762396084:47.02,S3-179235424:46.23,S3-436966316:46.04,S3-195149790:45.30,S3-746299269:45.29,S3-188547836:45.18,S3-807025570:44.99,S3-671095062:44.46,S3-480737802:44.39,S3-318002052:44.39	ok
S1-392788634	India	Solutions Gauri Trends LLP	7-1-29, Flat No.201, United Avenuenorthend Apt, Secunderabad, Hyderabad, Telangana	S2-353723713	127.22612	20	S3-472331817	112.07336	20	127.22612	S2-353723713:127.23,S2-205920696:47.27,S2-199329794:47.07,S2-147956096:46.96,S2-568991444:46.62,S2-820590217:46.62,S2-528429000:45.68,S2-540675966:45.68,S2-552021674:45.68,S2-449954264:45.68,S2-265921563:44.39,S2-209021658:44.07,S2-307812541:43.92,S2-945494185:43.86,S2-336231039:43.83,S2-228604664:43.35,S2-39982139:42.94,S2-445348914:42.85,S2-338296061:42.68,S2-514051872:42.44	S3-472331817:112.07,S3-73960677:50.76,S3-511833933:49.62,S3-236940480:49.18,S3-569702658:48.08,S3-622350601:47.32,S3-628323571:47.26,S3-145633734:46.32,S3-156343830:44.72,S3-414396697:44.08,S3-379681218:43.73,S3-356076413:42.62,S3-209699940:42.62,S3-859837903:42.60,S3-455877438:42.56,S3-396782465:42.55,S3-105063481:42.29,S3-252790422:42.29,S3-39109090:42.03,S3-344833508:41.50	ok
S1-503884906	US	Elka K. Sutter, D.C. P.C.	3902 Boyer Ridge Drive, Canal Winchester, OH	S2-693517310	128.73708	20	S3-92076812	92.14087	20	128.73708	S2-693517310:128.74,S2-137049358:69.70,S2-69591785:66.96,S2-347131877:63.96,S2-4744185:60.29,S2-266063670:58.81,S2-589124986:57.63,S2-144280602:56.68,S2-45336497:49.23,S2-194515802:47.95,S2-800329117:47.95,S2-568699594:47.95,S2-879405213:47.95,S2-723661065:47.95,S2-811820096:47.95,S2-497625385:47.56,S2-663904790:47.56,S2-213693865:47.32,S2-383228380:47.10,S2-773782175:46.71	S3-92076812:92.14,S3-888554515:65.70,S3-689457550:62.95,S3-981539469:62.57,S3-531975721:62.46,S3-794668638:61.99,S3-196542325:57.45,S3-680458656:56.54,S3-970292504:53.87,S3-457872822:47.14,S3-942928307:45.41,S3-821363517:45.41,S3-867918363:44.77,S3-466930559:43.85,S3-195327742:43.76,S3-922126437:43.76,S3-782026114:42.48,S3-573838780:42.48,S3-942284238:42.48,S3-363690384:42.12	ok
S1-165925749	India	BRK Dotcom Pvt Ltd	No 33, Kbk Towers, West Raja Street Big Kanchipuram, Kanchipuram, Kancheepuram, Tamil Nadu	S2-374451537	53.284363	20	S3-5129181	66.68066	20	66.68066	S2-374451537:53.28,S2-792332622:52.69,S2-234778435:51.21,S2-596339926:50.89,S2-167829877:49.80,S2-141383284:49.38,S2-532584018:48.29,S2-752665951:47.26,S2-187641220:46.58,S2-510376873:46.25,S2-703931505:46.06,S2-411642928:45.60,S2-916867437:45.24,S2-553943528:45.02,S2-620940433:44.47,S2-816052972:43.44,S2-751131792:43.44,S2-328101647:43.30,S2-739860509:43.06,S2-185297507:42.86	S3-5129181:66.68,S3-508923823:54.78,S3-828994343:49.07,S3-579212253:48.92,S3-979462634:48.53,S3-798045919:47.63,S3-340193168:47.57,S3-271085405:47.23,S3-436687090:46.50,S3-845572111:46.31,S3-724579998:46.19,S3-781619227:45.88,S3-68971911:45.88,S3-282391477:44.89,S3-936552786:44.46,S3-349838011:43.94,S3-450347903:43.94,S3-702996216:43.83,S3-555386146:43.63,S3-939464334:43.52	ok
S1-678874884	India	Jay Ideas Pvt Ltd	Smt Seema Prasad, W/O, Sri R. Prasad, Gulvi Ghat, Mahendru-6, Gaighat, Patna, Bihar	S2-441935753	142.1388	20	S3-676272345	127.70551	20	142.1388	S2-441935753:142.14,S2-213730615:55.80,S2-83167205:55.80,S2-262212591:51.37,S2-338879258:51.25,S2-741851525:49.96,S2-422861124:48.68,S2-804830927:46.45,S2-356656172:46.42,S2-748604237:46.28,S2-598533258:46.28,S2-480804880:46.27,S2-86598171:46.27,S2-393821178:45.65,S2-316632217:45.65,S2-854599759:45.65,S2-836687252:45.65,S2-422481469:45.65,S2-442096251:45.39,S2-692287015:45.28	S3-676272345:127.71,S3-792997119:51.79,S3-132340600:51.68,S3-783188276:51.49,S3-623126967:49.42,S3-365867791:48.74,S3-626913650:48.28,S3-485379551:48.19,S3-509095010:46.37,S3-168510765:46.33,S3-57912808:46.33,S3-481805412:46.33,S3-300950325:46.33,S3-882892795:46.27,S3-131977696:46.27,S3-789848046:46.14,S3-204691227:46.07,S3-949320671:45.72,S3-429125983:45.66,S3-684563211:45.66	ok
S1-642371937	US	Willow D. Wilson, Ph.D., M.D., P.C.	221 Hanger Road, Amherst County, VA	S2-216651101	110.54206	20	S3-663592537	98.85271	20	110.54206	S2-216651101:110.54,S2-61067246:61.27,S2-582675266:59.94,S2-106251001:59.41,S2-66077680:59.41,S2-94040538:57.27,S2-739249045:57.27,S2-263675447:57.27,S2-389632737:54.32,S2-501731194:53.15,S2-423447509:53.12,S2-684108362:52.51,S2-150228924:52.51,S2-313408127:52.51,S2-876337858:52.44,S2-877693307:52.44,S2-805216476:52.44,S2-139780993:51.96,S2-765188261:51.88,S2-683712611:51.77	S3-663592537:98.85,S3-968652990:59.37,S3-364752446:58.36,S3-579034346:57.66,S3-289080133:55.62,S3-33298201:55.43,S3-587139808:55.43,S3-558428383:55.43,S3-965819729:55.43,S3-862002216:55.32,S3-610182323:55.32,S3-540419347:55.32,S3-632066534:55.32,S3-881004347:55.32,S3-948549989:54.68,S3-68829505:52.63,S3-469819353:52.57,S3-676793668:51.83,S3-253087845:51.22,S3-651101508:51.15	ok
S1-646681688	US	Phillie Morey Managers Inc	1534 Marys Peak Road, Lincoln County, OR	S2-302200826	110.73839	20	S3-590699292	120.55026	20	120.55026	S2-302200826:110.74,S2-793756061:46.43,S2-121633750:45.58,S2-888700813:45.10,S2-588716546:45.06,S2-871013484:44.68,S2-850162516:42.59,S2-789862225:42.39,S2-522324467:41.95,S2-726040272:41.95,S2-290408007:41.95,S2-467511801:40.91,S2-939832685:40.80,S2-806470444:40.80,S2-835313947:40.80,S2-637879994:40.59,S2-325795657:40.53,S2-571526823:40.51,S2-374322468:39.08,S2-768940560:38.72	S3-590699292:120.55,S3-40717537:45.35,S3-22144264:45.35,S3-139231392:42.60,S3-151024123:42.60,S3-863958735:42.60,S3-401615352:42.60,S3-708921986:42.60,S3-209865711:42.60,S3-402422252:42.14,S3-243001490:41.74,S3-236710832:41.61,S3-44165883:41.43,S3-470278374:41.37,S3-7693698:41.37,S3-480446249:41.37,S3-907929186:41.37,S3-440225559:41.37,S3-914287010:41.37,S3-330298204:41.17	ok
S1-633732894	India	Gkr Consulting Co	Maharashtra, Mumbai, 118-B Sindhi Societyroad No 5 Chembur	S2-294898312	90.72691	20	S3-134460749	51.549877	20	90.72691	S2-294898312:90.73,S2-318054182:88.04,S2-409927383:53.60,S2-159807937:52.01,S2-483712838:46.86,S2-620519841:46.59,S2-314656098:45.48,S2-970875542:45.48,S2-617111874:41.88,S2-649834667:41.22,S2-352318940:40.36,S2-238932712:39.14,S2-71083752:39.14,S2-943906653:39.14,S2-36862971:38.55,S2-585965664:38.47,S2-421813464:37.45,S2-665841253:37.45,S2-183024288:37.45,S2-154931625:37.45	S3-134460749:51.55,S3-996926578:51.55,S3-290011292:48.56,S3-161342572:45.44,S3-701251088:40.09,S3-953586543:38.54,S3-254842721:38.54,S3-86526580:37.26,S3-712402338:36.73,S3-128388044:36.57,S3-28731537:36.50,S3-55290410:36.09,S3-727801236:35.40,S3-1449581:35.03,S3-270147109:34.31,S3-132546812:34.31,S3-439386246:34.05,S3-645015067:33.95,S3-849131262:33.62,S3-738959452:33.33	ok
S1-663226094	India	Green Welfare	No.20, Chennai, Crescent Park Street T Nagar, Tamil Nadu	S2-604760461	52.459637	20	S3-57805381	44.335938	20	52.459637	S2-604760461:52.46,S2-532775145:42.34,S2-765106663:39.59,S2-905405761:39.11,S2-292507703:39.07,S2-68407737:38.06,S2-830109883:37.71,S2-458241404:37.66,S2-101146950:37.66,S2-924425650:37.63,S2-652911974:37.63,S2-199467135:37.25,S2-878114886:37.20,S2-740891230:37.11,S2-38312044:37.10,S2-352102802:37.09,S2-796560557:36.97,S2-237429484:36.95,S2-44438772:36.44,S2-657520565:36.40	S3-57805381:44.34,S3-293053984:43.03,S3-891708807:42.93,S3-64795087:41.11,S3-770694128:39.62,S3-536325490:39.60,S3-744672287:38.41,S3-220578402:38.21,S3-225469048:37.78,S3-430661489:37.64,S3-405830649:37.64,S3-92108807:37.64,S3-532217903:37.64,S3-496248345:37.28,S3-550125116:36.74,S3-516926535:36.25,S3-149424063:35.92,S3-444878461:35.14,S3-837579747:35.02,S3-719121469:34.60	ok
S1-132646577	US	Quartz Lab LLC	Unit B3, 2300 Old Lawson Creek Road, AK, City And Borough Of Juneau	S2-399943041	89.9285	20	S3-426403212	54.588474	20	89.9285	S2-399943041:89.93,S2-828454405:75.31,S2-349166119:49.59,S2-929411557:49.53,S2-744067907:48.97,S2-337546403:48.97,S2-23227025:48.76,S2-218423491:46.31,S2-513758064:44.69,S2-148209576:44.35,S2-345750154:44.35,S2-141596159:44.03,S2-4205619:43.59,S2-699545406:42.91,S2-797624642:42.76,S2-615090149:42.36,S2-483210832:42.31,S2-598004129:42.27,S2-142949448:42.19,S2-482427541:41.98	S3-426403212:54.59,S3-28285447:47.42,S3-811106856:46.75,S3-781546931:46.46,S3-784716449:46.03,S3-917775005:45.42,S3-452108325:44.38,S3-412945525:44.19,S3-380593426:44.19,S3-484142252:44.17,S3-185570990:43.73,S3-559164265:43.59,S3-382413557:43.23,S3-196261444:43.23,S3-890680012:43.03,S3-542917163:42.86,S3-372897634:42.86,S3-667770240:42.86,S3-320769760:42.72,S3-921558975:42.70	ok
S1-658630699	India	Samarth (India) Logistic LLP	44Th Floor, 4401, Tower C Oberoi Esquire, Cts No.95 4B 3, 95 4B Of Village Dind Cts No 590A A1 Village Pahadi Off W E Highway, Goregaon East, Mumbai, Maharashtra	S2-904771746	91.14219	20	S3-961067696	93.80631	20	93.80631	S2-904771746:91.14,S2-172274944:84.10,S2-675865129:83.87,S2-535367359:79.52,S2-896906344:67.85,S2-398308952:66.00,S2-838008300:65.73,S2-283957306:65.73,S2-773528715:62.00,S2-11496275:61.99,S2-121888192:61.90,S2-909683583:61.87,S2-202440952:61.34,S2-548092430:59.51,S2-856930209:59.43,S2-323303596:58.78,S2-5931504:57.23,S2-691918401:53.99,S2-384144588:53.31,S2-722597954:53.02	S3-961067696:93.81,S3-539812725:82.33,S3-485303035:75.80,S3-607174836:68.47,S3-370405512:65.27,S3-352188588:64.54,S3-411286555:62.40,S3-142935028:59.19,S3-608871819:56.22,S3-927872104:56.11,S3-302604652:56.01,S3-498930634:55.40,S3-823636210:54.32,S3-866939718:53.93,S3-296646628:53.59,S3-891457657:53.54,S3-80168059:53.52,S3-874056252:53.24,S3-567486105:53.06,S3-88402448:52.94	ok
S1-776430611	US	Duby Long LLC	3059 Mallory Loop, Kingman, AZ	S2-454381410	85.42572	20	S3-647713155	93.49067	20	93.49067	S2-454381410:85.43,S2-102385589:42.12,S2-689825738:42.02,S2-379416964:40.53,S2-683903238:40.53,S2-954335214:40.53,S2-971097621:38.39,S2-501849783:37.46,S2-977911520:36.99,S2-64243814:36.37,S2-991886104:36.29,S2-690081154:36.29,S2-592042000:36.29,S2-82589775:36.27,S2-119327391:36.27,S2-209320428:36.10,S2-585598929:36.09,S2-76788135:36.09,S2-15992803:36.09,S2-402565614:35.84	S3-647713155:93.49,S3-260756145:45.74,S3-972157493:39.23,S3-761951937:39.23,S3-862757144:39.23,S3-791006778:39.23,S3-304313487:37.11,S3-181323008:37.09,S3-333232176:37.09,S3-448010633:36.34,S3-395509700:36.34,S3-249459475:36.34,S3-910452317:35.70,S3-916568297:35.70,S3-656610361:35.70,S3-799307801:35.70,S3-22322315:34.92,S3-19052916:34.92,S3-980500025:34.92,S3-599351263:34.92	ok
S1-772382222	US	Yeager and Oates LLC	2504 Lakecrest Drive, Moore, OK	S2-453945079	49.637444	20	S3-844262743	86.03185	20	86.03185	S2-453945079:49.64,S2-764980862:48.26,S2-768699354:47.30,S2-787776483:47.23,S2-596876188:47.23,S2-784910129:47.23,S2-57138112:47.23,S2-308366981:47.13,S2-599477132:45.97,S2-173736197:45.92,S2-401988542:45.92,S2-911786924:45.36,S2-593655245:44.97,S2-963833629:44.32,S2-695371480:43.10,S2-394349663:43.10,S2-193801070:43.10,S2-679410084:43.10,S2-839674207:42.58,S2-996818110:42.51	S3-844262743:86.03,S3-126546204:50.17,S3-350638156:48.80,S3-47822628:48.80,S3-727108913:48.67,S3-632077693:47.40,S3-157277099:47.19,S3-355382973:47.19,S3-437391000:46.99,S3-308425826:46.84,S3-28404802:46.57,S3-885600735:45.90,S3-110804861:45.90,S3-878510655:45.66,S3-735782916:45.48,S3-931786896:45.44,S3-836252555:45.36,S3-22295090:45.03,S3-465649500:45.03,S3-705747440:44.76	ok
S1-492116916	US	Updyke Heritage Carolina	8435 Sr 103, Jenera, OH	S2-254924433	52.37146	20	S3-541775872	80.51532	20	80.51532	S2-254924433:52.37,S2-835847692:52.37,S2-154454685:52.26,S2-186924155:52.10,S2-636288587:45.86,S2-362500770:45.76,S2-556610324:45.76,S2-340955587:43.99,S2-997010295:43.99,S2-326945738:40.70,S2-693967950:40.70,S2-990111699:36.88,S2-956533349:36.65,S2-515066840:36.55,S2-388378003:36.38,S2-713726227:36.38,S2-954330304:35.20,S2-222560969:35.06,S2-668252357:35.06,S2-69395087:35.06	S3-541775872:80.52,S3-404959346:52.53,S3-278965145:52.53,S3-424703510:52.53,S3-474063933:47.74,S3-189927407:47.74,S3-936931319:47.55,S3-408212268:46.06,S3-443852113:46.06,S3-443027701:46.05,S3-341752702:46.05,S3-309978090:46.05,S3-30473510:46.01,S3-820488666:41.85,S3-746781133:41.85,S3-851936033:40.99,S3-703158322:37.16,S3-569716821:37.10,S3-515168482:36.94,S3-31365135:36.61	ok
S1-710709568	India	Sai Shivam Infra Pvt Ltd	Khasra No.281/2/2, Katni Deorihatai Road, Deori Hatai, Murwara, Murwara, Katni, Madhya Pradesh	S2-319397580	139.37988	20	S3-473205121	65.38068	20	139.37988	S2-319397580:139.38,S2-551662516:62.86,S2-144651881:58.71,S2-326499398:57.64,S2-759187963:56.35,S2-843378681:55.61,S2-899529682:54.86,S2-145495914:53.88,S2-446212545:53.43,S2-306966091:52.74,S2-958214125:52.57,S2-577933991:52.51,S2-530987954:52.47,S2-747345145:51.22,S2-73992739:50.93,S2-304596092:50.92,S2-362096149:50.67,S2-181105927:50.66,S2-733376478:50.50,S2-135899167:50.38	S3-473205121:65.38,S3-550787704:62.95,S3-561431847:60.01,S3-105730569:56.40,S3-514025801:55.86,S3-630427331:55.70,S3-121423990:53.70,S3-441006557:53.70,S3-714174614:53.36,S3-969114551:53.31,S3-278819088:53.31,S3-997638159:53.16,S3-260324265:52.83,S3-374646213:52.72,S3-413897582:52.68,S3-230571261:52.64,S3-213927620:52.43,S3-885202128:52.38,S3-507651334:51.27,S3-401084459:50.98	ok
S1-903588736	India	Vijay Software Private Limited	First Floor, New No.23, Old No.12 Tanjore Road T. Nagar, Chennai, Tamil Nadu	S2-105498590	54.504154	20	S3-239714566	80.296715	20	80.296715	S2-105498590:54.50,S2-966165664:53.60,S2-763881631:53.18,S2-191866478:53.12,S2-56381426:52.76,S2-550864443:52.47,S2-557130066:52.31,S2-429134128:52.20,S2-283445653:52.07,S2-867438332:51.94,S2-718853481:51.05,S2-112693444:50.57,S2-416943024:50.28,S2-429777534:50.28,S2-656506062:50.28,S2-777097855:50.16,S2-289809013:50.16,S2-23966830:50.16,S2-863930531:50.16,S2-490281687:49.48	S3-239714566:80.30,S3-413320216:58.65,S3-644285569:56.76,S3-396142615:55.23,S3-977485459:53.73,S3-332810297:53.29,S3-211507654:52.86,S3-756130543:52.32,S3-676043898:52.11,S3-655820142:52.10,S3-85518288:52.07,S3-849364526:51.73,S3-810594356:51.50,S3-861878917:51.11,S3-16683997:51.05,S3-54997266:51.00,S3-181016850:50.91,S3-933413998:50.72,S3-99877349:50.72,S3-477282868:50.22	ok
S1-91005791	US	Perea Select Krakacquisition LLC	181 Mchenry Avenue, Crystal Lake, IL	S2-944963184	82.37712	20	S3-806130940	95.95922	20	95.95922	S2-944963184:82.38,S2-201646470:82.38,S2-977155606:81.63,S2-769701230:79.34,S2-262817222:77.40,S2-77207164:72.60,S2-322211984:65.45,S2-226978849:61.89,S2-220835664:49.14,S2-589372400:45.64,S2-972345388:45.62,S2-611649890:44.97,S2-50971585:44.90,S2-231248921:43.86,S2-432099526:42.15,S2-996354497:41.98,S2-869954361:41.73,S2-142979686:41.35,S2-696594792:41.10,S2-790348751:40.60	S3-806130940:95.96,S3-174306585:79.71,S3-568196991:79.71,S3-856957648:79.67,S3-98487040:79.67,S3-18027595:76.89,S3-211719126:63.12,S3-28912877:62.46,S3-359941419:55.09,S3-830350190:48.14,S3-4301834:45.49,S3-398445166:45.37,S3-505903071:43.76,S3-314466651:42.58,S3-727167968:42.58,S3-981188658:40.50,S3-111583649:40.50,S3-171668139:40.45,S3-945207019:40.45,S3-469497366:40.45	ok
S1-845414358	India	Rosewood Ventures Limited	129, Tamil Nadu, 1St Floor, Shop No. 3, Pondicherry-Tindivanam Highways, Opp Kfc, Vip Nagar, Pattanur, V, Anur Taluk, Pattanur, Villupuram	S2-907209835	60.290405	20	S3-257782797	127.22522	20	127.22522	S2-907209835:60.29,S2-347451477:54.32,S2-763935687:47.84,S2-95070664:45.17,S2-51723431:45.03,S2-935629558:44.70,S2-285753568:44.23,S2-518779322:43.30,S2-319286079:42.53,S2-511222570:42.42,S2-72563349:42.36,S2-850773794:41.86,S2-923767934:41.75,S2-352415378:40.03,S2-463931639:39.92,S2-405306275:39.92,S2-306503388:39.92,S2-138243615:39.92,S2-957121884:39.72,S2-561991416:39.72	S3-257782797:127.23,S3-307764118:54.39,S3-91679750:54.17,S3-651147713:54.17,S3-127500170:53.89,S3-879424334:48.99,S3-706649165:48.43,S3-442431162:47.95,S3-943512996:46.65,S3-764557701:44.95,S3-758382993:44.01,S3-855739720:43.98,S3-869477374:43.42,S3-589055425:43.36,S3-525690555:42.85,S3-955241291:42.14,S3-143108202:41.64,S3-535886119:41.49,S3-982030588:41.25,S3-825973868:41.23	ok
S1-402775995	India	GS Trustees Private Limited	163, Kh No. 38/10 Gali No. 3 Ranholla Vihar, Nangloi, New Delhi, West Delhi, Delhi	S2-363358193	121.406425	20	S3-214701279	85.33709	20	121.406425	S2-363358193:121.41,S2-639620561:66.43,S2-602388646:57.33,S2-175611061:57.14,S2-188538567:56.12,S2-161814184:55.45,S2-707484225:55.12,S2-439206931:54.71,S2-675369206:53.93,S2-710974290:52.80,S2-323238998:52.16,S2-492125937:51.92,S2-732592656:51.90,S2-360841083:51.49,S2-723313603:51.37,S2-512478871:50.79,S2-319674840:49.76,S2-423472999:49.45,S2-165693567:49.30,S2-981277418:49.02	S3-214701279:85.34,S3-441415843:62.75,S3-87620092:62.64,S3-828534904:60.41,S3-484741985:59.02,S3-225720705:58.17,S3-860960681:56.84,S3-294297767:56.48,S3-151869625:56.48,S3-80552928:55.52,S3-19501190:54.96,S3-800088831:54.91,S3-540167335:54.39,S3-629279585:53.21,S3-321055260:51.14,S3-998927409:50.12,S3-538811477:49.65,S3-193877728:49.54,S3-661697458:48.97,S3-769267671:48.44	ok
S1-187004737	US	Supreme Defense Brands Inc	929 4th St SW, Cedar Rapids, IA	S2-115098001	49.15141	20	S3-517751776	87.454506	20	87.454506	S2-115098001:49.15,S2-518972025:48.10,S2-781304969:48.10,S2-566903958:48.08,S2-108554719:47.02,S2-205342466:46.64,S2-107479986:46.46,S2-649955994:46.04,S2-388391619:45.59,S2-165717265:45.28,S2-318983946:44.91,S2-428694300:44.91,S2-558370860:44.91,S2-937894465:44.91,S2-129876255:44.91,S2-426381800:44.79,S2-367516755:44.79,S2-290950957:44.79,S2-179118728:44.75,S2-672843563:44.75	S3-517751776:87.45,S3-955909914:87.44,S3-797005998:50.39,S3-301800266:48.20,S3-891498478:47.71,S3-856207371:47.71,S3-313895128:47.57,S3-266198483:47.25,S3-671326026:47.25,S3-73748376:47.17,S3-788094515:46.43,S3-921929672:45.59,S3-558637552:45.53,S3-81282367:45.08,S3-526355860:45.08,S3-154538928:44.99,S3-45290594:44.99,S3-539324584:44.99,S3-906737129:44.99,S3-595329221:44.99	ok
S1-293377914	India	Tech Consultants Private Limited	Kmc 3/761 B, 1St Floor, Kanhangad, Hosdurg Village, Kasargod, Kerala, Kasargod, Kerala	S2-499192425	71.22996	20	S3-383187710	106.65847	20	106.65847	S2-499192425:71.23,S2-603519049:65.69,S2-704378132:62.74,S2-733982191:61.38,S2-510286913:56.76,S2-618151233:54.19,S2-235207292:53.99,S2-394789825:53.49,S2-390501355:53.19,S2-980830091:52.85,S2-57325686:52.11,S2-519953990:50.34,S2-975360519:49.86,S2-61576967:49.68,S2-951401561:48.26,S2-218909418:47.59,S2-3409541:47.37,S2-877682288:47.19,S2-1723305:46.94,S2-325256245:46.63	S3-383187710:106.66,S3-827836391:56.16,S3-655971088:51.33,S3-691439731:51.23,S3-838646349:49.42,S3-709873451:49.28,S3-969947456:48.85,S3-347776671:48.58,S3-815914784:48.58,S3-288067562:48.14,S3-170124832:47.69,S3-883579122:47.13,S3-855963473:46.32,S3-457771457:46.25,S3-567042359:46.25,S3-618674764:46.22,S3-293081782:45.62,S3-747434567:45.18,S3-133986911:44.95,S3-950652150:44.91	ok
S1-853952276	US	Garrett Street LLC	7402 Netherfield Lane, Katy, TX	S2-174553683	81.998116	20	S3-536845953	72.907646	20	81.998116	S2-174553683:82.00,S2-760630721:43.13,S2-253831735:42.12,S2-963124198:41.92,S2-554384764:40.27,S2-209142521:39.10,S2-821973699:39.03,S2-264866466:38.91,S2-411661690:38.74,S2-409388395:37.43,S2-961178410:37.05,S2-996659531:36.80,S2-273697886:36.32,S2-175560057:36.32,S2-748000045:36.20,S2-47074920:36.11,S2-610270661:35.99,S2-34135589:35.99,S2-317886679:35.94,S2-143534694:35.91	S3-536845953:72.91,S3-692798109:42.05,S3-770212093:40.17,S3-771681415:39.74,S3-445620827:39.00,S3-632091630:38.43,S3-238215928:38.43,S3-4935546:38.11,S3-127945243:36.90,S3-443728945:36.06,S3-141084846:36.06,S3-839584477:36.06,S3-484952030:36.06,S3-450492151:36.06,S3-400508932:36.06,S3-979017145:36.06,S3-178818784:36.06,S3-370408616:36.06,S3-835454219:36.06,S3-58539309:36.01	ok
S1-15979016	US	Clyova Core LLC	6244 Ocean Road, Mckinney, TX	S2-750438801	46.991566	20	S3-487634347	57.04722	20	57.04722	S2-750438801:46.99,S2-239031287:45.32,S2-234783808:45.13,S2-183647064:45.13,S2-503769093:44.99,S2-133940727:44.97,S2-132267947:44.82,S2-928761774:44.82,S2-984982860:44.22,S2-822915654:44.10,S2-361238918:44.08,S2-911649195:44.08,S2-651134946:43.15,S2-352685221:43.15,S2-150698533:42.94,S2-19068839:42.12,S2-725368005:42.00,S2-242063332:42.00,S2-990475757:42.00,S2-516189105:42.00	S3-487634347:57.05,S3-396018904:49.73,S3-691679284:47.00,S3-819698127:46.31,S3-746117757:44.35,S3-457406033:44.35,S3-508979075:44.35,S3-916675909:42.13,S3-242174677:42.13,S3-203811516:42.01,S3-86906606:42.01,S3-848197870:42.01,S3-576300761:42.01,S3-744165558:42.01,S3-99903132:42.01,S3-36815152:42.01,S3-811012481:42.01,S3-889354986:42.01,S3-597812425:42.01,S3-449685255:42.01	ok
S1-367806232	US	South College	9524 Cal Road, St. George City, LA	S2-409989674	45.324	20	S3-281598074	64.25964	20	64.25964	S2-409989674:45.32,S2-949525442:43.66,S2-342446848:43.66,S2-253282301:43.63,S2-687844182:43.63,S2-999983828:41.60,S2-199254388:41.53,S2-14003074:41.37,S2-253000367:41.34,S2-156254671:40.71,S2-907922712:40.58,S2-398961492:38.23,S2-538625542:38.23,S2-23927936:38.23,S2-29822278:38.23,S2-558138980:38.23,S2-970867494:38.23,S2-432827276:38.23,S2-578886208:38.23,S2-199117922:38.23	S3-281598074:64.26,S3-578771765:61.11,S3-350946543:47.38,S3-177787085:46.03,S3-631426272:45.99,S3-228298946:45.61,S3-765363600:43.55,S3-827793787:43.55,S3-236601273:43.51,S3-277248166:43.51,S3-982910135:41.39,S3-631405557:41.39,S3-182186805:41.36,S3-644170386:41.36,S3-786614943:41.01,S3-5259178:40.63,S3-567072504:40.39,S3-808019311:38.18,S3-587624142:38.18,S3-67860875:38.18	ok
S1-461567886	India	Supreme Consultants Private Limited	Magazine Road By Lane, Near Rabindra Bhaban Behind Mahila College, P.S. - Kotwali, Cooch Behar, West Bengal	S2-987648847	75.612335	20	S3-668540481	108.283165	20	108.283165	S2-987648847:75.61,S2-596494246:46.68,S2-230290949:46.67,S2-962852048:46.44,S2-997888525:46.21,S2-152054021:46.08,S2-460176788:46.03,S2-27811695:45.06,S2-292852934:44.72,S2-126828811:44.71,S2-192585647:44.71,S2-404959878:43.72,S2-396481933:43.26,S2-246263148:43.20,S2-674914457:43.19,S2-184897089:43.19,S2-562852688:43.19,S2-47121332:43.17,S2-4114198:43.17,S2-269959785:42.83	S3-668540481:108.28,S3-152315790:46.97,S3-850928623:46.36,S3-938333417:45.96,S3-873674261:45.78,S3-604258922:45.60,S3-95735830:45.28,S3-657220812:44.92,S3-44015009:44.79,S3-788345339:44.67,S3-989454864:44.27,S3-814557554:43.74,S3-881172144:43.36,S3-906141247:43.29,S3-774239219:43.26,S3-864021435:43.26,S3-976092126:43.26,S3-349118016:43.26,S3-744886712:43.26,S3-374290735:42.96	ok
S1-894488886	US	Germaine Purcell Pioneer Holding LLC	3417 Briardale Road, Massillon, OH	S2-546178681	116.87348	20	S3-716814526	94.55434	20	116.87348	S2-546178681:116.87,S2-445264969:95.97,S2-108416749:95.29,S2-558290158:95.29,S2-776631919:48.41,S2-213812479:48.09,S2-702934895:43.06,S2-10129750:43.06,S2-83654774:42.81,S2-859826832:42.19,S2-686131553:42.04,S2-757169322:41.93,S2-273121230:41.93,S2-243904463:41.93,S2-168549069:41.54,S2-842176774:41.54,S2-842015735:41.54,S2-551375965:41.49,S2-711746629:41.24,S2-285703283:40.95	S3-716814526:94.55,S3-558186156:94.55,S3-966949213:67.54,S3-348306099:47.15,S3-969295251:46.97,S3-49801987:44.71,S3-311482505:44.03,S3-526838567:43.68,S3-73216358:43.58,S3-242810751:43.36,S3-566180404:42.92,S3-995488485:41.82,S3-399982869:41.82,S3-751585440:41.82,S3-281779328:41.82,S3-358288219:41.33,S3-581501493:41.14,S3-556260695:41.14,S3-129632405:41.14,S3-130913733:41.14	ok
S1-958376649	India	Digital Prime Projects	Building No. A 2 A 6, Shop No. 3, At Tata Housing Ltd, Palghar, Thane, Maharashtra	S2-939070133	54.840775	20	S3-176502126	50.39214	20	54.840775	S2-939070133:54.84,S2-423595745:52.07,S2-858800067:50.62,S2-8620240:48.31,S2-522023586:46.98,S2-361503221:46.12,S2-321134039:45.99,S2-684622543:45.99,S2-956644229:45.49,S2-480117678:45.39,S2-509905207:44.85,S2-533311748:44.74,S2-537217040:44.72,S2-22375147:44.68,S2-105703674:43.67,S2-148655808:42.63,S2-280087340:42.60,S2-610012397:42.56,S2-76928944:42.49,S2-688147881:42.18	S3-176502126:50.39,S3-519056549:48.25,S3-760951824:48.13,S3-29198218:47.11,S3-220961605:46.81,S3-394431069:44.53,S3-601337718:44.29,S3-784959186:43.98,S3-762710391:43.94,S3-127359103:43.65,S3-542567200:43.32,S3-907630734:43.28,S3-785910820:42.90,S3-818314851:42.75,S3-201215670:42.58,S3-446421877:42.42,S3-665216399:42.39,S3-364554309:42.36,S3-515794181:42.36,S3-543266493:42.36	ok
S1-100678463	India	Niranjana Healthcare Limited	T-5, Subha Residential, Rly New Colony, Visakhapatnam, Vishakhapatnam, Andhra Pradesh	S2-723094739	65.0641	20	S3-148311237	70.162895	20	70.162895	S2-723094739:65.06,S2-158406789:57.06,S2-281378850:57.06,S2-813152731:57.05,S2-766383781:51.37,S2-385279956:51.29,S2-369881336:50.67,S2-101480354:45.81,S2-693975121:44.53,S2-355300089:44.53,S2-90793505:44.53,S2-239687747:42.97,S2-834962574:42.77,S2-798492256:42.77,S2-519803775:42.53,S2-689675213:42.37,S2-497312926:41.64,S2-925976375:40.47,S2-718957473:39.77,S2-982820673:39.77	S3-148311237:70.16,S3-677348403:65.62,S3-211970261:58.68,S3-428741911:57.68,S3-157912326:53.52,S3-597374357:53.40,S3-268543976:51.98,S3-49155457:51.22,S3-333271414:48.98,S3-228078955:45.99,S3-994901621:45.26,S3-15425627:44.20,S3-528272915:43.68,S3-370715246:43.05,S3-563364469:42.26,S3-24175178:40.94,S3-815196417:39.89,S3-623988472:39.88,S3-842278918:39.85,S3-207897503:39.49	ok
S1-537910792	US	Dataex Delta Eagle	18 Millwood Court, Pittsford, NY	S2-862471994	54.264526	20	S3-397496932	99.918495	20	99.918495	S2-862471994:54.26,S2-858109352:49.02,S2-820487549:49.02,S2-840962495:49.02,S2-226252292:45.18,S2-161601276:45.10,S2-29945839:40.19,S2-30783766:40.19,S2-431672300:40.19,S2-475742962:40.19,S2-782864313:39.30,S2-646180877:38.51,S2-16616750:38.34,S2-358999189:37.23,S2-833904983:36.11,S2-473212308:35.43,S2-541188234:35.39,S2-624399984:35.39,S2-759575806:35.29,S2-58945739:35.11	S3-397496932:99.92,S3-775878715:52.48,S3-265064819:49.39,S3-828283049:45.39,S3-166626234:45.38,S3-846843265:43.30,S3-720207181:40.40,S3-487766553:36.40,S3-273069289:35.62,S3-42604545:35.45,S3-169569755:35.20,S3-723392357:35.20,S3-890460650:35.06,S3-569954805:34.93,S3-606887456:34.91,S3-224546403:34.42,S3-960897607:33.89,S3-173077419:33.28,S3-618307533:32.89,S3-528219013:32.89	ok
S1-370663947	India	Gangavi Consulting Pvt Ltd	3-225/Sh/401, 3Rd Floor, Sterling Heights, Mahendramindspace, Kavuri Hills G B Pet, Phase 2 Road, Shaikpet, Hyderabad, Telangana	S2-696859219	98.88249	20	S3-465596521	68.5865	20	98.88249	S2-696859219:98.88,S2-611927577:71.74,S2-810133634:67.95,S2-86361890:67.14,S2-23031326:66.59,S2-456370305:64.09,S2-900970462:63.95,S2-522737352:61.87,S2-581736593:59.38,S2-708498460:56.71,S2-651342771:56.07,S2-492636452:55.42,S2-180101035:54.55,S2-814406749:54.55,S2-949830565:54.17,S2-200668644:54.17,S2-16458635:51.68,S2-9747913:50.49,S2-843775488:50.49,S2-945322583:49.79	S3-465596521:68.59,S3-52219735:66.61,S3-413582834:66.14,S3-732381014:61.85,S3-19748016:56.86,S3-959868146:56.12,S3-581767079:55.96,S3-749305387:55.51,S3-982248419:52.25,S3-53389125:51.27,S3-681335011:51.24,S3-292394154:51.16,S3-291878195:50.89,S3-722662005:49.91,S3-856525588:49.59,S3-960051675:49.59,S3-936731906:49.59,S3-687405832:49.29,S3-412011513:48.88,S3-240748872:48.63	ok
S1-899539960	US	Colonial Cascade Assets	Indian Head, MD, 43 Circle Avenue	S2-729211906	65.97969	20	S3-583097474	63.243847	20	65.97969	S2-729211906:65.98,S2-509606004:51.81,S2-114643078:51.00,S2-815153661:50.97,S2-609825013:48.98,S2-254934144:48.28,S2-339338235:48.22,S2-578597785:48.22,S2-371491837:47.78,S2-934373643:47.78,S2-841780635:47.78,S2-752560023:47.75,S2-59091729:47.75,S2-831183501:47.75,S2-404106264:47.75,S2-874939812:47.75,S2-882089716:47.75,S2-232080169:46.92,S2-993151528:46.09,S2-780588835:45.06	S3-583097474:63.24,S3-823827310:48.47,S3-729394568:48.47,S3-702818967:48.47,S3-298839130:48.47,S3-341433746:48.30,S3-756347831:48.30,S3-648844388:48.30,S3-57984431:48.09,S3-641380174:48.09,S3-532719060:47.85,S3-328807126:47.85,S3-819272015:47.85,S3-357117977:47.85,S3-386559519:47.85,S3-178201124:45.68,S3-767573062:45.35,S3-224563529:43.41,S3-90005230:43.25,S3-175177767:43.25	ok
S1-95106431	US	Bay Alliance VI	71 Market Street, Carroll, OH	S2-117889475	77.17776	20	S3-825022306	61.45997	20	77.17776	S2-117889475:77.18,S2-692928615:71.86,S2-256004835:61.16,S2-748870438:61.16,S2-239706870:61.06,S2-208800270:61.06,S2-452614318:61.06,S2-65461224:57.21,S2-817171696:54.40,S2-971714054:54.31,S2-593359537:54.31,S2-78204690:47.09,S2-745528959:47.09,S2-27923047:47.09,S2-780237895:47.02,S2-78059704:46.33,S2-496855758:46.33,S2-13479645:46.33,S2-429856937:46.08,S2-868702564:45.63	S3-825022306:61.46,S3-267033196:61.46,S3-384568880:61.46,S3-766853371:61.46,S3-496633581:61.46,S3-69295777:61.46,S3-346534981:61.44,S3-509762532:61.44,S3-656813634:57.84,S3-384725818:54.71,S3-261404084:54.71,S3-393847757:54.71,S3-345888398:54.71,S3-892570016:54.70,S3-939930486:49.29,S3-292227455:47.25,S3-327425513:46.37,S3-335976700:46.21,S3-519868248:46.14,S3-583753990:46.08	ok
S1-813825124	US	Bester and Durham LLC	38204 431st St, Perham, MN	S2-771447372	104.47357	20	S3-480203000	53.125996	20	104.47357	S2-771447372:104.47,S2-687050851:102.70,S2-609911309:47.67,S2-241448910:47.67,S2-342110032:46.92,S2-394230750:45.39,S2-20900301:44.96,S2-136858499:44.24,S2-931699257:44.00,S2-408837246:41.50,S2-372044769:41.32,S2-408233715:40.49,S2-407561394:40.49,S2-124062113:40.49,S2-542682570:40.06,S2-715822559:39.99,S2-547559940:39.90,S2-913419002:39.74,S2-615641187:39.74,S2-107442723:39.74	S3-480203000:53.13,S3-643014850:52.43,S3-125376224:46.15,S3-8582495:46.15,S3-170402370:45.07,S3-218398775:42.04,S3-772729336:42.04,S3-391037620:40.46,S3-585556746:40.46,S3-714077597:40.46,S3-109763327:40.46,S3-740900802:40.45,S3-699399612:40.29,S3-734935853:40.29,S3-921677834:40.29,S3-28717942:40.22,S3-685781253:40.04,S3-823289365:39.90,S3-718739537:39.43,S3-993288926:39.29	ok
S1-945673787	India	Msquare Management (India) Corp	Daraa Tower, Pazhaya Road, Thiruvananthapuram, Thiruvananthapuram, Trivandrum, Kerala	S2-139921531	68.810135	20	S3-820188749	104.01337	20	104.01337	S2-139921531:68.81,S2-562268958:60.60,S2-695560458:54.56,S2-430167946:46.97,S2-517759778:46.82,S2-496697738:46.82,S2-520530757:45.34,S2-863461664:45.33,S2-247095773:44.89,S2-883701895:43.77,S2-455512303:42.70,S2-4624796:42.36,S2-921374092:42.17,S2-551958077:42.01,S2-567262115:40.98,S2-927288384:40.78,S2-875661765:40.72,S2-309109977:40.26,S2-43634039:39.56,S2-635837782:39.56	S3-820188749:104.01,S3-913450422:89.61,S3-988620665:68.40,S3-868448140:57.00,S3-763280275:55.27,S3-537895023:55.27,S3-629808093:54.88,S3-187184104:53.93,S3-648290314:49.94,S3-941186784:45.44,S3-904506074:45.22,S3-2284054:45.08,S3-174038423:44.77,S3-521415603:44.74,S3-386479555:44.28,S3-432066631:44.17,S3-691635848:42.32,S3-756205772:42.32,S3-129896032:41.27,S3-813301702:41.06	ok
S1-699925804	India	Big Surya Engineering Pvt Ltd	H. No.-R.H. 21, Khasra No 214 Arjun Enclave Phase-1, Lucknow, Uttar Pradesh	S2-263823002	55.778397	20	S3-499236449	93.69996	20	93.69996	S2-263823002:55.78,S2-18126903:53.35,S2-277806134:53.31,S2-506871499:51.95,S2-472685926:51.60,S2-353588232:50.69,S2-596054159:50.44,S2-43942071:50.17,S2-430680219:50.00,S2-934369087:49.49,S2-536964663:49.42,S2-935345594:49.03,S2-552848053:48.68,S2-19885720:48.68,S2-229281705:48.14,S2-427136795:47.13,S2-774078937:47.13,S2-764724238:47.01,S2-144532751:46.78,S2-430250374:46.68	S3-499236449:93.70,S3-638823540:53.44,S3-848305982:52.83,S3-993276240:52.77,S3-851236379:51.34,S3-513178002:51.16,S3-723765366:51.15,S3-461921316:51.14,S3-633461215:49.95,S3-235700829:49.22,S3-262623712:48.92,S3-867654005:48.83,S3-969845966:48.75,S3-821242864:48.68,S3-8135046:48.42,S3-66397971:47.86,S3-937780047:47.77,S3-716047484:47.77,S3-613569373:47.77,S3-583990253:47.26	ok
S1-68973368	US	Kesoft Holding Company LLC	160 Hall Street, Clay, KY	S2-217835679	90.50301	20	S3-173700510	85.54232	20	90.50301	S2-217835679:90.50,S2-830314531:74.55,S2-967995405:71.74,S2-134452639:66.82,S2-249838779:66.30,S2-758575149:65.35,S2-777464636:65.35,S2-148972196:65.35,S2-139373514:52.26,S2-704199382:51.51,S2-187488697:49.14,S2-355159029:48.79,S2-947312373:48.79,S2-164156492:48.79,S2-783674717:48.15,S2-361084352:47.96,S2-392807696:47.92,S2-966753379:47.81,S2-922093620:47.81,S2-739031984:47.81	S3-173700510:85.54,S3-214732177:71.84,S3-519962005:71.84,S3-726335171:71.84,S3-439533373:68.44,S3-376091032:66.05,S3-933600093:66.02,S3-457912327:65.50,S3-844714554:65.50,S3-347499645:65.50,S3-204454305:65.50,S3-179285150:65.39,S3-857792691:54.14,S3-326323745:51.81,S3-608730056:49.59,S3-904921488:49.46,S3-609293550:47.84,S3-861853142:47.84,S3-820452345:47.84,S3-799296609:47.57	ok
S1-675461583	US	Adams Triumph LLC	Greene, IA, 513 2nd Street	S2-566282301	49.738865	20	S3-52540808	41.741306	20	49.738865	S2-566282301:49.74,S2-401296505:46.59,S2-799842794:45.69,S2-728470556:39.96,S2-991786906:39.92,S2-139464878:39.58,S2-293115902:39.27,S2-184058993:39.27,S2-739814010:39.18,S2-929729241:38.65,S2-707123269:38.35,S2-361492174:37.50,S2-145908550:37.32,S2-292740455:37.30,S2-563558629:36.81,S2-725264704:36.75,S2-681017280:36.67,S2-206019834:36.67,S2-286511420:36.46,S2-213467893:36.46	S3-52540808:41.74,S3-523800453:37.42,S3-827221432:37.23,S3-879901672:37.07,S3-374999183:36.60,S3-407844772:36.60,S3-418981748:36.60,S3-732631707:36.31,S3-873655501:36.31,S3-183733851:36.15,S3-199418070:36.06,S3-267192791:36.06,S3-989264276:35.27,S3-893225997:35.03,S3-136591866:35.02,S3-411844500:34.47,S3-790051641:34.47,S3-985246887:34.47,S3-588024026:34.47,S3-410914058:34.47	ok
S1-698027388	US	Compass Inc	8415 Autumn Leaf Court, Unit APT A, Indianapolis, IN	S2-20858471	43.155838	20	S3-200821567	58.382324	20	58.382324	S2-20858471:43.16,S2-881529720:43.16,S2-613736101:42.86,S2-243418648:42.30,S2-218325245:42.16,S2-173807241:42.16,S2-810116528:42.16,S2-927886892:42.16,S2-917014197:42.14,S2-789237080:40.99,S2-988416110:40.31,S2-901642128:40.31,S2-281008905:38.86,S2-633872239:38.61,S2-107853380:38.54,S2-513704517:38.54,S2-162526472:38.19,S2-798639220:38.19,S2-796929459:38.19,S2-903651843:38.16	S3-200821567:58.38,S3-77872637:56.63,S3-560883616:42.91,S3-129879551:42.40,S3-324168019:42.30,S3-562832100:38.92,S3-493986457:38.84,S3-596883128:38.78,S3-215954282:38.55,S3-154052686:38.49,S3-720281407:38.21,S3-264831068:38.21,S3-628177685:38.18,S3-749064647:38.17,S3-693779710:38.16,S3-989203062:38.16,S3-150131574:38.16,S3-464730497:38.16,S3-593173554:38.16,S3-793383476:38.16	ok
S1-788374040	India	International Solutions Pvt Ltd	Dn-51, Merline Infinity, Room No.1307, 13Th. Floor Salt Lake, Sector -V, Kolkata, Kolkata, Howrah, West Bengal	S2-664159289	103.28649	20	S3-217809133	83.32181	20	103.28649	S2-664159289:103.29,S2-613992478:81.58,S2-634641521:78.92,S2-812849102:72.63,S2-920442765:69.42,S2-415867918:69.42,S2-906030130:67.50,S2-671332856:64.29,S2-816426567:64.21,S2-498132674:63.88,S2-537130763:60.60,S2-620625990:55.89,S2-161732570:55.84,S2-222653426:55.42,S2-330916771:54.81,S2-554888815:54.46,S2-584424835:54.28,S2-431032756:54.12,S2-666037388:54.12,S2-388963075:53.24	S3-217809133:83.32,S3-876399657:80.83,S3-820159230:64.30,S3-54164549:55.27,S3-219054425:52.35,S3-936542686:51.65,S3-544506426:51.05,S3-607430245:50.75,S3-180276654:50.42,S3-162711848:49.65,S3-458689025:49.48,S3-822262204:49.26,S3-755783151:49.06,S3-399025893:48.98,S3-174823848:48.90,S3-598094968:48.78,S3-159913517:48.76,S3-413769648:48.27,S3-381117113:48.25,S3-22088228:48.23	ok
S1-730766955	US	Prairie Fund	95 Maple Road, Brookhaven, NY	S2-43293607	51.30125	20	S3-162919861	52.769897	20	52.769897	S2-43293607:51.30,S2-116194500:48.22,S2-23749217:48.02,S2-502695430:47.98,S2-534186457:46.04,S2-966336797:45.71,S2-770678692:45.26,S2-972840613:44.60,S2-74990756:44.60,S2-858587919:44.60,S2-623553633:44.60,S2-764490228:44.60,S2-299065840:44.60,S2-545665221:44.60,S2-926285816:44.60,S2-530355572:44.56,S2-457195422:44.56,S2-974983891:44.56,S2-859109143:44.56,S2-929632019:44.56	S3-162919861:52.77,S3-716515986:47.14,S3-297628909:47.01,S3-484511853:45.82,S3-320569944:45.58,S3-670285119:44.80,S3-212094759:44.80,S3-598624264:44.80,S3-883182925:44.80,S3-881948633:44.80,S3-728339431:44.80,S3-104019178:44.80,S3-840048580:44.80,S3-532613500:44.80,S3-868303318:44.69,S3-803603056:44.69,S3-641023079:44.69,S3-872474022:44.69,S3-913811731:44.69,S3-648725826:44.69	ok
S1-466198091	US	Metropolitan Media Concepts Inc	2399 Coral Avenue, Salem, OR, Unit B	S2-70823488	80.299644	20	S3-470523713	62.22179	20	80.299644	S2-70823488:80.30,S2-806019725:75.25,S2-796284932:59.45,S2-909512644:58.88,S2-10663980:56.18,S2-143482729:52.31,S2-34399548:52.31,S2-252476429:52.31,S2-765484647:50.96,S2-780121966:47.82,S2-197245326:46.58,S2-15676701:46.56,S2-618138460:45.15,S2-89665638:44.56,S2-138147310:42.78,S2-22666112:42.78,S2-102975917:42.76,S2-529550831:42.76,S2-995042792:42.76,S2-177827558:42.76	S3-470523713:62.22,S3-481075921:59.19,S3-90709603:59.17,S3-262212360:59.17,S3-709516205:59.17,S3-972364677:52.07,S3-129403014:52.07,S3-985678449:52.04,S3-897216007:52.04,S3-872493642:52.04,S3-718247872:52.04,S3-527384972:43.68,S3-357557368:43.37,S3-855378821:43.28,S3-570829598:43.15,S3-49714532:43.01,S3-142377956:43.01,S3-185769002:43.01,S3-500988581:43.01,S3-341960530:43.01	ok
S1-110561951	US	Pediatric Dental Certified Clinic Inc	15 D, Unit 1, MA, Bedford	S2-843101705	65.732735	20	S3-292434564	69.772194	20	69.772194	S2-843101705:65.73,S2-632009053:53.55,S2-800688576:52.25,S2-825192042:52.25,S2-127181764:52.09,S2-980809012:52.09,S2-617422110:52.09,S2-171588881:51.82,S2-310898525:51.82,S2-912665484:51.81,S2-784076289:51.81,S2-93625332:51.57,S2-795512540:50.61,S2-202329922:50.50,S2-387535778:50.18,S2-150972502:49.33,S2-81408144:49.32,S2-682684844:49.32,S2-428852320:49.32,S2-622366967:49.32	S3-292434564:69.77,S3-876213859:55.17,S3-56751236:54.11,S3-887819080:54.00,S3-681476928:52.77,S3-81898447:52.63,S3-908540852:52.63,S3-204194240:52.58,S3-707888778:52.48,S3-287535244:52.43,S3-236042527:52.34,S3-52968502:52.25,S3-995177537:52.25,S3-514342054:52.23,S3-159021405:51.18,S3-256040720:51.18,S3-817162847:51.18,S3-587101933:50.89,S3-65827932:50.81,S3-870048550:50.60	ok
S1-585428768	US	Gonzalez Housing	16505 75th Avenue, Maple Grove, MN	S2-246767695	55.476562	20	S3-153809280	49.77137	20	55.476562	S2-246767695:55.48,S2-742655511:49.42,S2-194248994:43.24,S2-853924627:43.24,S2-429466916:34.92,S2-956498458:33.34,S2-366066340:33.24,S2-132549690:33.19,S2-997269858:33.04,S2-304386165:33.04,S2-501339710:32.77,S2-121624709:32.03,S2-823528824:31.86,S2-511459176:31.72,S2-29446795:31.68,S2-75493429:31.23,S2-601171584:31.14,S2-566786197:31.07,S2-920925348:31.00,S2-976894719:31.00	S3-153809280:49.77,S3-219681661:43.64,S3-336417967:43.64,S3-710894866:43.64,S3-502217217:43.59,S3-961807026:40.34,S3-949265935:38.85,S3-141843428:37.93,S3-484810208:36.61,S3-476363848:35.01,S3-198773046:33.37,S3-265655427:33.29,S3-886627698:32.89,S3-847873916:32.27,S3-136766411:32.24,S3-26114088:31.85,S3-948864044:31.82,S3-580780553:31.50,S3-420454438:31.09,S3-69781359:31.09	ok
S1-107116349	US	Economic Development Foundation LLC	4867 Brush Creek Loop, Little Flock, AR	S2-633484810	67.77034	20	S3-799783654	89.571106	20	89.571106	S2-633484810:67.77,S2-212125649:67.74,S2-576745641:61.55,S2-498279464:61.55,S2-469186411:61.55,S2-632253363:61.55,S2-152117732:61.55,S2-485621349:61.55,S2-38926395:61.55,S2-244240155:61.55,S2-180833765:61.55,S2-570121515:61.55,S2-828167444:61.55,S2-320613780:61.55,S2-486372700:61.26,S2-275363787:61.26,S2-62543380:61.26,S2-770398807:61.26,S2-601987203:61.26,S2-723879777:61.26	S3-799783654:89.57,S3-666891218:67.43,S3-716208608:61.32,S3-727941363:61.32,S3-932860078:61.32,S3-406334349:61.32,S3-735646949:61.32,S3-397424144:61.32,S3-747750684:61.32,S3-114776115:61.32,S3-174997304:61.32,S3-996002900:61.32,S3-235482414:61.32,S3-91597424:61.32,S3-63578291:61.32,S3-904783689:61.32,S3-906148773:61.32,S3-188615523:61.05,S3-105414955:61.05,S3-279770015:61.05	ok
S1-58555109	US	Fiva, LLC	388 Miller Avenue, Unit B, Marion City, NC	S2-801244128	63.024796	20	S3-672865849	51.457188	20	63.024796	S2-801244128:63.02,S2-607692430:52.76,S2-643047759:52.76,S2-854484800:52.52,S2-716646248:52.41,S2-201201524:48.79,S2-106377081:48.79,S2-29937328:48.79,S2-91938948:48.79,S2-9694849:48.79,S2-440007118:48.69,S2-8864337:48.69,S2-593645059:48.69,S2-278156167:48.69,S2-701870053:47.96,S2-595081034:47.32,S2-448556353:47.32,S2-517360770:47.20,S2-859802449:47.20,S2-218616121:47.20	S3-672865849:51.46,S3-937616533:50.13,S3-798462448:49.15,S3-493947805:49.15,S3-455314861:49.15,S3-349269773:49.15,S3-202748722:49.15,S3-54092532:48.66,S3-464262354:48.66,S3-468825642:47.76,S3-380428524:47.76,S3-645772831:47.76,S3-696098426:47.76,S3-874651102:47.18,S3-846424939:47.18,S3-830142618:47.18,S3-138326554:46.50,S3-923490794:45.89,S3-724625176:44.28,S3-545131617:43.09	ok
S1-203567370	India	New Delhi Health Ltd	New Delhi, Indra Park Uttam Nagar, New Delhi, Rz-27, Delhi	S2-978842061	74.64352	20	S3-932417272	87.0953	20	87.0953	S2-978842061:74.64,S2-96951360:70.21,S2-126808693:69.20,S2-124779580:68.92,S2-36906382:68.51,S2-461730703:68.11,S2-333154511:67.59,S2-291440786:66.10,S2-997091581:65.97,S2-450977149:65.59,S2-229876907:65.16,S2-786190959:65.07,S2-543104170:65.00,S2-939211903:64.99,S2-94534158:64.38,S2-117422222:63.89,S2-956423344:63.77,S2-849471281:63.74,S2-661191322:63.44,S2-230651392:63.08	S3-932417272:87.10,S3-231088252:87.10,S3-106147762:75.21,S3-204123236:75.21,S3-237376379:71.94,S3-309078785:68.24,S3-793733874:66.43,S3-458616910:65.56,S3-917472383:64.85,S3-592775228:63.76,S3-503564556:63.18,S3-829015746:63.09,S3-264184657:62.10,S3-327599185:62.00,S3-841500177:61.35,S3-318857909:61.25,S3-529374133:61.15,S3-577998429:60.98,S3-845121856:60.77,S3-33393551:60.71	ok
S1-745006497	US	Foundry PLLC	5555 Lush Vista View, Florence, AZ	S2-125358805	55.20613	20	S3-313907341	79.96488	20	79.96488	S2-125358805:55.21,S2-648058718:50.66,S2-269063975:50.66,S2-821556902:44.55,S2-241078728:44.36,S2-260867041:44.36,S2-11556663:44.36,S2-603799020:43.09,S2-487922407:41.64,S2-57278967:41.64,S2-287326536:41.28,S2-680213012:41.10,S2-341599466:40.89,S2-805103544:40.62,S2-861963335:40.37,S2-213153501:39.87,S2-300160377:39.31,S2-349291126:39.31,S2-425044922:39.31,S2-998720590:38.52	S3-313907341:79.96,S3-492503862:50.80,S3-687633389:50.74,S3-518058429:47.39,S3-18340047:44.54,S3-715063545:44.54,S3-497539028:44.54,S3-625757989:44.48,S3-908180814:44.48,S3-214559401:38.88,S3-496921153:38.84,S3-663940745:38.84,S3-980580984:37.71,S3-225430065:37.17,S3-782505816:37.17,S3-231185184:37.17,S3-788025457:37.17,S3-388583592:37.17,S3-41578829:37.12,S3-212368663:37.12	ok
S1-876301536	India	Black Ventures Private Limited	E-419, Floral Deck Plaza, Central M.I.D.C Road, Andheri (East), Mumbai, Mumbai City, Maharashtra	S2-94108340	80.225204	20	S3-72275309	51.97588	20	80.225204	S2-94108340:80.23,S2-400710229:54.64,S2-603240769:54.02,S2-401753244:53.28,S2-790559859:53.27,S2-349722932:50.54,S2-105641097:48.97,S2-896621896:48.90,S2-309880675:48.82,S2-660511204:48.75,S2-333529021:48.40,S2-81854188:48.07,S2-365257587:47.76,S2-230185680:47.71,S2-262517208:47.57,S2-444889039:47.02,S2-994525296:46.48,S2-819653178:46.15,S2-883440671:45.88,S2-954051784:45.84	S3-72275309:51.98,S3-908257058:50.70,S3-257463431:50.42,S3-189564769:48.74,S3-738044104:47.54,S3-843981440:47.30,S3-275804573:47.18,S3-731256045:46.97,S3-313981140:46.87,S3-684000857:46.24,S3-613971813:46.19,S3-983445896:46.17,S3-584280305:45.84,S3-428100829:45.71,S3-121104866:45.69,S3-380672212:45.24,S3-549722419:45.02,S3-196415293:44.65,S3-777184598:44.63,S3-268410050:44.55	ok
S1-606016389	US	3131 Fifth Street Management LLC	1043 84 Street, Brooklyn, NY	S2-513163415	57.048832	20	S3-24955939	98.813644	20	98.813644	S2-513163415:57.05,S2-918337464:57.05,S2-279252761:57.05,S2-744376743:56.98,S2-9615389:56.98,S2-427780876:56.98,S2-874541634:56.95,S2-345117290:51.31,S2-626494845:51.31,S2-557909387:51.31,S2-423669343:51.31,S2-540867092:51.31,S2-80043540:51.21,S2-708523949:51.21,S2-86058067:51.21,S2-331386380:51.21,S2-172919987:51.21,S2-473125883:51.21,S2-590877347:51.21,S2-408475248:48.83	S3-24955939:98.81,S3-373409892:59.31,S3-680051798:57.02,S3-971079218:56.94,S3-785370133:56.89,S3-855728947:56.89,S3-339574445:56.89,S3-46162544:56.89,S3-252191260:56.80,S3-921165249:51.88,S3-906744680:51.88,S3-157499532:51.77,S3-97270048:51.30,S3-248450950:51.30,S3-524765070:51.30,S3-213569156:51.18,S3-512320024:51.18,S3-687148106:51.18,S3-142362268:51.18,S3-458050063:49.84	ok
S1-790564930	US	Oconnell Software LLC	727 Pennsylvania Court, Molalla, OR	S2-498592679	44.44202	20	S3-940781527	44.930294	20	44.930294	S2-498592679:44.44,S2-573352272:41.12,S2-753784479:40.33,S2-443265843:40.31,S2-496102427:39.80,S2-335214966:39.57,S2-113600693:39.57,S2-200421556:39.57,S2-841170170:38.99,S2-594931589:38.99,S2-472854431:38.99,S2-28525548:38.99,S2-876746994:38.99,S2-179582696:37.47,S2-83193058:37.18,S2-872499457:37.18,S2-53258815:37.00,S2-625722568:37.00,S2-583412852:37.00,S2-914500993:37.00	S3-940781527:44.93,S3-893379225:43.98,S3-146346704:43.57,S3-435725204:43.26,S3-394245957:43.26,S3-461502382:42.93,S3-718009003:42.93,S3-683129773:42.62,S3-284866804:41.59,S3-86467599:39.97,S3-15728198:39.67,S3-639942754:39.46,S3-142580614:39.41,S3-939745734:39.41,S3-12590710:39.23,S3-990307653:39.23,S3-924172439:39.23,S3-819010485:39.23,S3-205629461:37.16,S3-339124804:36.89	ok
S1-725086397	US	Neely Perez, O.D.	6782 Finchdale Court, Florissant, MO	S2-804683163	105.88124	20	S3-938187978	47.838707	20	105.88124	S2-804683163:105.88,S2-884414394:44.58,S2-330818761:44.58,S2-828482376:43.76,S2-483494488:41.32,S2-607091840:39.65,S2-109137019:39.65,S2-490542568:39.65,S2-765597821:39.51,S2-484144770:39.51,S2-368732570:39.51,S2-619375658:39.51,S2-285374516:39.51,S2-13040878:38.13,S2-839653905:37.90,S2-917163211:37.90,S2-366671061:37.90,S2-921565432:37.90,S2-537347369:37.90,S2-188177725:37.90	S3-938187978:47.84,S3-905379884:44.79,S3-873055126:44.79,S3-379492297:44.26,S3-970857001:39.87,S3-485330460:39.87,S3-252150899:39.87,S3-535988964:39.87,S3-836456213:39.80,S3-863117808:38.04,S3-402610103:38.04,S3-918231548:38.04,S3-272334766:38.04,S3-769216056:38.04,S3-50792125:38.04,S3-385548295:38.04,S3-831636610:38.04,S3-119809832:38.04,S3-231471674:38.04,S3-174265105:38.04	ok
S1-956911126	US	Lavue LLC	7936 Foxwood Drive, Raleigh, NC	S2-211300536	49.464737	20	S3-620342255	60.289207	20	60.289207	S2-211300536:49.46,S2-576092516:49.46,S2-671817521:49.46,S2-987309633:49.46,S2-580086945:49.22,S2-205855414:49.22,S2-879391437:48.10,S2-890481692:47.82,S2-788721814:47.82,S2-517395248:47.82,S2-864547490:47.82,S2-306759050:47.82,S2-80122327:47.82,S2-354408206:43.31,S2-965512439:43.31,S2-370417029:43.10,S2-956789075:41.27,S2-604263830:41.27,S2-89234747:41.27,S2-735668725:41.07	S3-620342255:60.29,S3-801552977:51.88,S3-199565972:51.28,S3-80417949:49.26,S3-644125852:49.26,S3-543130379:48.66,S3-52758004:48.66,S3-917358786:48.66,S3-848053763:48.66,S3-710478615:48.66,S3-348516642:47.88,S3-737482174:47.18,S3-614722844:45.53,S3-101367951:43.19,S3-502353433:42.66,S3-292779014:42.66,S3-236334778:42.66,S3-413896725:42.66,S3-210771920:42.66,S3-101222601:41.15	ok
S1-175602726	US	Stubbs Supreme Aldabra LLC	195 4th Street, Beaumont, TX	S2-929783924	63.607075	20	S3-458869113	55.795097	20	63.607075	S2-929783924:63.61,S2-485862556:53.40,S2-546635928:53.40,S2-816655744:53.40,S2-321383482:49.27,S2-509871519:47.97,S2-360543307:46.65,S2-286507209:46.65,S2-541748260:42.06,S2-761553778:41.49,S2-559111490:41.49,S2-442707330:41.49,S2-563925628:41.48,S2-379923113:41.40,S2-352567326:41.24,S2-67628597:41.24,S2-625033420:39.37,S2-260570644:39.17,S2-478373104:39.17,S2-951927142:39.17	S3-458869113:55.80,S3-486763398:49.06,S3-805364889:47.78,S3-18937757:44.57,S3-241131126:42.89,S3-446206997:41.63,S3-870814414:41.63,S3-148097872:41.45,S3-143198095:41.38,S3-669985748:41.11,S3-384419463:40.90,S3-920197917:39.87,S3-142438897:39.87,S3-506240297:39.87,S3-774549453:39.87,S3-209986776:39.87,S3-142432963:39.37,S3-645810355:39.37,S3-874696186:39.37,S3-315562164:39.37	ok
S1-461153356	India	Swastik Management Private Limited	Tamil Nadu, 12-I Cross St., Indira Nagar, Madras., Chennai, Madras.	S2-393744112	53.405895	20	S3-737841524	64.93263	20	64.93263	S2-393744112:53.41,S2-997632845:52.80,S2-501910350:52.03,S2-909135011:51.93,S2-490495934:51.48,S2-874695573:49.49,S2-77220498:49.49,S2-191175013:49.49,S2-419005273:49.49,S2-958209918:49.49,S2-473357170:49.49,S2-347266953:49.35,S2-948839944:49.35,S2-257510555:49.35,S2-230767753:49.35,S2-546910598:48.93,S2-258853676:48.55,S2-165130614:48.55,S2-21727960:48.52,S2-267550596:48.41	S3-737841524:64.93,S3-416079958:60.90,S3-697391556:51.57,S3-84063995:51.12,S3-55417217:50.48,S3-574104980:49.74,S3-983978006:49.53,S3-374585848:49.51,S3-876286485:49.44,S3-157875450:48.69,S3-167341204:48.47,S3-728689411:48.42,S3-142717953:48.39,S3-97580885:47.99,S3-991594536:47.94,S3-925898494:47.24,S3-541183822:47.24,S3-799553944:46.81,S3-482189780:46.81,S3-930744502:46.81	ok
S1-927506068	US	Beth Chapel	1552 Grove Street, City Of Cumberland, WI	S2-276852894	64.36706	20	S3-552007655	74.66112	20	74.66112	S2-276852894:64.37,S2-970469384:64.37,S2-353665461:64.19,S2-822142832:63.67,S2-520444932:63.33,S2-41770449:63.22,S2-518105343:62.61,S2-810487652:61.07,S2-70400068:61.03,S2-652793674:61.03,S2-39209827:60.98,S2-866923189:60.73,S2-834758927:60.67,S2-629529701:59.41,S2-231490585:59.30,S2-914686254:58.39,S2-56888073:57.92,S2-897600199:57.92,S2-417804713:57.92,S2-72683271:57.92	S3-552007655:74.66,S3-99301270:64.17,S3-734911367:63.84,S3-973802726:61.40,S3-329570044:61.38,S3-488611255:61.22,S3-801418544:61.20,S3-366243632:61.13,S3-847936565:61.12,S3-544425863:60.69,S3-600194253:60.00,S3-560036224:59.94,S3-582335206:59.74,S3-41238012:59.70,S3-490291802:58.26,S3-320664905:58.26,S3-578571451:58.26,S3-451778811:58.26,S3-613626250:58.26,S3-193490253:58.26	ok
S1-132212836	US	Proffitt Nasdaq	21 Benfield Avenue, Columbus, OH	S2-99277101	86.958336	20	S3-106723331	73.054726	20	86.958336	S2-99277101:86.96,S2-673116890:65.26,S2-746543525:63.97,S2-989591028:42.42,S2-952474641:42.09,S2-37464477:38.62,S2-68976799:37.15,S2-942323776:37.15,S2-206137593:37.15,S2-63170871:37.15,S2-827192089:37.15,S2-589639541:37.00,S2-228131425:36.86,S2-324265586:36.86,S2-519907230:36.86,S2-101618925:36.10,S2-136802231:36.10,S2-891006479:35.00,S2-68278599:34.82,S2-611897627:34.82	S3-106723331:73.05,S3-852212731:58.23,S3-698394921:58.23,S3-101140178:42.14,S3-582644822:37.98,S3-833388525:37.98,S3-182239449:37.98,S3-172946089:36.95,S3-26168484:36.94,S3-614915269:36.94,S3-995897818:36.51,S3-532974075:36.41,S3-735386240:36.41,S3-69401194:36.41,S3-618821865:35.98,S3-303915849:35.98,S3-448776085:35.98,S3-983540307:35.05,S3-367638021:35.02,S3-735937835:34.65	ok
S1-426999781	India	Saumya Capital Private Limited	Office No-114, First Floor, Plot No-41 Sector No 8, Gandhidham, Kachchh, Gujarat	S2-123767006	69.15983	20	S3-166915881	88.7336	20	88.7336	S2-123767006:69.16,S2-232009630:56.40,S2-818080869:55.75,S2-38154129:53.58,S2-204966189:53.54,S2-942043804:53.07,S2-320720849:51.15,S2-747041634:50.65,S2-581081065:49.30,S2-979858297:49.14,S2-35966664:48.40,S2-644746519:47.93,S2-532881858:47.92,S2-717657046:47.31,S2-40349209:47.15,S2-535797621:46.97,S2-681012423:46.65,S2-891501733:46.47,S2-28859331:45.85,S2-80379813:45.63	S3-166915881:88.73,S3-363358579:86.80,S3-867391924:75.57,S3-189677885:72.04,S3-887527862:67.57,S3-12766351:65.71,S3-27768546:63.54,S3-768496168:62.53,S3-83778205:57.90,S3-693405937:55.72,S3-783503668:54.82,S3-324764236:54.75,S3-157990162:54.41,S3-714718790:54.04,S3-157279532:53.89,S3-620340403:52.85,S3-478296016:50.97,S3-929913667:49.97,S3-148707900:49.76,S3-31020395:49.76	ok
S1-395051242	India	Vasundhara Memorial Trust	Plot No. 51B, Off. Magazine Street, 1St Lane, Darukhana, Mazagaon, Mumbai, Maharashtra	S2-373819744	63.585068	20	S3-413518208	103.976974	20	103.976974	S2-373819744:63.59,S2-106100467:63.31,S2-711445117:62.12,S2-303208565:61.49,S2-539894005:55.36,S2-235727494:50.69,S2-436564157:50.14,S2-798273702:49.57,S2-93028320:49.24,S2-696244844:48.64,S2-633090567:47.21,S2-491868771:46.84,S2-936940314:46.68,S2-751637713:46.61,S2-259307476:46.51,S2-196052391:46.22,S2-580025722:45.91,S2-474460039:45.87,S2-485745614:45.75,S2-284267414:45.58	S3-413518208:103.98,S3-45687284:71.37,S3-99890053:63.65,S3-467448776:57.60,S3-366836895:49.75,S3-324137671:48.11,S3-541466296:47.68,S3-125211209:47.42,S3-997352031:47.10,S3-357516651:47.03,S3-403126117:46.99,S3-128752806:46.68,S3-716270741:46.68,S3-645748359:46.47,S3-936446171:46.43,S3-737196573:46.40,S3-200960459:46.35,S3-58646177:46.22,S3-111464479:46.13,S3-10548253:46.02	ok
S1-796636786	US	Martinez All Health, LLC	636 Carl Drive, Laurinburg, NC	S2-312905297	47.470955	20	S3-871944523	58.555637	20	58.555637	S2-312905297:47.47,S2-10862699:45.19,S2-227855019:45.12,S2-221076874:41.52,S2-879677481:41.01,S2-882716082:40.92,S2-797181994:39.57,S2-260807648:38.82,S2-404398575:38.74,S2-856493470:38.34,S2-323994508:38.24,S2-908584003:37.43,S2-550496049:37.29,S2-198662009:37.24,S2-871550145:37.24,S2-895469101:36.39,S2-844695937:36.37,S2-896038240:36.33,S2-14347866:36.32,S2-275594208:36.03	S3-871944523:58.56,S3-318830591:43.21,S3-82876642:39.73,S3-104970054:39.39,S3-699958110:38.64,S3-818926951:38.47,S3-113080072:38.47,S3-774291186:38.43,S3-910284414:37.93,S3-521661410:37.32,S3-798826735:37.31,S3-570447810:37.31,S3-917796287:37.07,S3-869899196:37.03,S3-647924051:36.30,S3-551819683:36.10,S3-716658988:36.09,S3-871858292:36.09,S3-922961246:36.05,S3-778084644:35.86	ok
S1-636323287	US	Beene Illinois	NM, Albuquerque, 2712 Florida Street	S2-892289360	95.29675	20	S3-291487873	84.856415	20	95.29675	S2-892289360:95.30,S2-58712132:49.92,S2-852826300:44.11,S2-608115468:43.30,S2-36600509:40.95,S2-121567646:40.95,S2-787053616:38.82,S2-436523706:38.68,S2-951533582:37.49,S2-234507130:37.49,S2-883764871:37.22,S2-121118618:37.22,S2-718532663:36.71,S2-956975116:36.03,S2-44353095:36.03,S2-485005739:36.01,S2-514350605:36.01,S2-637080008:35.08,S2-877722736:34.88,S2-502765416:34.85	S3-291487873:84.86,S3-336441275:43.98,S3-100632359:40.86,S3-641069620:40.10,S3-347265511:39.73,S3-804112306:37.52,S3-310157593:36.98,S3-782388607:36.97,S3-269118385:36.79,S3-312974711:36.79,S3-842755302:36.79,S3-715906912:36.37,S3-276940089:36.37,S3-971959806:36.37,S3-746018806:36.37,S3-120038191:34.90,S3-40345578:34.90,S3-144241458:34.89,S3-867394225:34.89,S3-572009599:34.72	ok
S1-336853624	US	Hayes, Burgos & Barnes Inc	4708 New Town Boulevard, Owings Mills, MD	S2-11163930	112.68379	20	S3-454820539	46.047516	20	112.68379	S2-11163930:112.68,S2-628200261:104.88,S2-191272077:42.51,S2-176891946:42.51,S2-809943546:42.51,S2-9018505:42.02,S2-751005751:42.02,S2-472404752:42.02,S2-203596706:42.02,S2-281152135:42.02,S2-290636960:40.20,S2-384641824:39.46,S2-446599338:39.46,S2-742285959:39.46,S2-851498363:39.46,S2-529151633:39.46,S2-755783402:39.46,S2-481233828:39.20,S2-585241875:38.91,S2-370754295:38.91	S3-454820539:46.05,S3-442536224:44.67,S3-162273726:43.24,S3-536520174:42.84,S3-45501405:42.43,S3-359761711:42.02,S3-984684558:42.02,S3-243486624:41.46,S3-885075471:40.23,S3-307480828:40.19,S3-775334031:40.19,S3-573325266:40.19,S3-73937736:40.19,S3-348076343:40.19,S3-717602392:40.19,S3-999468140:40.19,S3-60644258:40.19,S3-822446036:40.19,S3-595938005:38.81,S3-701652024:38.81	ok
S1-222921322	US	Cedar Surgical	4488 Watchmen Way, Bldg 73, Herriman Town, UT	S2-739386307	84.92412	20	S3-342835549	40.77742	20	84.92412	S2-739386307:84.92,S2-42567081:84.92,S2-887031889:49.19,S2-633473139:49.02,S2-343122323:42.25,S2-438083728:39.91,S2-360725567:39.62,S2-168132221:39.42,S2-108936476:36.99,S2-84253654:36.58,S2-210276658:36.44,S2-267416055:36.23,S2-652842049:35.98,S2-592604853:35.76,S2-727608907:35.76,S2-617426165:35.74,S2-867961486:35.66,S2-302528690:35.65,S2-961683078:35.51,S2-222124430:35.42	S3-342835549:40.78,S3-230196617:39.67,S3-581346174:39.67,S3-600444730:39.45,S3-716704473:39.45,S3-182392861:39.42,S3-739910165:37.25,S3-733976009:35.56,S3-260824595:35.56,S3-403960011:35.52,S3-142967247:35.52,S3-669143152:35.52,S3-654888588:35.52,S3-920349890:35.51,S3-181958088:35.51,S3-814864463:35.51,S3-672444828:35.51,S3-571091150:35.51,S3-26816406:35.48,S3-859546900:35.48	ok
S1-269338652	India	Var Code Private Limited	Door No. 10-H/3, Chittoor Road, Tiruttani, Thiruvallur, Tamil Nadu	S2-234613200	108.33576	20	S3-370330154	52.532124	20	108.33576	S2-234613200:108.34,S2-990040454:76.85,S2-396275948:49.23,S2-884726346:48.98,S2-926379412:48.54,S2-337909758:47.17,S2-848539001:47.17,S2-40232499:47.15,S2-712280275:47.08,S2-47592629:46.93,S2-661229396:46.60,S2-515128113:46.30,S2-463229315:46.29,S2-645041768:46.02,S2-463642588:45.89,S2-928325608:45.87,S2-420449910:45.53,S2-742992368:45.53,S2-489195718:45.53,S2-713187930:45.38	S3-370330154:52.53,S3-793775308:51.48,S3-794822616:50.17,S3-377368394:50.06,S3-721698666:49.30,S3-436923658:47.49,S3-39599946:47.29,S3-396772485:46.99,S3-994555141:46.98,S3-298332584:46.81,S3-933253201:46.56,S3-752521068:46.42,S3-875543017:46.05,S3-572228404:45.46,S3-183298054:45.46,S3-91200251:45.37,S3-786313955:44.31,S3-792146493:43.98,S3-852010067:43.53,S3-722728690:43.03	ok
S1-273121186	US	Nelson, Peterson & Little Rockwool Inc	478 Cemetery Road, Keyser, WV	S2-596500762	80.09592	20	S3-935896541	92.272896	20	92.272896	S2-596500762:80.10,S2-858467628:72.84,S2-328536309:44.78,S2-323174901:44.71,S2-332594839:44.71,S2-848717376:41.97,S2-557894200:40.87,S2-373434338:40.26,S2-547555003:40.20,S2-844062592:39.16,S2-439868776:39.16,S2-993404787:38.52,S2-150129070:38.34,S2-326317873:38.20,S2-483253936:38.20,S2-382951729:37.89,S2-928301827:37.84,S2-632632023:37.82,S2-99524703:37.56,S2-776120435:37.56	S3-935896541:92.27,S3-762670872:89.45,S3-923079480:62.71,S3-136948613:55.43,S3-34757823:51.92,S3-482362348:51.92,S3-221285605:50.68,S3-313033599:50.68,S3-286227336:50.33,S3-700530012:47.15,S3-410524096:41.74,S3-570047473:40.93,S3-868029631:40.93,S3-195071014:40.38,S3-287811332:39.49,S3-440595857:39.08,S3-153855948:38.79,S3-628678497:38.22,S3-132263464:37.70,S3-200610478:37.50	ok
S1-661475452	US	Cinder Inc	186 Eagles Cove Road, Louisa County, VA	S2-218794344	49.28791	20	S3-315259021	51.17198	20	51.17198	S2-218794344:49.29,S2-718862887:48.58,S2-591411148:47.48,S2-402499255:47.10,S2-545054023:44.75,S2-126555139:44.46,S2-809751978:44.25,S2-426832999:43.78,S2-29101200:43.66,S2-660184860:43.66,S2-497050408:42.94,S2-23383840:42.44,S2-155807872:41.61,S2-762136784:41.25,S2-905282916:41.02,S2-964815863:41.02,S2-294729949:40.44,S2-943682364:40.44,S2-237158025:40.44,S2-738312400:40.44	S3-315259021:51.17,S3-52662174:45.21,S3-559872631:45.01,S3-368481738:43.63,S3-804963046:43.35,S3-752233152:43.19,S3-328221488:43.19,S3-749359788:43.05,S3-705612104:42.99,S3-318069985:42.70,S3-81743204:41.56,S3-92542745:40.71,S3-843836903:40.71,S3-104829807:40.71,S3-680751050:40.71,S3-315295032:40.71,S3-799033701:40.71,S3-227014146:40.71,S3-890072656:40.71,S3-193662843:40.71	ok
S1-436211185	India	Ace Impex Private Limited	E-673, Phase-Viii, Focal Point, Punjab, Ludhiana.	S2-722184758	56.788982	20	S3-228646877	66.66989	20	66.66989	S2-722184758:56.79,S2-220465346:56.67,S2-193540291:51.29,S2-702502451:51.16,S2-977612397:51.01,S2-801458894:49.98,S2-337659263:49.18,S2-903871660:48.19,S2-495261022:48.19,S2-539878716:48.19,S2-943305824:47.71,S2-393912678:47.58,S2-965042432:47.58,S2-394597285:47.58,S2-421423245:47.49,S2-694650852:47.49,S2-906362652:47.49,S2-859088399:46.89,S2-531177325:46.85,S2-720276895:46.32	S3-228646877:66.67,S3-972616745:50.49,S3-902788473:50.49,S3-707948276:50.29,S3-319172128:46.16,S3-849872315:46.16,S3-490029452:45.70,S3-94758149:45.60,S3-135670020:45.60,S3-522415752:45.60,S3-684589594:45.60,S3-262237787:45.52,S3-556999091:45.52,S3-207426659:45.52,S3-52104821:45.44,S3-929535288:44.73,S3-29315401:44.73,S3-856938653:44.70,S3-826708447:44.62,S3-790963450:44.62	ok
S1-657274169	India	Pioneer Foundation Pvt Ltd	39/A, Ground Floor, Ganesh Chandra Avenue, Kolkata, Howrah, West Bengal	S2-155576014	52.07886	20	S3-359586990	75.10805	20	75.10805	S2-155576014:52.08,S2-774735018:48.65,S2-30388898:47.43,S2-61678291:47.28,S2-31228375:47.21,S2-514060212:47.08,S2-725621051:46.48,S2-377882958:46.10,S2-277995727:46.09,S2-857144841:46.06,S2-518812987:46.06,S2-80707109:45.91,S2-422024204:45.75,S2-914071213:45.75,S2-895493202:45.75,S2-928210348:45.72,S2-840127621:45.70,S2-329246562:45.61,S2-117185474:45.60,S2-782128959:45.12	S3-359586990:75.11,S3-672641446:49.97,S3-315955861:49.16,S3-992095912:48.40,S3-591115584:47.19,S3-977624122:44.85,S3-23121755:44.83,S3-538667239:44.82,S3-901224658:44.78,S3-652990896:44.73,S3-87726239:44.58,S3-773038835:44.45,S3-32161764:44.41,S3-361359440:44.03,S3-147864456:44.02,S3-43353164:43.82,S3-655175583:43.80,S3-835148911:43.79,S3-245044867:43.77,S3-477328792:43.34	ok
S1-191309407	US	Cozy Seafood	10624 Canvas Nettie Road, WV, Canvas	S2-553655879	95.77723	20	S3-407423494	56.841194	20	95.77723	S2-553655879:95.78,S2-117170378:58.54,S2-146978246:58.07,S2-220414038:54.15,S2-720021126:53.94,S2-448433422:53.86,S2-571825845:53.15,S2-252884262:52.72,S2-253533300:52.72,S2-515101132:52.53,S2-888417544:52.47,S2-498943166:51.91,S2-968066786:51.73,S2-549734646:51.73,S2-703678463:50.65,S2-292474513:50.65,S2-340369521:50.65,S2-606376182:50.65,S2-308548967:50.65,S2-459822615:50.65	S3-407423494:56.84,S3-120840236:53.13,S3-546104553:53.13,S3-776844863:53.13,S3-516596740:52.99,S3-683767201:52.81,S3-879847135:52.75,S3-716155110:52.29,S3-376824976:51.93,S3-304667407:50.71,S3-570711734:50.71,S3-788469366:50.71,S3-771380189:50.71,S3-508323673:50.71,S3-704282935:50.71,S3-787920882:50.71,S3-456231229:50.71,S3-951636161:50.71,S3-797492486:50.71,S3-295039765:50.71	ok
S1-87915253	India	Jay Infrastructure Private Limited	Gujarat, E-1203, Vadodara, Sangani Skyz, Nr.Navrachna, Int.School	S2-394087123	90.43891	20	S3-83496692	49.09305	20	90.43891	S2-394087123:90.44,S2-50405644:50.00,S2-665351539:49.98,S2-600439068:49.98,S2-446746149:49.98,S2-975859249:49.98,S2-385456433:49.11,S2-957341194:49.10,S2-152647311:48.58,S2-843520357:48.42,S2-283913394:47.99,S2-207195921:47.99,S2-366173569:47.99,S2-402212482:47.99,S2-553396234:47.57,S2-93238798:46.49,S2-734032516:45.02,S2-670955955:45.02,S2-998666869:45.02,S2-235313272:45.02	S3-83496692:49.09,S3-347953926:47.41,S3-860738800:47.41,S3-106156792:47.41,S3-40961289:47.41,S3-193838495:47.29,S3-532673477:47.29,S3-478703335:47.29,S3-504982786:47.29,S3-784597554:46.75,S3-340067256:46.75,S3-299306158:46.62,S3-635443058:46.57,S3-252433791:46.57,S3-109759213:46.57,S3-792619533:46.48,S3-51926716:46.45,S3-12985176:46.45,S3-161445149:46.45,S3-902898647:46.45	ok
S1-370155229	India	New Maa Energy Private Limited	S.No.123/2, Jadhav Vasti, Kalas, Pune, Maharashtra	S2-74131063	51.06636	20	S3-71301430	76.500206	20	76.500206	S2-74131063:51.07,S2-453081254:50.54,S2-947692646:49.06,S2-77875647:49.06,S2-746809329:49.06,S2-68961145:49.06,S2-10061883:48.94,S2-979437577:48.07,S2-897352722:47.94,S2-163956209:47.94,S2-124336811:47.94,S2-416188704:47.94,S2-1379489:47.33,S2-665497779:46.90,S2-275109440:46.87,S2-308454320:46.78,S2-275008324:46.78,S2-288216603:46.65,S2-546457432:46.65,S2-614826367:46.34	S3-71301430:76.50,S3-103469630:51.58,S3-634793082:48.64,S3-986769848:48.33,S3-445692691:48.27,S3-959432849:47.15,S3-106179420:46.66,S3-408312244:46.66,S3-614170120:46.66,S3-6881591:46.66,S3-489478745:46.66,S3-976363445:46.66,S3-877371476:46.64,S3-35291828:46.64,S3-517359811:46.64,S3-640887242:46.64,S3-753391806:46.64,S3-737652384:46.64,S3-203206573:46.64,S3-712149965:46.33	ok
S1-40692321	US	Vangorder Chemical, Inc	15821 4th Avenue, Unit H-238, Spokane Valley, WA	S2-615851558	49.594154	20	S3-119111493	51.465714	20	51.465714	S2-615851558:49.59,S2-221774407:45.79,S2-881723314:44.76,S2-322944011:42.73,S2-110315031:40.46,S2-375671574:39.74,S2-466988975:39.74,S2-677675183:39.74,S2-25541478:38.54,S2-255710347:38.20,S2-172095123:38.20,S2-506840776:37.06,S2-889912602:37.00,S2-553032874:35.66,S2-867316299:35.66,S2-801535758:35.66,S2-444746636:35.66,S2-819925953:35.64,S2-595640284:35.62,S2-843023183:35.35	S3-119111493:51.47,S3-173531296:48.47,S3-452346385:42.50,S3-510879188:41.32,S3-472513630:41.32,S3-780641946:41.32,S3-757894558:37.83,S3-949525730:37.83,S3-419211272:36.78,S3-493196077:36.78,S3-164787372:36.17,S3-124733079:36.14,S3-856060556:35.28,S3-814955576:34.62,S3-60651184:34.54,S3-102881849:34.48,S3-554150896:33.90,S3-296680791:33.84,S3-60023476:33.83,S3-349007702:33.83	ok
S1-873786740	India	Star Estate Private Limited	5-2-103 To 106Jambagh, Putlibowli, Nampally, Nampally, Hyderabad, Telangana	S2-572515166	51.319054	20	S3-767111917	48.777485	20	51.319054	S2-572515166:51.32,S2-728256505:50.76,S2-993427541:50.06,S2-388149198:49.11,S2-548594475:48.48,S2-418959648:47.32,S2-417174471:47.32,S2-25900685:47.15,S2-522089980:46.51,S2-205016906:46.50,S2-730899654:46.12,S2-859153147:46.12,S2-744249619:46.12,S2-141151827:45.21,S2-588028877:45.09,S2-769748087:44.55,S2-714475011:44.36,S2-552910977:43.80,S2-30217776:43.67,S2-909527439:43.66	S3-767111917:48.78,S3-12526891:47.79,S3-871406010:47.68,S3-55079919:47.41,S3-392512165:47.17,S3-795855802:47.00,S3-716689507:46.59,S3-425165566:46.48,S3-974764029:45.19,S3-928340475:45.19,S3-340581593:45.19,S3-892593437:45.19,S3-742498686:45.19,S3-756863975:45.19,S3-70161260:45.19,S3-989189152:45.18,S3-25522774:45.18,S3-142510022:44.27,S3-90285566:44.27,S3-719053023:44.27	ok
S1-558082270	India	Dynamic Hari Infra Private Limited	242 Katyayanitala Street, Beside Kanak Basu School P.O. Dakshin Jagaddal, Kolkata, Kolkata, Howrah, West Bengal	S2-364107376	58.704357	20	S3-828177877	104.33429	20	104.33429	S2-364107376:58.70,S2-160600465:58.62,S2-746864262:57.45,S2-297860354:56.94,S2-1573138:55.75,S2-428354809:53.73,S2-436358858:53.15,S2-259190424:52.99,S2-16253949:51.77,S2-302860014:51.50,S2-258245232:51.48,S2-651681119:51.34,S2-863748067:51.04,S2-929296829:50.98,S2-617325352:50.75,S2-765036107:50.75,S2-925890217:50.47,S2-410535652:50.29,S2-531771972:50.21,S2-780690580:49.98	S3-828177877:104.33,S3-450341313:55.42,S3-70826416:55.39,S3-850198825:51.38,S3-633511227:50.62,S3-423441116:50.41,S3-216962065:50.26,S3-758014803:50.07,S3-420999371:49.94,S3-741884326:49.29,S3-816532506:49.26,S3-902052844:48.99,S3-112907116:48.31,S3-143171745:48.02,S3-658326611:47.87,S3-897263955:47.84,S3-865119885:47.84,S3-558257720:47.84,S3-987970515:47.84,S3-274406233:47.84	ok
S1-891298981	India	Devendra Foreign Private Limited	5, Vidhya Vihar Colony, North Sundarwas, Udaipur, Rajasthan	S2-845803265	84.762085	20	S3-940043174	48.00546	20	84.762085	S2-845803265:84.76,S2-248189628:46.69,S2-303666381:46.13,S2-688308710:46.13,S2-28619832:45.93,S2-286010449:45.07,S2-683027889:44.87,S2-106824166:44.74,S2-899491290:44.74,S2-569600469:44.47,S2-129098758:43.23,S2-654693145:42.60,S2-889919370:42.60,S2-648272335:42.60,S2-895645878:42.60,S2-523865563:42.60,S2-99355408:42.60,S2-646919422:42.59,S2-288073748:42.27,S2-668500612:42.27	S3-940043174:48.01,S3-774086991:47.60,S3-656619848:45.38,S3-679044666:43.92,S3-460652130:43.92,S3-980521072:43.87,S3-871899306:43.82,S3-598436442:43.58,S3-925065315:43.54,S3-566558762:43.45,S3-388320740:43.45,S3-56762019:43.45,S3-213132984:43.45,S3-410074360:43.45,S3-213135218:42.83,S3-562695669:42.83,S3-244395758:42.66,S3-199855200:42.44,S3-726753543:42.31,S3-503338192:42.19	ok
S1-334395562	US	Pediatric Dentistry Care of Issaquah	1759 12th Avenue, Issaquah, WA	S2-777094060	62.506584	20	S3-657413298	84.86738	20	84.86738	S2-777094060:62.51,S2-575671620:61.62,S2-403572273:61.62,S2-745604053:59.64,S2-288435911:57.82,S2-252994591:56.98,S2-98663370:56.94,S2-892089413:54.53,S2-170913317:54.46,S2-506582019:54.07,S2-946229388:53.77,S2-885276784:53.71,S2-136584914:53.27,S2-843851364:53.13,S2-438281301:53.11,S2-916476024:52.91,S2-746454285:52.59,S2-777440253:52.31,S2-400711219:52.31,S2-516925732:52.31	S3-657413298:84.87,S3-774721794:78.45,S3-820124470:57.73,S3-854131792:55.96,S3-943615895:54.88,S3-946699557:54.88,S3-285072542:54.88,S3-239215973:54.64,S3-994699762:53.18,S3-134048396:53.09,S3-81887359:53.09,S3-24344583:53.09,S3-516863047:53.09,S3-501104883:52.98,S3-435432338:52.97,S3-692161896:52.76,S3-689146757:52.76,S3-511907905:52.45,S3-731063201:52.45,S3-292885454:52.45	ok
S1-466829911	India	OR Heritage LLP	C/O Sahayog Medical At Post Sungaon, Tal.Jalgaon Jamod, Dist, . Buldhana, Jalgaon Jamod, Maharashtra	S2-714124652	110.23595	20	S3-978087204	128.01541	20	128.01541	S2-714124652:110.24,S2-492244805:57.40,S2-944896952:55.62,S2-109561732:53.73,S2-39117138:53.48,S2-589042470:53.40,S2-838422745:51.58,S2-774813633:50.90,S2-352725982:49.67,S2-725880420:48.28,S2-340786070:47.63,S2-20578485:47.28,S2-817810616:46.88,S2-566804602:46.37,S2-241952652:44.63,S2-256988370:44.32,S2-624104403:44.32,S2-46463914:44.26,S2-611310842:44.00,S2-395863393:43.56	S3-978087204:128.02,S3-439472795:53.51,S3-100939756:50.97,S3-305130749:49.94,S3-121426382:49.94,S3-615309380:48.71,S3-755091582:47.66,S3-726701243:47.49,S3-125548753:46.64,S3-47940205:45.83,S3-637426006:45.83,S3-711899676:45.39,S3-271357994:45.14,S3-279616402:44.72,S3-901373364:44.54,S3-505855553:44.54,S3-792730:44.26,S3-248803574:44.09,S3-396171958:43.14,S3-224863469:43.14	ok
S1-810978720	US	Highland Institute	3200 Mill Race Road, Chesterfield County, VA	S2-834295071	64.812836	20	S3-691663603	42.008713	20	64.812836	S2-834295071:64.81,S2-521113980:49.47,S2-44668222:48.21,S2-334231400:43.28,S2-103457036:41.54,S2-47110479:41.54,S2-874462312:41.32,S2-650953287:39.38,S2-900727117:39.38,S2-364912249:39.38,S2-131503843:39.38,S2-568786763:39.38,S2-369842046:39.38,S2-622833692:39.38,S2-492436651:39.38,S2-166226456:39.38,S2-998463499:39.38,S2-318344076:39.38,S2-439895595:39.38,S2-939193913:39.38	S3-691663603:42.01,S3-718983631:42.01,S3-444564364:41.83,S3-111269477:39.67,S3-513608836:39.67,S3-736736467:39.67,S3-672196343:39.67,S3-287205734:39.67,S3-42182013:39.67,S3-137006076:39.67,S3-235804250:39.67,S3-150350152:39.67,S3-213198127:39.67,S3-849674225:39.67,S3-889975861:39.62,S3-100551883:39.62,S3-663134947:39.62,S3-991231255:39.62,S3-674424892:39.62,S3-313607283:39.62	ok
S1-306712780	US	Preston Housing Coalition	6355 Ganeys Wharf Road, Preston, MD	S2-786788634	52.994526	20	S3-525421442	103.83601	20	103.83601	S2-786788634:52.99,S2-566786197:52.65,S2-924089233:50.50,S2-120923288:50.28,S2-867234:49.66,S2-616366755:49.63,S2-458322253:48.29,S2-140977208:48.29,S2-148706477:48.29,S2-416415510:48.29,S2-969692679:48.29,S2-333119885:48.29,S2-884091986:48.29,S2-553373393:48.29,S2-614140462:48.29,S2-377158804:48.29,S2-452251089:48.29,S2-45006356:48.29,S2-204630329:48.29,S2-879598131:48.29	S3-525421442:103.84,S3-94014858:50.75,S3-9934260:50.40,S3-725410656:50.40,S3-716705829:50.35,S3-671668242:50.35,S3-51906823:49.77,S3-405310945:48.45,S3-794492032:48.45,S3-705627572:48.45,S3-163026597:48.45,S3-439245932:48.45,S3-968926458:48.45,S3-919151068:48.45,S3-864290353:48.45,S3-988326359:48.45,S3-965434630:48.45,S3-937835396:48.45,S3-181154809:48.45,S3-89763466:48.45	ok
S1-289173420	India	Classic Lotus Impex Private Limited	2/22, Sector- 2, Rajender Nagar, Ghaziabad, Uttar Pradesh	S2-557524059	59.869934	20	S3-252202842	83.51666	20	83.51666	S2-557524059:59.87,S2-570031269:56.74,S2-350196727:55.42,S2-480694862:53.61,S2-298952091:53.50,S2-657980084:52.10,S2-328846397:52.10,S2-440857041:52.10,S2-843972243:51.49,S2-985477939:51.10,S2-345833104:51.07,S2-190762020:51.02,S2-605337316:50.85,S2-452842151:50.68,S2-760889014:50.68,S2-974171660:50.66,S2-948517360:50.24,S2-912547610:50.12,S2-708161015:50.09,S2-887804284:49.79	S3-252202842:83.52,S3-473269995:55.62,S3-26468888:55.62,S3-512085457:54.99,S3-252782215:52.52,S3-243613443:52.39,S3-74124983:51.98,S3-916919083:51.50,S3-566552707:51.50,S3-131273280:51.21,S3-389772674:50.63,S3-923464359:49.95,S3-36838888:49.89,S3-851863528:49.40,S3-805139579:49.10,S3-190150283:49.04,S3-151808347:48.95,S3-586725537:48.95,S3-367735392:48.95,S3-856289590:48.95	ok
S1-238143309	US	24 Hour Massage	2191 Woodville Pike, Goshen, OH	S2-732868980	82.12982	20	S3-788454290	96.30435	20	96.30435	S2-732868980:82.13,S2-39094685:81.91,S2-639302588:81.72,S2-98465692:81.13,S2-599835088:80.79,S2-138141358:79.83,S2-310595163:78.29,S2-793030657:78.29,S2-541140144:78.29,S2-8920691:78.29,S2-330377024:78.29,S2-428457291:78.29,S2-583865960:77.70,S2-112675290:77.70,S2-988646542:77.70,S2-700820602:77.70,S2-35614648:77.70,S2-353089689:77.70,S2-676675717:77.70,S2-992898102:77.70	S3-788454290:96.30,S3-963964305:77.88,S3-482767345:77.88,S3-936040703:77.88,S3-668949171:77.88,S3-187383664:77.88,S3-911834870:77.88,S3-503221338:77.88,S3-503002785:77.88,S3-34420496:77.54,S3-329991556:77.54,S3-758443159:77.54,S3-275440987:77.54,S3-577024499:77.54,S3-359856157:77.54,S3-996266799:69.33,S3-741472195:69.33,S3-223741798:69.33,S3-782401373:69.33,S3-326150045:69.33	ok
S1-930259999	India	Apex Logistics Pvt Ltd	C/O Shashank Sheorey, Sheorey Niwas 680, Tilak Bhumi Talaiya, Bhandarpara, Jabalpur, Madhya Pradesh	S2-152606784	126.566345	20	S3-447199723	101.0631	20	126.566345	S2-152606784:126.57,S2-59102342:96.32,S2-450771783:94.05,S2-802158483:94.05,S2-564151578:92.96,S2-315009958:92.96,S2-166324760:92.96,S2-857815827:92.96,S2-899484024:91.34,S2-391829969:90.88,S2-525975842:89.90,S2-560715630:89.90,S2-569893338:85.22,S2-542072757:84.89,S2-252459928:83.87,S2-351916248:62.78,S2-982458471:52.96,S2-511764280:50.30,S2-422073715:49.94,S2-597288586:47.99	S3-447199723:101.06,S3-225447286:94.80,S3-16685441:94.80,S3-637252823:94.66,S3-203228844:92.45,S3-965744450:87.71,S3-769476962:85.57,S3-527311929:82.23,S3-924039771:55.85,S3-944664101:55.79,S3-831136856:55.79,S3-545446471:50.33,S3-501531172:50.06,S3-209052746:50.01,S3-199569647:49.88,S3-32145286:48.83,S3-304699887:48.83,S3-372380646:48.83,S3-823172309:48.82,S3-753948572:48.82	ok
S1-671678204	India	UV Apparels Private Limited	61, Bhavya Height, Datta Mandir Road, Vakola Bridge, Santacruz (East), Mumbai, Mumbai City, Maharashtra	S2-6978550	94.583435	20	S3-455497712	111.55909	20	111.55909	S2-6978550:94.58,S2-127097576:52.88,S2-780772173:51.42,S2-383169866:51.30,S2-668628603:49.55,S2-105547330:48.11,S2-704346340:47.42,S2-162613436:47.34,S2-36632867:47.34,S2-243926205:47.13,S2-14261011:47.03,S2-538588208:46.62,S2-814270711:46.21,S2-152263408:45.92,S2-808870132:45.81,S2-162236152:45.36,S2-725546413:45.17,S2-497611540:45.14,S2-250460773:45.13,S2-702724719:44.92	S3-455497712:111.56,S3-695390373:51.97,S3-327466418:49.60,S3-592825664:47.98,S3-569690435:47.60,S3-892760137:47.39,S3-949285009:47.02,S3-496876620:47.01,S3-626021944:46.55,S3-860990937:46.54,S3-180333751:46.39,S3-784867564:45.94,S3-511918089:45.66,S3-307583472:45.49,S3-322295489:45.40,S3-944777834:45.37,S3-234360968:45.20,S3-205113520:45.11,S3-572013960:44.94,S3-206329155:44.94	ok
S1-572022703	India	Ajanta Solutions Private Limited	Park Dhamatvan, Ahmedabad, Gujarat, Plot No 14 Kedarnath Ind., Dascroi	S2-392744117	56.192554	20	S3-591394152	83.02705	20	83.02705	S2-392744117:56.19,S2-779076884:54.54,S2-40608707:51.40,S2-443522173:50.89,S2-81964527:49.35,S2-640626341:49.16,S2-342107523:48.50,S2-477888057:48.01,S2-120715981:47.72,S2-679118822:46.57,S2-762564541:44.85,S2-974980538:44.69,S2-692229306:44.48,S2-321401230:43.84,S2-200870980:43.73,S2-191836511:43.19,S2-989576323:43.12,S2-116670530:42.91,S2-856612092:42.59,S2-91384801:42.37	S3-591394152:83.03,S3-751268015:55.12,S3-619244570:53.74,S3-76905502:53.63,S3-535911561:53.58,S3-175756241:53.58,S3-220497555:53.57,S3-729877069:50.26,S3-858693506:50.11,S3-848814876:47.91,S3-314892638:47.69,S3-595197590:47.65,S3-998768314:45.72,S3-733960362:44.59,S3-184906180:44.57,S3-382542337:44.41,S3-251680551:44.12,S3-750969953:44.12,S3-988190882:43.19,S3-586218169:42.60	ok
S1-711470423	India	Fine Brothers Pvt. Ltd.	Plot No 416, 3Rd Floor, Sector 68 Imt, Ballabgarh, Faridabad, Haryana	S2-618312801	51.165825	20	S3-929896004	71.62268	20	71.62268	S2-618312801:51.17,S2-380751895:50.66,S2-860686133:48.61,S2-710344866:48.24,S2-895199797:48.24,S2-961042525:47.59,S2-884528114:47.44,S2-189845269:47.44,S2-969503679:47.34,S2-577010591:46.97,S2-9140240:46.87,S2-148162923:46.78,S2-568859353:46.57,S2-201528856:45.98,S2-803327290:45.61,S2-814873724:45.37,S2-651231080:45.31,S2-83132041:45.22,S2-432256599:45.02,S2-955004565:44.96	S3-929896004:71.62,S3-796102113:67.75,S3-967712917:53.48,S3-494955566:53.35,S3-168093602:50.94,S3-790008997:50.36,S3-319114535:49.42,S3-129685642:46.93,S3-302446249:46.92,S3-608631611:46.91,S3-654182191:46.76,S3-227288384:46.66,S3-948971831:46.66,S3-560263478:45.65,S3-713757495:45.38,S3-562788668:45.20,S3-791404435:45.20,S3-346031726:44.66,S3-35850169:44.48,S3-776329293:44.38	ok
S1-16474473	India	Valley (India) Freight Private Limited	Flat Number 3F, Ac Candlewood South Poneth Road, Kadavanthara, Ernakulam, Kerala	S2-597082146	95.54979	20	S3-331080585	100.83707	20	100.83707	S2-597082146:95.55,S2-807511651:46.80,S2-753039222:43.12,S2-152218612:42.96,S2-149217526:41.09,S2-490682563:40.80,S2-375710278:40.44,S2-777906679:38.68,S2-326484354:38.68,S2-571428026:38.68,S2-759020638:38.68,S2-596046954:38.68,S2-959346759:38.31,S2-548596220:37.68,S2-368884011:36.85,S2-249234277:36.82,S2-31042294:36.70,S2-518114957:36.66,S2-36856591:36.66,S2-614452054:36.62	S3-331080585:100.84,S3-485172879:62.49,S3-394617001:57.18,S3-4134177:42.33,S3-186503495:42.19,S3-709518255:42.19,S3-88476170:40.71,S3-410140509:40.38,S3-505166867:39.92,S3-548153267:39.83,S3-771669260:39.81,S3-91476199:38.65,S3-435141584:38.14,S3-629933199:38.01,S3-508275238:38.01,S3-190275738:37.80,S3-117269491:37.35,S3-883651553:36.83,S3-170821818:36.83,S3-490708184:36.56	ok
S1-78725426	US	Goss, Daniels and Saunders Space	715 Pine View Court, Eugene, OR	S2-537063294	122.15069	20	S3-37197628	46.76283	20	122.15069	S2-537063294:122.15,S2-854958914:48.67,S2-589511972:46.56,S2-121812900:45.68,S2-83648000:44.96,S2-972889250:44.96,S2-783513823:44.65,S2-499506675:44.32,S2-633886799:44.32,S2-952303557:44.32,S2-738400938:42.96,S2-580729970:42.07,S2-388025142:41.90,S2-866050048:41.88,S2-127271873:41.88,S2-876571223:41.88,S2-245065661:41.72,S2-632622579:41.72,S2-825585890:41.46,S2-23225973:40.41	S3-37197628:46.76,S3-69985794:45.36,S3-558725727:45.36,S3-658142121:45.28,S3-681194213:45.28,S3-177982840:44.40,S3-159511725:44.21,S3-295277216:43.98,S3-699313997:43.59,S3-542262998:42.22,S3-149873837:42.22,S3-879923280:42.09,S3-48488071:42.09,S3-297416294:42.09,S3-307603007:42.09,S3-224441890:42.01,S3-202570963:42.01,S3-449558923:42.01,S3-948406997:42.01,S3-660490289:42.01	ok
S1-516221786	US	Bodaix LLC	Wetumpka, 200 Red Eagle Drive, AL	S2-42732157	85.62053	20	S3-311518602	80.39978	20	85.62053	S2-42732157:85.62,S2-253721890:30.11,S2-281362427:26.93,S2-937997982:26.30,S2-180245754:26.22,S2-399094823:26.22,S2-95320812:26.22,S2-127476263:25.51,S2-511728444:25.42,S2-100284749:24.79,S2-753599484:24.55,S2-153951024:24.34,S2-791990958:24.34,S2-64282459:24.24,S2-459556714:24.12,S2-963320611:23.78,S2-709102108:23.64,S2-725284984:23.64,S2-156345503:23.61,S2-823847155:23.53	S3-311518602:80.40,S3-613776133:27.89,S3-237920210:26.54,S3-431648006:24.80,S3-987993156:24.46,S3-976192765:23.79,S3-15296188:23.20,S3-110131086:23.00,S3-725262788:23.00,S3-860367367:22.57,S3-633121734:22.14,S3-550917341:22.01,S3-133423447:22.01,S3-139390359:21.94,S3-112529608:21.86,S3-863322952:21.82,S3-598419428:21.27,S3-464684883:21.03,S3-69910461:21.01,S3-610418761:20.90	ok
S1-685525770	India	Tech Engineering Limited	Plot No. 12, G/F, Khasra No. 616 Binda Pur, Uttam Nagar, New Delhi, Delhi	S2-414831612	50.97218	20	S3-846779591	50.737804	20	50.97218	S2-414831612:50.97,S2-935171679:50.56,S2-109541921:50.14,S2-27723318:49.07,S2-168078954:48.20,S2-947352603:48.17,S2-726241262:47.92,S2-707219408:47.41,S2-415774894:46.20,S2-975185569:46.09,S2-118566907:46.01,S2-41867613:46.00,S2-466148480:45.21,S2-362517723:45.13,S2-967020414:44.82,S2-359968978:44.55,S2-909341884:44.25,S2-873448218:44.12,S2-433151419:43.82,S2-984940355:43.39	S3-846779591:50.74,S3-468868095:50.67,S3-613513804:48.67,S3-749040050:48.11,S3-521671709:47.97,S3-630875393:47.95,S3-790969493:45.93,S3-867965402:45.69,S3-280438451:45.35,S3-418897252:45.09,S3-659963449:44.99,S3-727916200:44.82,S3-967415959:44.46,S3-806148716:44.26,S3-545933514:44.16,S3-7216531:43.82,S3-573741789:43.35,S3-269147052:43.30,S3-380343443:42.97,S3-117668345:42.65	ok
S1-255643543	India	One Systems	H.No 116 New Basti, Akbarpura, Bahraich, Uttar Pradesh	S2-234961223	50.482002	20	S3-897799394	41.74201	20	50.482002	S2-234961223:50.48,S2-725175558:46.02,S2-507838769:42.63,S2-489068288:41.25,S2-737865145:40.84,S2-192178849:40.30,S2-854703870:40.27,S2-335672658:38.80,S2-58109825:38.24,S2-948417793:36.89,S2-845767997:36.20,S2-247505372:36.11,S2-500529664:35.84,S2-716633730:35.84,S2-289073342:35.84,S2-968749410:35.81,S2-10777883:35.81,S2-142588848:35.81,S2-733609309:34.67,S2-376883607:33.69	S3-897799394:41.74,S3-122738534:41.74,S3-574707377:41.74,S3-806422723:41.74,S3-720322226:41.74,S3-769411758:36.65,S3-835875433:36.65,S3-3794327:36.65,S3-340148205:36.60,S3-780946083:36.60,S3-104065058:36.60,S3-262753472:36.08,S3-284333486:35.96,S3-824641381:35.92,S3-713413785:35.60,S3-67953752:35.45,S3-37201560:34.68,S3-402220126:34.54,S3-478583475:34.52,S3-989585317:34.43	ok
S1-599687414	US	Desert Network	7106 138th Avenue, Cedar Lake, IN	S2-419333041	69.12382	20	S3-877371575	47.835976	20	69.12382	S2-419333041:69.12,S2-678123616:65.54,S2-997096657:51.93,S2-974142134:47.65,S2-565806892:47.58,S2-147979566:47.43,S2-607474634:46.56,S2-853513508:46.17,S2-353205003:45.08,S2-487629397:43.84,S2-563342568:43.84,S2-120732187:43.84,S2-919243921:43.84,S2-402813408:43.84,S2-513840374:43.84,S2-361241986:43.84,S2-854621570:43.84,S2-207748932:43.84,S2-315355617:43.84,S2-641634879:43.84	S3-877371575:47.84,S3-827312750:47.21,S3-33258982:46.74,S3-352116494:44.11,S3-166378184:44.11,S3-853290172:44.11,S3-338173731:44.11,S3-904702923:44.11,S3-762881681:44.11,S3-248175147:44.11,S3-590216263:44.11,S3-881868284:44.11,S3-364640467:44.11,S3-386794400:44.00,S3-537418031:44.00,S3-496820576:44.00,S3-365814077:44.00,S3-85234662:44.00,S3-749526167:44.00,S3-409005090:44.00	ok
S1-244034621	India	XR Institute Private Limited	No.3, Sea Shell Avenue Akkarai, Chennai, Tamil Nadu	S2-747680938	76.32926	20	S3-189813207	87.46978	20	87.46978	S2-747680938:76.33,S2-171351203:49.34,S2-689932138:46.45,S2-209546210:45.53,S2-432625239:43.82,S2-584148625:43.82,S2-564488462:43.58,S2-534239819:43.58,S2-671391427:43.13,S2-170934888:43.09,S2-6606376:43.04,S2-42010318:42.96,S2-762469027:42.70,S2-817456441:42.00,S2-619673276:42.00,S2-71201226:42.00,S2-954254329:42.00,S2-338742443:42.00,S2-439956224:42.00,S2-791763043:41.85	S3-189813207:87.47,S3-766552483:46.67,S3-232500809:45.79,S3-982294638:43.53,S3-841536840:43.42,S3-316417436:43.29,S3-919034288:43.10,S3-512746491:42.22,S3-367193721:42.14,S3-244770499:41.78,S3-701902584:41.63,S3-977891878:41.58,S3-702867812:41.58,S3-870755503:41.53,S3-374361795:41.44,S3-352511800:41.44,S3-11250230:41.44,S3-214591169:41.44,S3-938131768:41.44,S3-749166151:41.44	ok
S1-280245711	India	Swastik Marketing Private Limited	1-134/1 Behind Petrolpump, Ankapur, Armoor, Nizamabad, Telangana	S2-724033168	59.94645	20	S3-313023958	74.76697	20	74.76697	S2-724033168:59.95,S2-264790811:51.59,S2-134907398:50.17,S2-431914734:49.65,S2-844081807:49.65,S2-284842543:49.51,S2-856085802:48.72,S2-180168066:48.58,S2-32844515:47.39,S2-301617958:47.16,S2-976656325:46.85,S2-851456996:44.76,S2-862091057:44.58,S2-100375228:44.58,S2-402959358:44.58,S2-542167432:44.58,S2-881808414:43.34,S2-329607640:43.34,S2-465446284:43.34,S2-765532877:43.34	S3-313023958:74.77,S3-531041260:49.20,S3-129676935:47.35,S3-780927434:47.11,S3-581927018:46.94,S3-192162496:46.94,S3-539086152:46.94,S3-310336006:46.94,S3-515818921:46.94,S3-418236736:46.94,S3-554209530:46.94,S3-398238385:46.94,S3-285372475:46.36,S3-88902306:46.23,S3-564680473:46.23,S3-724164401:46.23,S3-108825345:46.22,S3-949461073:46.22,S3-789136259:46.06,S3-540778909:46.05	ok
S1-13750479	India	Prime Engineering Private Limited	Haryana, Gurgaon, B-3, Gurgaon, Gf, Parsvnath Green Ville	S2-355517883	79.84422	20	S3-703005501	72.91728	20	79.84422	S2-355517883:79.84,S2-678788776:46.65,S2-365212837:46.39,S2-563721267:46.36,S2-520342486:46.36,S2-679272746:46.34,S2-221571945:44.95,S2-626795084:44.95,S2-269885674:44.95,S2-561288199:44.93,S2-789036591:44.93,S2-449874474:44.93,S2-418626522:44.93,S2-896432783:44.87,S2-946319453:44.08,S2-10716632:43.64,S2-956102803:43.55,S2-964143976:43.43,S2-177251471:43.43,S2-866933496:43.42	S3-703005501:72.92,S3-947693046:50.84,S3-783026006:46.05,S3-880712340:43.35,S3-654618815:43.35,S3-118680090:43.35,S3-410481018:43.35,S3-217697202:43.35,S3-136905663:43.35,S3-803621744:43.35,S3-183242303:43.35,S3-109868309:43.28,S3-497508034:43.28,S3-450860307:43.28,S3-658075808:43.28,S3-305807242:42.84,S3-382734894:42.79,S3-855801508:42.50,S3-886632734:42.18,S3-477381299:42.18	ok
S1-819151789	India	Big Builders Private Limited	No 152/3/4-B Flat No B-5, Chandragan 7(C) Building, Haveli, Pune, Maharashtra	S2-514890597	51.681297	20	S3-703293992	54.438145	20	54.438145	S2-514890597:51.68,S2-552701044:51.50,S2-157822732:51.22,S2-827634686:51.09,S2-557791731:51.09,S2-369398527:51.02,S2-768280349:50.77,S2-467036560:50.66,S2-538787831:50.27,S2-333665008:50.12,S2-679785048:49.97,S2-731095838:49.41,S2-101967818:49.10,S2-87675893:48.19,S2-784100107:48.19,S2-175579640:48.19,S2-860168888:48.12,S2-974545311:47.75,S2-744430972:47.60,S2-127102171:47.46	S3-703293992:54.44,S3-470657695:53.77,S3-948353758:52.80,S3-789511547:52.08,S3-421711379:52.02,S3-512959222:51.37,S3-608919171:51.28,S3-226952486:51.04,S3-586596121:50.82,S3-126212986:50.29,S3-634859547:49.76,S3-352781628:49.58,S3-859340856:48.87,S3-681778060:48.69,S3-251752552:48.21,S3-555353473:47.78,S3-93605628:47.35,S3-335681054:47.35,S3-135764444:47.09,S3-189602056:47.05	ok
S1-34544505	India	International Management Limited	B-5/148, Sector-4, Rohini, Delhi	S2-526517990	45.45641	20	S3-503465163	45.75227	20	45.75227	S2-526517990:45.46,S2-939114441:41.70,S2-214790361:41.70,S2-393440286:41.66,S2-950126577:41.22,S2-871603784:39.94,S2-521122743:39.66,S2-790976300:39.54,S2-871726326:39.54,S2-73224098:39.54,S2-289225629:38.71,S2-758072770:37.50,S2-23794730:37.25,S2-452065494:37.20,S2-80215409:37.18,S2-743332355:37.09,S2-560449402:37.09,S2-979515993:37.09,S2-218149073:37.09,S2-410499786:37.09	S3-503465163:45.75,S3-252367272:43.65,S3-116455475:43.65,S3-434448715:43.62,S3-516817883:42.06,S3-202747835:40.19,S3-947902568:40.19,S3-463772726:38.42,S3-804966335:38.42,S3-911729882:38.42,S3-250972219:38.42,S3-689688547:38.20,S3-499570493:38.18,S3-651787583:37.98,S3-702717364:37.88,S3-46319035:37.14,S3-532394700:36.23,S3-938877750:35.86,S3-966830863:35.78,S3-679523409:35.78	ok
S1-27364218	US	Madlin's Liberty Foods Inc.	386 Riverside Avenue, Troy, MT	S2-503639376	90.97751	20	S3-959015537	75.41145	20	90.97751	S2-503639376:90.98,S2-744691632:75.82,S2-132026353:75.40,S2-281220478:73.54,S2-684587487:68.91,S2-913774069:48.05,S2-126796048:47.04,S2-566223204:46.35,S2-458132340:46.35,S2-969256766:45.79,S2-680408215:45.79,S2-565267186:43.90,S2-21386801:43.85,S2-487959716:43.85,S2-502521724:43.85,S2-743982889:43.85,S2-672974519:40.32,S2-74330360:40.10,S2-372067698:39.97,S2-35960778:39.89	S3-959015537:75.41,S3-638422607:68.18,S3-1781460:44.75,S3-850638969:44.75,S3-50228005:44.75,S3-509729348:43.96,S3-422232587:43.96,S3-817562245:43.96,S3-375831509:43.96,S3-254825379:43.96,S3-410042668:43.96,S3-96562622:43.96,S3-61585467:42.57,S3-186175409:39.88,S3-352225062:39.88,S3-581281346:39.88,S3-675119696:39.48,S3-183797456:39.23,S3-515928225:39.23,S3-98052066:39.23	ok
S1-323859337	India	Sivakasi Software Corp	149, Ayyappan Colony, Katalaipatti Road, Sivakasi, Virudhunagar, Tamil Nadu	S2-993754496	94.62638	20	S3-342652816	62.39643	20	94.62638	S2-993754496:94.63,S2-184822598:68.93,S2-724813024:61.76,S2-472106130:59.27,S2-108768728:56.69,S2-939538965:56.69,S2-958085876:56.12,S2-862031168:56.12,S2-845350560:55.32,S2-929431056:54.77,S2-299727314:54.76,S2-576898279:54.76,S2-499036323:54.63,S2-503848365:54.19,S2-65512630:53.94,S2-209248153:53.84,S2-379472159:53.69,S2-587665322:53.69,S2-419765950:53.41,S2-57176432:53.00	S3-342652816:62.40,S3-569021194:60.36,S3-903188474:56.72,S3-43237293:56.63,S3-542176930:55.31,S3-633075548:55.31,S3-726574631:55.07,S3-558445388:53.29,S3-3901450:53.07,S3-501075862:52.51,S3-646089387:52.43,S3-769907678:52.09,S3-876786699:51.36,S3-313508189:50.33,S3-744732703:49.26,S3-416677165:49.25,S3-902538401:49.18,S3-281360872:48.53,S3-545713862:47.80,S3-182043616:44.80	ok
S1-267437081	India	United Business Limited	H.No. 8-2-269/S/20, P.No.201, Str.No.2, Banjara Hls Sri Chaitanya Residency, Sagar Society, Rdno.2, Hyderabad, Telangana	S2-767402072	79.99498	20	S3-744295954	65.86718	20	79.99498	S2-767402072:79.99,S2-529778726:53.81,S2-558145538:53.17,S2-446494797:53.17,S2-851689399:51.07,S2-979783810:50.55,S2-413674735:50.33,S2-104173512:49.27,S2-28548590:48.17,S2-34213622:48.17,S2-52481137:48.03,S2-265638781:47.83,S2-782471736:47.27,S2-562818006:46.71,S2-51905999:46.44,S2-946425166:46.26,S2-708512707:46.12,S2-167994279:46.06,S2-969017048:45.73,S2-271050165:45.10	S3-744295954:65.87,S3-837690391:57.77,S3-560717392:52.94,S3-107870885:51.10,S3-611986372:48.72,S3-18954955:48.13,S3-792428730:48.07,S3-829070615:46.94,S3-866762910:46.66,S3-283434725:46.62,S3-77683737:45.93,S3-831339849:45.89,S3-602341756:45.89,S3-368856973:45.72,S3-264944966:45.68,S3-804564302:45.41,S3-989580429:45.21,S3-63264340:44.73,S3-703936386:44.16,S3-434711093:43.60	ok
S1-146275752	India	Om Consultants	M/S Rac Papers Limited, Village-Badnouli, Modinagar Road, Hapur, Hapur, Ghaziabad, Uttar Pradesh	S2-344957181	111.7662	20	S3-773183669	106.03746	20	111.7662	S2-344957181:111.77,S2-213528488:52.69,S2-913062583:47.66,S2-630870897:47.19,S2-390444976:46.89,S2-197913813:46.89,S2-415264278:45.12,S2-170664644:45.12,S2-746210446:45.12,S2-552044245:45.08,S2-282295377:45.08,S2-361567391:45.08,S2-545489094:44.38,S2-481858233:42.06,S2-229505282:41.99,S2-835661089:41.31,S2-753102535:41.23,S2-475217877:41.06,S2-375653190:40.92,S2-312843261:40.33	S3-773183669:106.04,S3-335115885:48.44,S3-377034386:46.98,S3-971880103:45.65,S3-383404035:45.47,S3-755089319:45.47,S3-329712606:44.84,S3-364902832:43.66,S3-550428337:43.66,S3-789367494:43.66,S3-340736503:43.66,S3-721228644:43.46,S3-581456736:43.37,S3-332787532:43.11,S3-634615638:41.61,S3-177946199:40.83,S3-943790811:40.71,S3-741573836:40.67,S3-137827327:40.50,S3-863053357:40.20	ok
S1-709006095	India	International Software Private Limited	Chennai, Tamil Nadu, Old No 73/1, Fivefurlong Road, Guindy, Chennai, New No.26/1	S2-648286188	55.1845	20	S3-319367979	51.783863	20	55.1845	S2-648286188:55.18,S2-557895533:55.00,S2-565724310:54.44,S2-787172665:54.27,S2-534333913:54.15,S2-478178153:53.78,S2-656506062:53.69,S2-490281687:53.01,S2-875434348:51.84,S2-44176258:51.55,S2-670374000:50.97,S2-940090353:50.81,S2-575590538:50.53,S2-811677478:50.13,S2-416024848:50.06,S2-133291079:49.90,S2-600814363:49.85,S2-359260711:49.85,S2-545919783:49.70,S2-536598577:49.69	S3-319367979:51.78,S3-320390580:50.79,S3-64538723:50.68,S3-924873358:50.36,S3-654620342:50.17,S3-542968007:49.89,S3-534955057:48.87,S3-728874209:48.81,S3-662959125:48.74,S3-579630517:48.60,S3-374788820:48.01,S3-643631703:47.88,S3-288123379:47.88,S3-189929194:47.87,S3-399622461:47.73,S3-991988433:47.56,S3-957949097:47.46,S3-855422818:47.38,S3-528160747:47.07,S3-202985180:46.75	ok
S1-624004006	US	Blue Barbershop	87 Piedmont Road, Whitehall, MT	S2-622686220	65.49489	20	S3-258876285	47.915535	20	65.49489	S2-622686220:65.49,S2-302468836:47.99,S2-994304302:47.81,S2-95569792:47.81,S2-469334515:46.02,S2-929122771:45.95,S2-472387688:45.95,S2-355057799:45.74,S2-135406676:45.74,S2-607716053:45.74,S2-700539171:45.74,S2-492263822:45.74,S2-39909410:45.74,S2-659527579:45.74,S2-855358076:45.74,S2-237352499:45.74,S2-588786913:45.74,S2-45739410:45.74,S2-711305234:45.74,S2-808828617:45.74	S3-258876285:47.92,S3-673805990:47.76,S3-92094711:47.72,S3-832805658:45.62,S3-561836848:45.62,S3-616907906:45.62,S3-917722960:45.62,S3-817790805:45.62,S3-492472980:45.62,S3-639613302:45.62,S3-324787613:45.62,S3-812521249:45.62,S3-643330937:45.62,S3-253433494:45.62,S3-611056119:45.62,S3-946584409:45.62,S3-442796167:45.62,S3-116064015:45.62,S3-801510791:45.62,S3-17193399:45.62	ok
S1-803545135	India	Sky Dynamic Food Private Limited	501, 5Th Floor, A Wing New English High School, Ram Maruti Road, Thane, Maharashtra	S2-715961479	91.59954	20	S3-51204394	56.66144	20	91.59954	S2-715961479:91.60,S2-155079876:56.99,S2-479404102:54.30,S2-503224663:53.07,S2-243813293:52.85,S2-540260926:52.65,S2-889900493:52.60,S2-482377916:52.45,S2-944057433:52.08,S2-857461618:51.88,S2-698930096:51.52,S2-143521331:51.27,S2-281620968:51.13,S2-793249133:50.69,S2-889343678:50.64,S2-570681124:50.31,S2-513602604:50.24,S2-111117661:49.47,S2-408921860:49.31,S2-998393349:49.23	S3-51204394:56.66,S3-104229199:53.43,S3-934529829:52.24,S3-242187551:50.66,S3-253721844:50.51,S3-175010471:50.41,S3-246267199:50.35,S3-546384381:50.35,S3-617853605:50.13,S3-965292657:50.04,S3-330996030:49.52,S3-756474268:49.44,S3-722444483:49.42,S3-735121555:49.12,S3-715206394:48.95,S3-120261674:48.51,S3-336436184:48.16,S3-673462134:48.16,S3-746570144:48.16,S3-534208357:48.16	ok
S1-778481044	US	Urology Metro Partners LLC	8021 Macarthur Boulevard, Unit 2084, Irving, TX	S2-983040305	72.36051	20	S3-328561102	46.560917	20	72.36051	S2-983040305:72.36,S2-304586765:51.29,S2-952819037:49.76,S2-527245044:48.76,S2-632946134:47.97,S2-778325504:46.11,S2-474144646:45.41,S2-85437363:45.26,S2-939468630:44.43,S2-195962163:44.36,S2-539517556:44.16,S2-820127302:42.58,S2-22170081:42.58,S2-42194690:42.50,S2-71084031:42.26,S2-578144876:42.13,S2-597487860:41.60,S2-202518894:41.39,S2-674048866:41.20,S2-729076638:41.05	S3-328561102:46.56,S3-64300977:46.37,S3-542110446:44.81,S3-348842375:43.95,S3-823169398:42.96,S3-713571232:42.38,S3-931675239:41.42,S3-422853567:41.24,S3-411852623:41.15,S3-922933777:41.15,S3-591028762:41.05,S3-899984718:40.58,S3-92050354:40.44,S3-214775253:39.62,S3-905331690:39.48,S3-877549233:39.43,S3-549398954:39.43,S3-625443911:39.43,S3-776360816:39.43,S3-830310647:39.43	ok
S1-600847292	US	Goddard Companies Associates	3164 Winfield Place, Mission Hills, CA	S2-67022014	89.53045	20	S3-831022918	77.20353	20	89.53045	S2-67022014:89.53,S2-572286820:63.17,S2-567697850:63.17,S2-677701053:55.43,S2-761175646:55.32,S2-997098091:55.32,S2-427472012:55.32,S2-253116966:47.06,S2-937023352:40.76,S2-186201125:40.48,S2-855049833:38.97,S2-912639434:38.97,S2-551556626:38.97,S2-326566056:38.97,S2-73105843:38.97,S2-118663832:38.97,S2-594440190:38.97,S2-804111647:38.97,S2-360221604:38.97,S2-778094426:38.97	S3-831022918:77.20,S3-807325104:63.43,S3-39119366:63.43,S3-144127713:63.19,S3-515079098:55.61,S3-270545407:55.61,S3-802043011:55.40,S3-644562949:49.50,S3-515949913:48.54,S3-868294595:41.49,S3-826050215:38.93,S3-827829650:38.93,S3-193025319:38.93,S3-377645169:38.93,S3-201272840:38.93,S3-165140909:38.93,S3-435450146:38.93,S3-658576756:38.93,S3-379962294:38.93,S3-730797173:38.93	ok
S1-750707169	India	First Projects Private Limited	Dlf Qe, V-19/4, Dlf Ph-Iii, Haryana, Gurgaon	S2-492461748	54.947628	20	S3-354025222	57.20236	20	57.20236	S2-492461748:54.95,S2-461233411:54.53,S2-459591112:53.93,S2-335043710:53.67,S2-315447926:53.46,S2-956687243:53.15,S2-109822476:53.15,S2-382910772:52.89,S2-566420484:50.99,S2-54553870:50.95,S2-629754574:50.91,S2-123128305:50.86,S2-528881392:50.46,S2-307332370:50.00,S2-580583437:49.31,S2-149009689:49.29,S2-980867039:49.06,S2-834314670:48.54,S2-524180091:48.54,S2-370057902:47.95	S3-354025222:57.20,S3-480760829:54.35,S3-74554129:53.68,S3-418757166:52.68,S3-205974605:52.60,S3-528381110:52.19,S3-797628383:51.37,S3-724707615:51.18,S3-533477471:51.05,S3-438785745:50.94,S3-178334169:50.94,S3-224314007:50.94,S3-302372885:50.62,S3-621290974:50.47,S3-828045293:50.30,S3-857508554:49.54,S3-375975177:49.39,S3-948464038:49.24,S3-790082674:49.24,S3-219314257:48.87	ok
S1-684821623	US	Staub Gold LLC	VA, 5916 Interlachen Court, Prince William County	S2-350876805	44.391888	20	S3-815562978	73.631226	20	73.631226	S2-350876805:44.39,S2-734306836:44.39,S2-360899282:44.39,S2-702463924:44.39,S2-156157532:43.61,S2-106160141:43.61,S2-750006505:40.34,S2-248167969:38.87,S2-975911744:38.87,S2-28844283:38.87,S2-8921922:38.87,S2-781221614:38.87,S2-287616444:38.18,S2-470417977:38.18,S2-715512669:37.73,S2-899878924:36.87,S2-19927669:36.32,S2-271095528:36.32,S2-88697055:36.32,S2-682317605:36.06	S3-815562978:73.63,S3-173453089:44.46,S3-327503388:44.46,S3-233416465:41.75,S3-438500842:39.79,S3-427254032:38.98,S3-132370009:38.98,S3-247440043:38.98,S3-81447858:38.98,S3-811357399:38.98,S3-461333380:38.98,S3-280188226:37.62,S3-526296846:37.62,S3-233014734:36.98,S3-142296091:35.82,S3-629875501:35.42,S3-647545708:35.42,S3-166911445:35.42,S3-927637017:35.35,S3-514285722:35.30	ok
S1-519403182	US	Liis Corporation	5128 Harvard Avenue, Tulsa, OK	S2-383502417	72.9457	20	S3-405678948	47.755585	20	72.9457	S2-383502417:72.95,S2-326452687:71.92,S2-926111118:50.25,S2-354639793:49.18,S2-748552457:49.18,S2-918492653:46.97,S2-935303579:46.97,S2-607785601:45.26,S2-908140188:41.52,S2-939870826:41.52,S2-520919173:41.52,S2-511146924:41.52,S2-386372157:41.52,S2-444017797:40.30,S2-231323861:40.30,S2-111714857:40.30,S2-395046892:40.30,S2-185986166:40.30,S2-932147842:40.30,S2-515302397:40.30	S3-405678948:47.76,S3-662713964:47.76,S3-533767877:47.29,S3-750893323:41.04,S3-854712140:41.04,S3-872659363:41.04,S3-238330115:41.04,S3-102161751:41.04,S3-140917048:41.04,S3-349398391:40.64,S3-682402320:40.64,S3-614679863:40.64,S3-895953071:40.64,S3-291608581:40.64,S3-988447876:40.64,S3-986727607:40.64,S3-406033654:40.64,S3-208136752:40.64,S3-174585026:40.64,S3-908049843:40.64	ok
S1-644861703	India	Hitech Universal Power Private Limited	Palatty House Thabore P.O, Mookkannoor, Angamaly, Ernakulam, Kerala	S2-699240224	63.346806	20	S3-457745807	75.60795	20	75.60795	S2-699240224:63.35,S2-448331466:62.35,S2-479921654:58.29,S2-353313709:53.96,S2-404499353:52.66,S2-641852359:51.64,S2-726217244:51.50,S2-167967306:50.95,S2-196665847:50.95,S2-933499128:50.82,S2-301237032:50.15,S2-508738639:50.15,S2-287788510:50.15,S2-805034428:50.13,S2-915389597:50.09,S2-907061582:49.94,S2-452594817:49.94,S2-470541634:49.30,S2-542885494:48.19,S2-991286933:48.18	S3-457745807:75.61,S3-798896053:59.68,S3-891959667:59.41,S3-777565299:58.38,S3-265316295:57.66,S3-990769794:55.49,S3-755924759:54.86,S3-32892352:54.13,S3-152151597:52.54,S3-196675301:51.00,S3-77329091:49.62,S3-453826491:49.28,S3-37612226:48.73,S3-313348871:48.37,S3-689579667:48.37,S3-88903177:48.37,S3-958983848:48.26,S3-5991456:48.26,S3-80961935:48.26,S3-546726996:48.26	ok
S1-163732327	US	Oneida's Cargo	4602 Woodspring Acres Court, Kingwood, TX	S2-200481442	46.76347	20	S3-195051042	97.939964	20	97.939964	S2-200481442:46.76,S2-686698477:46.76,S2-800752311:46.76,S2-58208260:46.25,S2-519986776:46.25,S2-6130270:45.77,S2-435416356:40.50,S2-755583853:40.50,S2-467483860:37.41,S2-904591517:36.02,S2-360096678:36.02,S2-360831444:33.77,S2-146240121:32.79,S2-565331002:32.79,S2-134358886:32.43,S2-39155568:32.30,S2-528351394:32.30,S2-828999952:32.28,S2-769486429:32.28,S2-633829641:30.85	S3-195051042:97.94,S3-790731236:93.19,S3-668416111:47.13,S3-61699019:47.13,S3-436083302:45.74,S3-959952448:45.74,S3-747534161:41.32,S3-480397200:41.32,S3-256629237:40.10,S3-959873:40.10,S3-165498024:40.10,S3-695248972:37.10,S3-769204493:36.79,S3-487824901:36.79,S3-183242768:35.70,S3-646557263:32.17,S3-138863061:31.11,S3-675593558:30.57,S3-242821736:30.15,S3-617157581:30.15	ok
S1-596486522	US	Helaine Stenson Snow	230 J R Miller Boulevard, Unit 164, Owensboro, KY	S2-390724782	45.788498	20	S3-703594982	124.388725	20	124.388725	S2-390724782:45.79,S2-482063235:45.62,S2-897456343:45.62,S2-127738684:40.50,S2-198938169:40.50,S2-404042735:40.50,S2-719805490:40.50,S2-82380347:40.09,S2-230398973:40.09,S2-628107856:40.09,S2-230236445:40.07,S2-142268121:38.18,S2-318101777:36.02,S2-412667420:35.66,S2-657417764:35.53,S2-48506389:35.49,S2-166787204:35.37,S2-334525095:35.37,S2-868079113:35.37,S2-282720421:35.37	S3-703594982:124.39,S3-52797770:94.53,S3-985803883:45.05,S3-30207238:45.05,S3-289907331:45.04,S3-595108336:45.04,S3-317272405:42.89,S3-545399814:42.57,S3-279244711:41.04,S3-635952187:39.50,S3-826590097:39.50,S3-893053471:39.50,S3-555570716:38.60,S3-630024442:38.08,S3-465362486:36.54,S3-901994317:35.98,S3-191877721:35.98,S3-629226802:35.85,S3-972079857:35.72,S3-199440945:35.72	ok
S1-820539848	US	Ivenora Perimeter	NC, Kinston, 2217 Daly Waldrop Road	S2-724136290	74.09289	20	S3-695664170	70.56733	20	74.09289	S2-724136290:74.09,S2-972795768:70.83,S2-807918435:70.83,S2-392804481:44.33,S2-681734020:42.48,S2-28549355:41.81,S2-173090247:41.38,S2-984628958:41.18,S2-780988467:40.96,S2-768933587:40.96,S2-836113700:40.20,S2-915099756:40.11,S2-852440488:39.85,S2-768474255:39.39,S2-880314838:39.39,S2-148690357:39.39,S2-321317338:39.39,S2-679329803:39.39,S2-646087320:39.39,S2-993835803:39.39	S3-695664170:70.57,S3-362333278:70.57,S3-31560096:69.80,S3-484994684:63.29,S3-601628889:41.33,S3-788430215:41.21,S3-152617579:41.21,S3-764889373:41.09,S3-134462790:40.59,S3-892180124:40.47,S3-892009398:40.47,S3-529456112:38.99,S3-89127705:38.99,S3-487049557:38.99,S3-346846683:38.99,S3-951060102:38.99,S3-683047771:38.99,S3-467425604:38.99,S3-35494030:38.99,S3-543771389:38.99	ok
S1-550532576	US	Dinkins Certified Crown LLC	127 Teri Circle, Westbrook, ME	S2-496533576	92.239105	20	S3-578544091	49.205246	20	92.239105	S2-496533576:92.24,S2-307770203:86.43,S2-699639504:45.81,S2-536580979:43.90,S2-186331341:43.90,S2-82855685:43.65,S2-598057742:43.65,S2-617597801:42.43,S2-361271235:41.66,S2-801227732:40.74,S2-794814285:39.05,S2-999791219:38.82,S2-464411965:38.82,S2-41835685:38.37,S2-975881256:37.94,S2-45487648:36.72,S2-378516381:36.72,S2-89782529:36.72,S2-681773124:36.72,S2-563113624:36.72	S3-578544091:49.21,S3-26305197:44.61,S3-644688094:44.19,S3-208198595:42.77,S3-603904362:42.77,S3-900435823:42.28,S3-488561157:39.71,S3-968422156:39.71,S3-780225010:39.71,S3-315224732:39.34,S3-866458725:39.34,S3-190133078:39.34,S3-463352230:39.34,S3-619864331:39.34,S3-480461702:39.01,S3-650382160:38.40,S3-848937543:38.40,S3-776617781:37.49,S3-624803363:37.49,S3-894841480:37.49	ok
S1-463260149	US	Hunger Initiative	AL, Prichard, 4442 University Boulevard	S2-976455077	55.82792	20	S3-586670499	65.30645	20	65.30645	S2-976455077:55.83,S2-522096139:51.06,S2-764885917:51.06,S2-852078701:51.06,S2-468926346:51.06,S2-773967717:51.06,S2-956869581:51.06,S2-49717375:51.06,S2-716948482:51.06,S2-600888484:51.06,S2-319154582:51.06,S2-519032545:51.06,S2-343912898:51.06,S2-924168494:51.06,S2-17598392:51.06,S2-169622199:51.06,S2-850074462:51.01,S2-160787199:51.01,S2-580212937:51.01,S2-881788983:51.01	S3-586670499:65.31,S3-741865258:51.32,S3-817120944:51.32,S3-300132238:51.32,S3-952491836:51.32,S3-399699096:51.32,S3-472178943:51.32,S3-907312697:51.32,S3-229421468:51.32,S3-576594204:51.32,S3-529763418:51.32,S3-387469258:51.32,S3-789828118:51.32,S3-592135:51.32,S3-767236849:51.29,S3-839660954:51.24,S3-395863308:51.24,S3-904215580:51.24,S3-790702866:51.24,S3-453781164:51.24	ok
S1-345089995	US	Continental Equity Partners LLC	276 Colorado Drive, Cedar Creek, TX	S2-200955285	73.461525	20	S3-876213364	67.897285	20	73.461525	S2-200955285:73.46,S2-665779255:58.14,S2-743895470:54.45,S2-355740797:52.02,S2-834420511:51.81,S2-673577419:51.08,S2-897977451:51.08,S2-700589375:49.41,S2-682496991:49.16,S2-343718970:48.80,S2-150245472:48.80,S2-145101258:45.75,S2-756591993:45.70,S2-594444080:45.70,S2-126306155:45.48,S2-65897181:45.48,S2-193514865:45.48,S2-452168803:45.43,S2-718447699:45.43,S2-849781700:45.43	S3-876213364:67.90,S3-713098538:52.07,S3-889986075:52.04,S3-861696801:52.04,S3-45547339:52.04,S3-719072860:52.04,S3-452521927:51.37,S3-583953618:51.37,S3-550108299:51.37,S3-700004276:51.34,S3-6655418:51.34,S3-257797520:51.34,S3-269827137:50.89,S3-251203718:49.48,S3-990313532:46.89,S3-888682815:45.96,S3-681448286:45.90,S3-285343645:45.90,S3-336586987:45.73,S3-405324540:45.73	ok
S1-311460318	India	Industries Pure Producer Pvt. Ltd.	E 506 Phase 1, Oreange Height, Yashwant Gaurav Complex F Palghar Shanti Nagar, Vasai, Thane, Maharashtra	S2-896038272	125.334694	20	S3-448996186	80.00464	20	125.334694	S2-896038272:125.33,S2-94710950:53.29,S2-229858346:53.20,S2-481564474:52.01,S2-205132701:51.32,S2-238783962:51.21,S2-821723171:50.62,S2-695226116:50.03,S2-770517114:48.88,S2-629857245:47.89,S2-357262043:47.22,S2-306038514:47.13,S2-840658622:46.92,S2-62849471:46.32,S2-504250614:46.32,S2-135628827:46.03,S2-437211094:45.83,S2-309877924:45.76,S2-331335667:45.61,S2-26329003:45.32	S3-448996186:80.00,S3-45324536:55.45,S3-753906980:51.75,S3-957972885:51.70,S3-738216163:50.42,S3-578084828:49.25,S3-196206332:48.91,S3-426200037:47.86,S3-765434341:47.63,S3-742281693:47.61,S3-75240858:47.47,S3-2612072:46.92,S3-290782984:46.26,S3-398425122:46.18,S3-855139087:45.86,S3-757968611:45.64,S3-724646903:45.60,S3-383548427:45.45,S3-157526572:45.45,S3-289429037:45.00	ok
S1-921284121	US	R 4 Anchor Grill	7951 575, Jonesboro, IN	S2-851106500	94.12088	20	S3-765866841	72.1723	20	94.12088	S2-851106500:94.12,S2-796965544:76.64,S2-897711240:76.57,S2-572152369:69.00,S2-890459905:68.94,S2-314686073:64.40,S2-45793593:62.75,S2-70266943:57.28,S2-459184216:57.28,S2-526037692:53.62,S2-572037445:51.64,S2-717138022:51.64,S2-299523201:51.58,S2-821138892:51.58,S2-460823016:51.57,S2-248913879:49.95,S2-485806235:45.22,S2-1866625:45.22,S2-222062620:45.17,S2-930303232:44.61	S3-765866841:72.17,S3-178596645:69.60,S3-821512802:69.47,S3-34600265:69.47,S3-385218097:64.60,S3-879336055:63.34,S3-524881347:63.34,S3-784747860:63.34,S3-783837796:57.70,S3-393969503:57.51,S3-743029286:57.51,S3-94914154:54.03,S3-163844648:52.00,S3-645335599:51.82,S3-613907906:51.82,S3-730333937:51.72,S3-525971330:45.47,S3-873348038:45.47,S3-397208187:45.34,S3-387222138:45.34	ok
S1-324625399	India	Kolkata Changer Pvt. Ltd.	46 B B Ganguly Street5Th Floor, Kolkata, Calcutta, West Bengal	S2-890361872	58.695076	20	S3-589832344	93.435715	20	93.435715	S2-890361872:58.70,S2-320071461:57.60,S2-522032474:56.66,S2-774374173:56.61,S2-535352903:55.78,S2-802692659:55.73,S2-150992452:55.60,S2-475091828:54.31,S2-942870637:54.22,S2-657463170:53.87,S2-68743675:53.63,S2-131820581:53.43,S2-468296166:53.29,S2-900660555:53.28,S2-550444782:53.25,S2-872167519:53.21,S2-591456901:52.43,S2-620957678:52.36,S2-189380976:52.15,S2-486544070:52.02	S3-589832344:93.44,S3-472483085:63.62,S3-614161877:52.94,S3-783517007:52.29,S3-902967406:52.22,S3-727603112:52.14,S3-134085299:52.07,S3-42580178:51.63,S3-831554067:51.56,S3-466191249:51.37,S3-483263411:51.37,S3-496300815:50.95,S3-678284064:50.90,S3-895517142:50.90,S3-197431718:50.71,S3-421562646:50.51,S3-720102342:50.46,S3-272951454:50.45,S3-56594349:50.45,S3-1348881:50.40	ok
S1-816940491	US	Green Keystone Btc LP	2295 Tonto Place, Fl 1, Chandler, AZ	S2-251806088	73.05937	20	S3-945917808	74.79458	20	74.79458	S2-251806088:73.06,S2-966079890:59.73,S2-863537958:53.18,S2-347074609:46.56,S2-101939254:46.51,S2-325948001:45.58,S2-114707377:45.58,S2-55894531:45.03,S2-538620565:44.76,S2-901682538:44.76,S2-12221312:42.77,S2-706920764:42.31,S2-498034776:42.31,S2-998397032:42.31,S2-429578487:42.31,S2-490825322:42.21,S2-641646996:42.18,S2-287827187:41.56,S2-759044357:41.41,S2-505512959:41.41	S3-945917808:74.79,S3-837324305:56.76,S3-452864587:56.76,S3-302029784:53.17,S3-351244296:46.70,S3-659542153:46.70,S3-367731980:46.61,S3-572362796:46.61,S3-994080700:45.04,S3-482722925:45.04,S3-960067457:44.74,S3-266592988:44.57,S3-9195375:42.72,S3-898430568:42.72,S3-755416151:42.72,S3-478018475:42.72,S3-155829290:42.72,S3-610926858:42.59,S3-732081009:42.59,S3-350309585:42.59	ok
S1-67395661	US	Cornerstone Independence	910 Newell Circle, Seymour, TN	S2-478078420	69.59427	20	S3-934630653	53.885616	20	69.59427	S2-478078420:69.59,S2-755257293:69.53,S2-998743698:53.39,S2-290347679:53.39,S2-578853249:46.96,S2-880034137:45.59,S2-473766825:37.43,S2-921611328:37.10,S2-461089746:36.54,S2-92703025:36.16,S2-125068933:35.88,S2-416226012:35.88,S2-65359852:35.88,S2-463072480:35.64,S2-774856709:35.55,S2-268768599:35.31,S2-211129815:35.09,S2-577559545:34.73,S2-109367687:34.61,S2-206322809:34.44	S3-934630653:53.89,S3-153374693:53.83,S3-350083613:47.24,S3-97984301:47.20,S3-35660151:47.20,S3-563843947:47.20,S3-376703378:47.20,S3-698986991:42.06,S3-293394742:42.01,S3-50604867:37.86,S3-705847395:37.43,S3-383269757:37.43,S3-241177692:37.43,S3-282662293:37.28,S3-952375489:34.70,S3-851554308:34.70,S3-355147527:34.56,S3-887628818:34.56,S3-47446652:34.56,S3-412564628:33.36	ok
S1-517325279	US	Ace Clear Ithax LLC	16951 Danny Way, Delhi, CA	S2-774582280	54.281746	20	S3-989884180	79.08854	20	79.08854	S2-774582280:54.28,S2-380080039:46.95,S2-342595827:43.39,S2-100873858:43.39,S2-54695580:43.39,S2-540611857:43.27,S2-430655054:43.27,S2-75915529:41.76,S2-155914413:40.87,S2-430680498:40.61,S2-616393900:40.17,S2-252937729:40.17,S2-618481606:40.17,S2-931714425:40.08,S2-135833938:40.08,S2-120157165:39.61,S2-931723156:39.44,S2-6441112:39.33,S2-821386903:38.68,S2-60127895:37.99	S3-989884180:79.09,S3-906804290:54.43,S3-986890760:48.55,S3-564852534:48.55,S3-766244151:48.55,S3-139161499:47.41,S3-893079211:45.92,S3-355584392:42.13,S3-351809914:40.88,S3-770943310:40.88,S3-29123007:39.93,S3-943527748:39.93,S3-446992583:39.93,S3-934435746:39.93,S3-620713418:39.93,S3-841765623:39.86,S3-21596557:39.32,S3-72854063:39.32,S3-884909656:39.32,S3-9149476:37.76	ok
S1-655735445	US	Dermatology Clinic	16028 190th Avenue, Unit 18, Town Of Eagle Point, WI	S2-115653082	53.42491	20	S3-291204407	51.18914	20	53.42491	S2-115653082:53.42,S2-744873314:53.41,S2-161998190:48.23,S2-437434441:48.23,S2-640713390:48.22,S2-938897663:47.82,S2-27011348:44.67,S2-940093107:44.53,S2-618896080:44.22,S2-893777508:44.02,S2-660148307:43.52,S2-113929545:43.36,S2-269842043:42.59,S2-489406109:42.47,S2-962519459:41.86,S2-27538782:41.86,S2-624993421:41.82,S2-215715962:41.14,S2-87558026:41.14,S2-461576760:40.66	S3-291204407:51.19,S3-419223697:50.66,S3-439828830:48.93,S3-233351903:48.93,S3-760616128:47.85,S3-559201926:46.36,S3-796060144:45.79,S3-763301654:44.90,S3-487226906:44.58,S3-510313563:44.13,S3-405522499:44.07,S3-397102269:44.07,S3-453139168:43.74,S3-869346049:43.38,S3-399736038:43.14,S3-651294343:43.14,S3-948668499:43.14,S3-16264744:43.14,S3-640027120:43.11,S3-950090999:43.00	ok
S1-691983436	US	Halcyon PC	8940 Flowes Store Road, Concord, NC	S2-388313010	52.689213	20	S3-862808459	59.990456	20	59.990456	S2-388313010:52.69,S2-302399469:51.53,S2-448439730:48.96,S2-57813276:48.96,S2-84840642:44.97,S2-574493560:44.51,S2-903356870:44.29,S2-603488754:43.06,S2-483436095:43.06,S2-643925939:43.06,S2-190678199:42.87,S2-259589116:39.86,S2-664037238:39.64,S2-817933835:39.64,S2-868064208:39.35,S2-119717600:38.85,S2-127807300:38.85,S2-308547618:38.69,S2-513553606:38.69,S2-657230857:38.56	S3-862808459:59.99,S3-269011026:49.06,S3-905253681:49.06,S3-58236660:49.06,S3-738278214:49.06,S3-471962344:48.95,S3-216735506:45.11,S3-746811702:43.01,S3-721719179:43.01,S3-706695759:43.01,S3-248847513:43.01,S3-291765200:43.01,S3-9566848:43.01,S3-338160202:43.01,S3-734988472:42.91,S3-344027149:42.91,S3-841199842:39.42,S3-939583216:38.88,S3-920733738:38.73,S3-218213671:38.73	ok
S1-180279057	US	Moskowitz Alchemy	2505 Vermillion Drive, Seabrook, TX	S2-399538136	69.14489	20	S3-654800376	92.12403	20	92.12403	S2-399538136:69.14,S2-440619270:44.11,S2-253921318:43.85,S2-481971740:43.85,S2-890777859:43.85,S2-840578403:43.85,S2-356566835:41.85,S2-606427764:38.63,S2-40205293:38.63,S2-294200010:38.39,S2-399785624:38.39,S2-957527810:38.39,S2-449415232:37.73,S2-207969630:36.78,S2-233375610:36.66,S2-29427669:36.28,S2-440711107:36.28,S2-996709797:34.81,S2-504105216:34.81,S2-224664176:34.71	S3-654800376:92.12,S3-620673680:47.58,S3-212651578:44.20,S3-878988063:44.20,S3-67178796:44.20,S3-757506826:44.20,S3-514677679:43.12,S3-626407457:38.75,S3-384498075:38.75,S3-115059382:38.75,S3-229426548:37.80,S3-415585746:37.80,S3-934863975:37.80,S3-522737762:37.80,S3-832400142:37.80,S3-817295332:37.80,S3-882737323:37.80,S3-521102301:36.91,S3-948626841:36.55,S3-128199519:36.55	ok
S1-634179092	US	Tri-State Crown LLC	19700 Hickory Twig Way, Spring, TX	S2-996839527	66.152725	20	S3-412820832	64.30942	20	66.152725	S2-996839527:66.15,S2-547015001:65.67,S2-988368774:64.18,S2-671078560:63.87,S2-237376976:63.87,S2-165917748:63.47,S2-976692917:63.47,S2-991241143:57.08,S2-600103958:56.80,S2-981405451:56.80,S2-922367506:55.89,S2-666269761:51.40,S2-366181444:51.30,S2-251224177:51.15,S2-974859346:49.24,S2-778807234:49.04,S2-274722802:48.07,S2-518127015:48.06,S2-33145047:47.86,S2-924689116:47.70	S3-412820832:64.31,S3-573200566:63.58,S3-736727403:63.46,S3-581551612:63.46,S3-164796908:57.25,S3-753386666:56.31,S3-970394007:52.04,S3-458311463:51.59,S3-67330777:51.47,S3-368872852:51.47,S3-986455848:51.47,S3-678943682:49.49,S3-279876444:49.49,S3-343923560:48.07,S3-188248795:48.02,S3-214720667:47.15,S3-725833783:46.40,S3-537499610:46.02,S3-930135036:46.02,S3-134989797:45.91	ok
S1-918564903	US	Liberty Family Practice PLLC	4968 Rineyville Big Springs Road, Rineyville, KY	S2-55341705	108.43033	20	S3-238131072	97.2195	20	108.43033	S2-55341705:108.43,S2-853069990:62.55,S2-39674295:58.73,S2-245646085:58.02,S2-559350681:57.74,S2-75447813:57.74,S2-867033762:57.74,S2-886761262:57.74,S2-303603293:57.66,S2-16199809:57.66,S2-735579128:57.66,S2-28714526:57.66,S2-924432635:57.66,S2-403227018:57.66,S2-655490206:57.66,S2-822749913:57.66,S2-335730900:57.66,S2-772147964:57.66,S2-827257014:57.66,S2-3739538:57.66	S3-238131072:97.22,S3-135114147:66.79,S3-769573112:66.79,S3-871600077:60.26,S3-337991663:59.58,S3-646905176:58.10,S3-4194274:58.10,S3-790412082:58.10,S3-728228103:58.10,S3-90741429:58.10,S3-598547779:57.91,S3-167505128:57.91,S3-394926231:57.91,S3-498110855:57.91,S3-779583385:57.91,S3-187256020:57.91,S3-741064597:54.21,S3-112778898:54.21,S3-856369709:54.07,S3-598671398:53.09	ok
S1-324917866	India	Sukhshanti & Partners LLP	Plot 2202, Ground Floor, Sector 16, Urban Estate Faridabad, Faridabad, Haryana	S2-880397626	90.50387	20	S3-921049936	60.534103	20	90.50387	S2-880397626:90.50,S2-373443732:83.87,S2-861584918:61.07,S2-520271077:57.10,S2-175186965:53.92,S2-66839981:53.92,S2-342523431:48.89,S2-964167274:47.78,S2-984039580:47.78,S2-437363271:47.21,S2-414318164:45.87,S2-463388916:45.72,S2-786235667:45.30,S2-106595657:45.25,S2-110560539:45.24,S2-603314705:45.03,S2-988160307:42.53,S2-1234359:42.39,S2-875689602:42.24,S2-494587005:42.20	S3-921049936:60.53,S3-140720752:56.58,S3-332529703:53.54,S3-484558101:51.39,S3-214609958:49.89,S3-206226861:48.71,S3-354558059:48.60,S3-438049642:48.42,S3-679999177:47.80,S3-983005841:47.80,S3-431034317:47.56,S3-925032376:47.56,S3-529179694:47.56,S3-347310626:47.56,S3-341246333:47.56,S3-186069312:47.37,S3-817695947:46.62,S3-812824156:46.14,S3-525453761:44.67,S3-251921285:42.62	ok
S1-223734056	US	Strategic Textile Dynamics LLC	100 Bill Hegeman Boulevard, Unit Apt 204, Conway, AR	S2-339721384	49.981182	20	S3-215520197	98.078995	20	98.078995	S2-339721384:49.98,S2-575809053:49.43,S2-777938257:49.43,S2-513538729:46.28,S2-230894530:46.28,S2-468204153:46.28,S2-464602952:46.28,S2-202254406:46.28,S2-826881331:46.23,S2-508197448:46.23,S2-331049779:46.23,S2-258597231:46.23,S2-875154045:46.23,S2-258179928:44.87,S2-408396742:44.87,S2-986909121:44.87,S2-656071444:44.87,S2-960033295:44.87,S2-521833519:44.87,S2-79166663:44.87	S3-215520197:98.08,S3-811560459:89.16,S3-681883608:58.14,S3-397061074:48.81,S3-778197897:48.79,S3-579876373:47.25,S3-602470943:47.12,S3-506498414:46.53,S3-339578239:46.53,S3-835909977:46.53,S3-567108789:46.53,S3-184927409:46.46,S3-62071333:46.46,S3-531537312:46.46,S3-950392783:46.43,S3-292278008:46.18,S3-775468803:46.10,S3-551085107:45.14,S3-257930138:45.14,S3-324204071:45.14	ok
S1-432088478	India	Southern Tech	J-3/251 Kalkaji Church, New Delhi, Delhi	S2-408298730	67.34834	20	S3-99974063	52.29375	20	67.34834	S2-408298730:67.35,S2-166572355:56.49,S2-367202783:48.01,S2-998463366:46.88,S2-221109495:44.68,S2-688660044:44.68,S2-384480498:44.68,S2-998636730:43.05,S2-672030579:42.92,S2-377571265:42.19,S2-659260943:41.85,S2-200303670:41.70,S2-599422720:40.39,S2-704340488:40.19,S2-746175468:39.90,S2-392477951:39.18,S2-321519488:39.18,S2-110417620:39.18,S2-663892792:39.18,S2-982995647:39.18	S3-99974063:52.29,S3-860988083:48.41,S3-730750486:47.89,S3-690804372:47.19,S3-502229052:43.07,S3-172557687:43.06,S3-479353274:43.06,S3-29153554:42.85,S3-537822617:42.85,S3-923327737:42.85,S3-454975741:42.85,S3-603087704:42.73,S3-286768363:41.75,S3-631736666:41.35,S3-272500315:40.97,S3-872203759:40.67,S3-462352722:40.33,S3-364234050:40.13,S3-955877197:39.82,S3-349208407:39.76	ok
S1-897189951	US	Barth Altisource of Lexington L.L.C.	6175 Hwy 200, Lexington, TN	S2-606426357	47.49396	20	S3-907031269	106.78021	20	106.78021	S2-606426357:47.49,S2-28749170:47.09,S2-653922024:45.65,S2-926556918:45.18,S2-215955164:44.21,S2-321945371:44.00,S2-10069097:43.56,S2-644062431:43.48,S2-511245562:43.48,S2-387288719:43.48,S2-10569069:43.23,S2-509153781:43.23,S2-580009037:43.02,S2-984090705:43.02,S2-197594566:42.77,S2-972167798:42.77,S2-822552598:42.77,S2-586624445:42.77,S2-719416549:42.77,S2-284000408:42.24	S3-907031269:106.78,S3-415063759:105.76,S3-153336415:44.07,S3-925419003:43.72,S3-969036529:43.55,S3-919198910:43.26,S3-390556453:43.26,S3-225130834:43.08,S3-646376493:43.08,S3-15061098:42.84,S3-182263212:42.67,S3-807805614:42.67,S3-404419409:42.47,S3-538521373:42.28,S3-650648454:42.28,S3-847325499:42.28,S3-235115138:42.28,S3-686316112:42.24,S3-360485880:42.17,S3-427385925:42.17	ok
S1-169927583	India	Shiv Systems Private Limited	D-2/24, Block -D Pkt-2 Rohini Sector-15, Rohini, North Delhi, Delhi	S2-569325602	66.647415	20	S3-986772278	61.839016	20	66.647415	S2-569325602:66.65,S2-874640529:66.29,S2-483556124:63.36,S2-293338354:60.52,S2-597831531:59.99,S2-65716106:58.30,S2-537071692:58.15,S2-971472802:57.93,S2-964316092:56.77,S2-780196791:56.10,S2-174200261:54.93,S2-67738501:54.90,S2-689673656:54.82,S2-821369608:54.65,S2-383100356:54.10,S2-296724183:53.90,S2-216255298:53.31,S2-894712055:52.36,S2-91424515:52.22,S2-987956552:52.20	S3-986772278:61.84,S3-592868215:61.65,S3-318952777:59.68,S3-552079547:59.63,S3-880812717:55.86,S3-250756302:55.24,S3-602009027:55.14,S3-469865314:55.02,S3-541970561:54.93,S3-803242484:54.53,S3-33511421:53.56,S3-842106208:53.07,S3-560298879:52.81,S3-713511019:52.79,S3-423988486:52.14,S3-181638342:52.03,S3-422073894:51.97,S3-794714861:51.65,S3-279404727:51.05,S3-581849305:50.90	ok
S1-559211427	US	Global Project II	7854 Second Street, Masury, OH	S2-294142817	54.416546	20	S3-944878415	59.34452	20	59.34452	S2-294142817:54.42,S2-598174594:47.91,S2-895543663:47.15,S2-231366843:47.03,S2-941142941:46.87,S2-89703733:44.66,S2-984070639:44.50,S2-424010809:44.06,S2-509730971:44.06,S2-452715838:44.06,S2-267680344:44.06,S2-4219237:44.06,S2-35939506:44.06,S2-690821770:44.06,S2-980771657:44.06,S2-418214524:44.06,S2-578069247:44.06,S2-253788152:44.06,S2-750648680:44.06,S2-222994966:44.06	S3-944878415:59.34,S3-347422129:47.31,S3-860219088:47.31,S3-130433702:46.83,S3-192597070:46.72,S3-930798760:46.69,S3-813274843:44.42,S3-812201402:44.36,S3-416880107:44.24,S3-659097450:44.21,S3-617760633:44.21,S3-105071087:44.21,S3-460904195:44.21,S3-560533367:44.21,S3-602560699:44.21,S3-402623727:44.21,S3-939926882:44.21,S3-517744667:44.21,S3-630888652:44.21,S3-304826901:44.21	ok
S1-494079594	US	St. Catholic Church	2532 Anderson Drive, Phoenix, AZ	S2-67676100	80.0856	20	S3-922658678	71.39139	20	80.0856	S2-67676100:80.09,S2-742113525:80.04,S2-840157058:71.42,S2-793192665:67.71,S2-940617491:67.71,S2-983834627:67.71,S2-67835188:67.71,S2-758352279:67.71,S2-796624740:67.71,S2-268763872:67.71,S2-271221773:67.71,S2-465831223:67.71,S2-890520013:67.71,S2-564470768:67.71,S2-261490077:67.71,S2-858375660:67.71,S2-832912554:67.71,S2-354199306:67.68,S2-585485877:67.68,S2-350168913:67.68	S3-922658678:71.39,S3-260651270:71.39,S3-446405930:68.23,S3-94231185:68.23,S3-557948889:68.23,S3-991607015:68.23,S3-170291117:68.01,S3-528469015:68.01,S3-887782581:68.01,S3-545978947:68.01,S3-483828684:68.01,S3-413724150:68.01,S3-172213772:68.01,S3-156482927:68.01,S3-626574252:68.01,S3-121807019:68.01,S3-81933696:68.01,S3-702870046:68.01,S3-779464313:68.01,S3-346534732:64.31	ok
S1-147516889	India	Shreeji Technologies Private Limited	553/A-1 Kamla Nagar, Meerut, Uttar Pradesh	S2-915192544	83.33805	20	S3-685545777	60.645454	20	83.33805	S2-915192544:83.34,S2-923557024:52.64,S2-231740259:48.26,S2-220883371:47.30,S2-139938257:46.99,S2-385035945:46.92,S2-266667667:45.69,S2-487205988:45.66,S2-499002375:45.02,S2-232679572:44.97,S2-887633187:44.44,S2-277435334:44.25,S2-779497313:43.74,S2-146287930:43.54,S2-855930820:43.45,S2-275147250:43.33,S2-559120880:42.98,S2-14348080:42.96,S2-129862154:42.94,S2-198887200:42.84	S3-685545777:60.65,S3-355140584:52.64,S3-310034880:47.70,S3-614946365:47.70,S3-722074592:46.28,S3-359254357:43.33,S3-592278192:42.46,S3-128316878:42.23,S3-803038056:42.22,S3-244877688:42.19,S3-615457629:41.73,S3-861048110:41.58,S3-684568002:41.53,S3-95191708:41.53,S3-127850640:41.45,S3-956805208:41.41,S3-106124830:41.34,S3-314151442:41.30,S3-409473028:41.02,S3-491480426:41.00	ok
S1-151028854	US	Findley Advanced Medicine Corp	33650 Moore Drive, Lone Rock, WI	S2-160296324	92.874535	20	S3-168118274	79.653366	20	92.874535	S2-160296324:92.87,S2-452423057:75.51,S2-553037084:72.54,S2-309308894:70.26,S2-126196180:70.26,S2-302303729:67.84,S2-120862194:61.97,S2-692720701:61.97,S2-424621360:55.98,S2-772561889:49.78,S2-846571856:48.26,S2-312462074:44.77,S2-990203412:43.05,S2-738330444:42.42,S2-440370504:42.42,S2-737700557:42.42,S2-920881426:42.42,S2-482593022:41.52,S2-288051690:40.40,S2-568786298:40.40	S3-168118274:79.65,S3-964459046:66.97,S3-905529718:63.38,S3-434330945:59.75,S3-366436158:53.06,S3-173901513:49.47,S3-871721444:49.47,S3-271361493:49.47,S3-388113344:49.47,S3-667205269:48.77,S3-764076512:48.77,S3-94110047:45.81,S3-314902666:45.12,S3-678717222:42.44,S3-205856363:42.44,S3-704595418:41.74,S3-125454209:41.74,S3-291943641:41.01,S3-414122247:38.65,S3-370659607:38.62	ok
S1-49360269	US	Lucky Cleaning Service	1832 Midpark Road, Unit 105, Knoxville, TN	S2-697918239	61.359894	20	S3-406722143	77.42772	20	77.42772	S2-697918239:61.36,S2-32080140:61.36,S2-240541624:59.78,S2-376110902:59.72,S2-692284235:59.58,S2-419484253:58.37,S2-63753952:57.37,S2-315725458:57.37,S2-627286662:57.37,S2-322894450:57.37,S2-650291065:57.37,S2-47525179:57.37,S2-143771879:57.37,S2-247666188:57.37,S2-668554141:57.37,S2-72345634:57.33,S2-561770205:57.33,S2-295177738:57.33,S2-847890500:57.33,S2-404277484:57.33	S3-406722143:77.43,S3-424833855:62.18,S3-214043734:61.74,S3-303917804:61.65,S3-232209744:61.56,S3-66213528:60.90,S3-461899697:60.76,S3-726170173:60.69,S3-12443482:59.69,S3-62844610:59.63,S3-767014040:59.45,S3-957144895:58.95,S3-612221497:58.42,S3-686847286:58.33,S3-511761518:57.36,S3-145339971:57.36,S3-391765998:57.36,S3-254636102:57.36,S3-697909967:57.36,S3-41601936:57.36	ok
S1-313373605	India	Mumbai India Limited	103 Amaya Coop Hsg Soc Ltdnear Hansa Aprt Eksar Rd Borivali (West), Mumbai, Maharashtra	S2-585528212	55.64885	20	S3-893057969	104.05245	20	104.05245	S2-585528212:55.65,S2-893728228:49.46,S2-933405763:48.07,S2-867630975:47.83,S2-779938569:47.81,S2-319984327:47.60,S2-260115205:46.07,S2-918228963:45.75,S2-255779039:45.74,S2-557142167:45.42,S2-618573326:45.21,S2-716273752:45.03,S2-396182399:44.95,S2-258622983:44.88,S2-227150692:44.78,S2-24799033:44.42,S2-52867206:44.41,S2-799640064:44.41,S2-883967929:44.33,S2-736475731:44.21	S3-893057969:104.05,S3-989272505:97.83,S3-103156650:50.96,S3-119688620:47.49,S3-189535410:47.08,S3-289194190:46.34,S3-107519461:46.00,S3-630338241:44.64,S3-348225884:43.21,S3-896588418:43.06,S3-49742463:43.05,S3-492340055:42.94,S3-119451602:42.92,S3-992755202:42.85,S3-464111489:42.79,S3-679312136:42.56,S3-422229468:42.52,S3-205950757:42.52,S3-964501290:42.52,S3-768063794:42.51	ok
S1-830374350	India	Alpic Anna Private Limited	Bhishampur, Uttar Pradesh, C/O Akhilesh Chaubey, Chakia, Chandauli	S2-495039973	49.752922	20	S3-710907314	115.35822	20	115.35822	S2-495039973:49.75,S2-543646263:48.27,S2-75133852:48.27,S2-342403568:47.69,S2-431065031:46.80,S2-639931190:46.53,S2-682413127:45.95,S2-583245691:45.83,S2-777336635:44.53,S2-914576460:43.52,S2-437960644:42.94,S2-921869144:42.42,S2-439098025:42.41,S2-773211859:42.30,S2-827532892:41.97,S2-492370931:41.96,S2-607971977:41.58,S2-563843681:41.39,S2-329175833:41.31,S2-860439190:39.72	S3-710907314:115.36,S3-543188645:86.95,S3-806062253:50.83,S3-350744696:48.11,S3-123174382:46.87,S3-661660569:46.87,S3-621120007:46.61,S3-477856265:45.03,S3-621720573:43.88,S3-787193172:43.35,S3-112843641:43.35,S3-11762911:42.65,S3-880520134:42.24,S3-2353628:41.09,S3-510412045:40.92,S3-988457124:40.86,S3-743103238:40.43,S3-415274939:39.85,S3-525505708:39.84,S3-792682812:39.49	ok
S1-400394407	India	Global Software Private Limited	Flat No Pr 903, Eldeco Accolades, Sector-2, Sohna, Gurgaon, Haryana	S2-220694210	46.9548	20	S3-86531587	71.536674	20	71.536674	S2-220694210:46.95,S2-534958279:46.31,S2-112046594:45.68,S2-799554613:45.67,S2-616498153:45.61,S2-179499763:45.59,S2-292808598:45.47,S2-33714381:45.04,S2-623041312:44.93,S2-864517758:44.76,S2-371739155:43.31,S2-877880488:43.31,S2-265366136:43.31,S2-251194336:43.31,S2-84538079:43.31,S2-692343567:43.31,S2-276694866:42.96,S2-53584869:42.71,S2-493224130:42.61,S2-747761594:42.58	S3-86531587:71.54,S3-721932272:44.43,S3-728512036:44.05,S3-811677624:43.82,S3-742624093:43.79,S3-206354466:43.70,S3-509097793:43.17,S3-541509028:43.08,S3-413342565:42.89,S3-734198008:42.47,S3-202754816:41.76,S3-248756037:41.65,S3-588303502:41.65,S3-221804865:41.64,S3-853452838:41.62,S3-174923634:41.61,S3-517920821:41.51,S3-29274025:41.45,S3-966623146:40.62,S3-891156853:40.52	ok
S1-403178677	US	North Golden Superior LLC	121 Pine Street, Mt Holly Springs Borough, PA	S2-689108030	78.45845	20	S3-550756676	47.915382	20	78.45845	S2-689108030:78.46,S2-24164727:49.88,S2-942608021:48.02,S2-416391194:47.94,S2-639600638:44.97,S2-544058435:43.71,S2-95149560:43.71,S2-118296853:41.85,S2-276611017:41.85,S2-820590946:41.81,S2-303979086:41.81,S2-190155521:41.81,S2-86676003:41.81,S2-706877993:41.81,S2-212143985:41.81,S2-44088531:41.81,S2-526775535:41.72,S2-784943076:41.68,S2-490668734:41.68,S2-756592981:41.68	S3-550756676:47.92,S3-621217655:41.65,S3-709505740:41.65,S3-396788808:41.53,S3-695955492:41.53,S3-390302022:41.53,S3-336223101:41.53,S3-295118733:41.45,S3-443830681:41.38,S3-897341174:39.55,S3-495431929:39.29,S3-611462865:38.85,S3-670016292:38.85,S3-833165110:38.85,S3-978166000:38.85,S3-103011826:38.85,S3-125165442:38.78,S3-216713721:38.78,S3-434037540:38.78,S3-748322869:38.78	ok
S1-251703636	India	Ar & Brothers Private Limited	P-29 Third Floor South Extension-2, New Delhi, South Delhi, Delhi	S2-469359357	87.60235	20	S3-468046958	79.511185	20	87.60235	S2-469359357:87.60,S2-599715530:57.84,S2-381328808:57.84,S2-647817267:55.41,S2-422589323:55.17,S2-402321232:55.04,S2-105410952:54.62,S2-575528637:53.56,S2-933088766:53.20,S2-394491672:52.83,S2-819426593:52.44,S2-957159149:51.67,S2-819888949:51.67,S2-462236717:51.55,S2-243928861:51.55,S2-248020646:51.26,S2-244534439:51.23,S2-573587723:51.22,S2-776668763:51.09,S2-858712825:51.02	S3-468046958:79.51,S3-62902333:62.54,S3-656357947:61.59,S3-815070743:60.07,S3-107913815:59.35,S3-993066952:59.35,S3-907345782:59.07,S3-888778830:58.75,S3-886430751:58.15,S3-25886667:57.49,S3-20307531:57.18,S3-753029372:55.61,S3-231649607:55.61,S3-877348576:55.32,S3-886841052:54.66,S3-237478895:54.17,S3-639037207:53.70,S3-686762368:53.57,S3-346192308:52.21,S3-682656161:52.13	ok
S1-869152848	US	Downtown Diner	1219 Vail Avenue, Arlington Heights, IL	S2-832912164	51.246742	20	S3-930493968	67.960556	20	67.960556	S2-832912164:51.25,S2-649251857:51.18,S2-418127092:50.42,S2-310999084:50.41,S2-754317996:50.41,S2-814962586:47.92,S2-483388816:47.40,S2-507675082:47.40,S2-292033467:47.40,S2-53949792:47.40,S2-354528414:47.40,S2-584757897:47.40,S2-681646964:47.40,S2-13011504:47.40,S2-829355124:47.40,S2-414131208:47.40,S2-847335131:47.40,S2-325863383:47.40,S2-318298824:47.40,S2-927553476:47.40	S3-930493968:67.96,S3-641501324:64.44,S3-545629294:52.42,S3-518716824:51.49,S3-968501681:51.24,S3-815372004:47.56,S3-836320005:47.56,S3-727067652:47.56,S3-384968099:47.56,S3-316498155:47.56,S3-160395920:47.56,S3-17566352:47.56,S3-613130445:47.56,S3-871820154:47.56,S3-642123895:47.56,S3-936884602:47.56,S3-871096538:47.56,S3-560708479:47.56,S3-369665899:47.56,S3-850765390:47.56	ok
S1-781866260	India	Bangalore Promotion Private Limited	3421, 7Th Cross, 8Th Main, 15F Bus Stop, K.S.Layout 2 Nd Stage, Bangalore, Karnataka	S2-660224282	56.90932	20	S3-915881840	112.94966	20	112.94966	S2-660224282:56.91,S2-669535227:54.98,S2-593232604:54.94,S2-351371482:53.34,S2-102284484:52.98,S2-37724148:52.62,S2-661480382:52.27,S2-423827070:51.78,S2-109468601:51.61,S2-623269703:50.97,S2-334745475:50.56,S2-318122194:50.51,S2-852268597:50.35,S2-406045749:50.34,S2-233498680:50.30,S2-836236081:50.06,S2-345929884:49.86,S2-402930848:49.85,S2-239132366:49.78,S2-636796161:49.77	S3-915881840:112.95,S3-12949842:86.35,S3-402716200:53.05,S3-69410654:50.08,S3-536995528:50.00,S3-887483081:49.54,S3-439612553:49.54,S3-447385746:48.33,S3-822498540:47.47,S3-12660519:47.40,S3-654394007:46.72,S3-124337487:46.51,S3-548891207:46.28,S3-178452026:46.15,S3-871652612:46.12,S3-271244201:46.01,S3-398683004:45.84,S3-266916719:45.74,S3-441934677:45.53,S3-668460240:45.47	ok
S1-883147789	US	Adelle's Holdings	105 Taconic Road, Salisbury, CT	S2-311512726	53.009842	20	S3-861835672	74.57725	20	74.57725	S2-311512726:53.01,S2-787329926:49.02,S2-70500567:46.76,S2-717684685:46.76,S2-538934801:40.95,S2-268367619:40.95,S2-753491516:40.95,S2-247876558:38.18,S2-466514724:32.79,S2-258756424:25.92,S2-669097507:25.01,S2-248945329:24.39,S2-701086182:24.39,S2-372547304:23.68,S2-288866373:23.11,S2-347780583:22.97,S2-486130577:22.54,S2-57415523:22.54,S2-408079713:22.45,S2-293278909:22.37	S3-861835672:74.58,S3-421504262:71.18,S3-728896966:52.44,S3-926628678:51.31,S3-636313538:50.82,S3-954587819:47.74,S3-814402325:46.60,S3-723474926:41.86,S3-9827919:40.38,S3-917815837:37.26,S3-478917066:33.58,S3-277581528:32.78,S3-244033848:23.91,S3-694797058:23.76,S3-407879461:23.33,S3-852478320:23.10,S3-825344382:22.60,S3-15327856:22.58,S3-402101935:22.58,S3-918190612:22.40	ok
S1-806086609	US	Moore Oneim	213 7th Street, Newport, KY	S2-347321597	50.8462	20	S3-985889897	67.80994	20	67.80994	S2-347321597:50.85,S2-659434529:38.10,S2-281840331:38.05,S2-931252706:37.06,S2-303518718:36.56,S2-856205329:35.56,S2-64024838:35.40,S2-576433787:35.40,S2-94882399:35.36,S2-720119957:35.36,S2-102368643:35.36,S2-747306954:35.36,S2-571260707:35.22,S2-642626262:35.18,S2-599681102:35.15,S2-479444484:35.10,S2-808534620:35.06,S2-870663511:33.66,S2-369364710:33.23,S2-337577756:32.55	S3-985889897:67.81,S3-550875513:58.21,S3-441551446:37.23,S3-177128324:36.99,S3-975557446:35.11,S3-317205600:34.91,S3-663421139:34.91,S3-165283632:34.88,S3-542759317:34.77,S3-573835373:34.77,S3-5568594:34.47,S3-355740848:34.34,S3-147560965:33.46,S3-779917376:33.43,S3-904532176:33.18,S3-443372676:33.02,S3-809560497:32.97,S3-614843356:32.51,S3-944007172:32.19,S3-832306737:31.99	ok
S1-259784596	US	Letty Arbuthnot Kochav	540 Starling Circle, Oswego, IL	S2-111950233	125.87278	20	S3-822316628	42.761475	20	125.87278	S2-111950233:125.87,S2-167470309:61.51,S2-258428138:45.27,S2-470998881:40.38,S2-632054506:39.85,S2-648383989:39.85,S2-310961215:37.62,S2-250630945:36.88,S2-569768932:36.36,S2-968941614:36.36,S2-428542410:36.36,S2-659002523:36.36,S2-58514128:36.36,S2-864465205:36.36,S2-143785737:36.36,S2-193962387:35.80,S2-196538331:35.80,S2-171382941:35.80,S2-538101749:35.68,S2-665413059:35.57	S3-822316628:42.76,S3-190050443:42.76,S3-972852525:40.79,S3-341595886:40.64,S3-196438956:37.72,S3-481674351:37.49,S3-113180523:36.91,S3-196794267:36.81,S3-160572860:36.03,S3-134086708:35.63,S3-719479475:35.63,S3-951105652:35.63,S3-508117899:35.51,S3-37756332:34.61,S3-717952254:34.27,S3-807265814:33.77,S3-551045554:33.44,S3-44569747:33.37,S3-73777654:33.37,S3-958615560:33.37	ok
S1-357234767	US	Pediatric Atlantic Care Associates LLC	23 Robin Hill Road, Danvers, MA	S2-396399547	79.49055	20	S3-817668372	73.259674	20	79.49055	S2-396399547:79.49,S2-283187953:53.89,S2-83753876:53.89,S2-94097363:50.30,S2-646438732:49.27,S2-470181915:48.91,S2-649830046:48.82,S2-720065924:48.73,S2-66404667:48.52,S2-975414754:48.17,S2-89730301:48.11,S2-594610815:48.00,S2-515251557:47.95,S2-462912029:47.71,S2-696068695:47.65,S2-813428139:47.64,S2-966313060:47.60,S2-357551043:47.60,S2-241985982:47.28,S2-740702997:46.87	S3-817668372:73.26,S3-920619233:54.50,S3-769805914:54.45,S3-113684850:49.71,S3-514878648:48.63,S3-673678370:48.63,S3-422856764:48.23,S3-177501969:47.53,S3-991513076:46.75,S3-716025350:46.65,S3-222567786:46.18,S3-917774093:46.05,S3-576300632:45.75,S3-957567898:45.63,S3-167843605:45.50,S3-948464737:44.80,S3-973789642:44.76,S3-271242194:44.70,S3-266492533:44.69,S3-773223725:44.60	ok
S1-601091604	India	VPD Life Private Limited	Flat B-1203, Shreeji Heights, Plot 1-A/B, C, Sector 46A, Nerul, Thane, Maharashtra	S2-667182471	97.74862	20	S3-376216902	53.08814	20	97.74862	S2-667182471:97.75,S2-411029657:93.63,S2-814323242:50.30,S2-893347507:45.05,S2-839603105:44.82,S2-851398261:44.27,S2-909804588:44.06,S2-196973728:43.66,S2-252616639:43.39,S2-154196123:43.33,S2-901684729:43.03,S2-790119645:41.91,S2-372998531:41.70,S2-85242402:41.66,S2-991179823:41.54,S2-797718112:41.03,S2-201596601:40.92,S2-256044248:40.92,S2-485551016:40.82,S2-153364614:40.57	S3-376216902:53.09,S3-193392301:52.32,S3-859877261:48.32,S3-319764341:47.22,S3-916135041:45.79,S3-594346777:43.30,S3-919525564:43.21,S3-290784312:42.41,S3-193049162:42.36,S3-747781690:42.36,S3-720901503:41.98,S3-510236604:41.47,S3-338698324:41.32,S3-514842050:41.23,S3-818318727:40.65,S3-484732987:40.65,S3-774587070:40.28,S3-262663703:40.10,S3-528115035:40.07,S3-33313270:40.02	ok
S1-954184780	India	Saurabh Group	Pune, 29, Pune, Deccan College Road, Next To Shaadawal Baba Dargah, Yerwada, Maharashtra	S2-941367554	60.877426	20	S3-72907837	112.10826	20	112.10826	S2-941367554:60.88,S2-387085249:55.10,S2-226481960:54.41,S2-906965928:53.85,S2-892665707:53.28,S2-819239899:52.00,S2-197542837:51.75,S2-582494604:48.04,S2-948933647:47.30,S2-807414567:46.07,S2-957022384:45.32,S2-319159536:45.20,S2-161088041:43.71,S2-191304597:43.18,S2-325791920:42.25,S2-463428849:40.86,S2-454101067:40.65,S2-198435240:40.50,S2-89774904:40.50,S2-24219101:40.25	S3-72907837:112.11,S3-459850161:55.48,S3-274274234:55.29,S3-449590419:52.36,S3-581740457:47.70,S3-518391457:47.18,S3-480942874:45.91,S3-480661238:45.91,S3-572629706:45.91,S3-537528083:45.91,S3-465451795:45.91,S3-116687847:45.73,S3-467842640:45.64,S3-714001974:45.64,S3-238026595:45.64,S3-886332106:45.37,S3-299444965:45.37,S3-313240817:45.13,S3-418050294:43.58,S3-837927725:42.62	ok
S1-307547912	US	Landrum, Nicki B., DO	MA, 44 Forest Acres Drive, Haverhill, Unit E	S2-36848653	117.961136	20	S3-758787314	120.341354	20	120.341354	S2-36848653:117.96,S2-155922217:46.16,S2-506983403:43.27,S2-966300257:42.61,S2-420352214:42.61,S2-817568073:42.21,S2-151241024:41.82,S2-534322783:41.27,S2-171768309:41.15,S2-2618767:41.03,S2-863938318:41.03,S2-280809416:40.58,S2-655992952:40.11,S2-841657280:40.11,S2-27621547:40.11,S2-775875659:39.82,S2-576858904:39.76,S2-194039196:39.44,S2-555542776:39.39,S2-269231422:39.32	S3-758787314:120.34,S3-600034078:49.87,S3-398352538:47.88,S3-855592973:47.18,S3-113790953:46.49,S3-573750496:44.74,S3-125127951:43.56,S3-485603558:41.36,S3-41879090:41.14,S3-457676729:40.82,S3-616826329:40.73,S3-160160189:40.71,S3-792830575:39.95,S3-980531071:39.54,S3-704584833:39.25,S3-954166515:39.14,S3-198919153:39.05,S3-9932147:39.00,S3-884918566:38.88,S3-610300086:38.73	ok
S1-264149670	US	Cooperative Defense Partners LLC	21W 266 Ahlstrand Road, Lombard, IL	S2-892445326	96.22824	20	S3-758560171	93.76349	20	96.22824	S2-892445326:96.23,S2-190213872:51.36,S2-430091380:50.57,S2-447059978:49.10,S2-338385043:44.97,S2-301390510:44.97,S2-230065802:44.68,S2-405041218:43.63,S2-249728550:43.45,S2-924834659:42.24,S2-358109825:40.83,S2-410864230:40.41,S2-393211708:40.28,S2-683961583:40.07,S2-329352381:40.07,S2-509986176:40.07,S2-51917531:40.07,S2-565959904:40.07,S2-318400289:38.25,S2-327528620:38.25	S3-758560171:93.76,S3-483575218:61.21,S3-213964752:57.60,S3-816586769:51.33,S3-167470697:50.50,S3-962820472:44.99,S3-393018595:44.99,S3-861909028:44.96,S3-839328709:44.96,S3-749510356:43.36,S3-270833710:42.62,S3-924183554:40.35,S3-298406332:40.35,S3-451796850:40.35,S3-660926451:40.28,S3-14667296:40.28,S3-105469046:40.28,S3-780841423:40.28,S3-638360063:40.28,S3-330525609:39.29	ok
S1-465702580	India	Fortune Enterprises LLP	Plot No-88/3, Mothi Nagar, Erragadda, Ameerpet, Hyderabad, Telangana	S2-940622981	48.52789	20	S3-351711364	68.62562	20	68.62562	S2-940622981:48.53,S2-404296727:46.81,S2-680467823:45.98,S2-461942780:45.10,S2-651250086:44.35,S2-512310190:43.93,S2-477752804:43.91,S2-378330304:43.69,S2-634137301:42.79,S2-149941811:42.70,S2-348037433:42.64,S2-82207100:42.34,S2-679985992:42.27,S2-191947739:42.02,S2-679532904:41.79,S2-106838927:41.34,S2-886380691:41.17,S2-481623379:41.12,S2-134501642:40.84,S2-317710783:40.76	S3-351711364:68.63,S3-614018225:53.38,S3-160902423:49.47,S3-831912186:46.13,S3-552504126:45.94,S3-112613953:45.51,S3-368044286:45.33,S3-711344107:45.23,S3-200105318:44.84,S3-845924072:44.04,S3-874666070:43.63,S3-162087869:43.14,S3-22527422:42.83,S3-808593521:42.80,S3-327283169:42.72,S3-470837611:42.67,S3-522045229:42.15,S3-756410546:41.05,S3-364763885:41.00,S3-272963878:41.00	ok
S1-934541601	US	Tamarra T. Brabant, MD, M.D., P.C.	4054 Lee 810 Road, Palestine, AR	S2-972338494	138.84778	20	S3-595805646	55.47515	20	138.84778	S2-972338494:138.85,S2-629951104:109.48,S2-858087027:59.14,S2-230467609:57.17,S2-294023137:57.17,S2-92558822:57.04,S2-679805201:53.14,S2-825271800:52.42,S2-795745518:52.42,S2-86273143:52.31,S2-966444332:50.47,S2-688802350:49.66,S2-9679618:49.53,S2-461216419:49.53,S2-801356710:48.40,S2-507143379:48.24,S2-416062004:48.10,S2-167445118:48.07,S2-316789904:47.95,S2-90598807:47.78	S3-595805646:55.48,S3-577760009:55.48,S3-257401270:55.05,S3-159465373:55.05,S3-920883532:55.00,S3-764736771:52.84,S3-630229875:51.36,S3-893248572:50.68,S3-896291944:50.51,S3-840596198:50.51,S3-527867895:49.39,S3-315926751:49.02,S3-77465818:48.47,S3-77524196:48.15,S3-593556199:48.02,S3-965323242:48.02,S3-573838780:48.02,S3-752647256:48.01,S3-885866825:48.01,S3-760179818:47.90	ok
S1-445642643	US	Dulciana Greer Americas	Bend, OR, 2121 W Hills Avenue	S2-304386614	87.09561	20	S3-312447837	50.397972	20	87.09561	S2-304386614:87.10,S2-954438815:81.54,S2-495272854:46.65,S2-555354573:43.09,S2-517060646:42.53,S2-173353319:40.42,S2-957270377:39.90,S2-497632162:38.61,S2-750531313:38.58,S2-74961707:38.58,S2-253496188:38.55,S2-197397116:38.36,S2-675318360:38.36,S2-343185802:38.04,S2-468924587:38.04,S2-75373983:37.69,S2-614092675:37.62,S2-56343689:37.45,S2-500586958:37.32,S2-650258112:37.19	S3-312447837:50.40,S3-52680413:50.18,S3-64039449:47.10,S3-84076720:40.95,S3-113192953:40.63,S3-473274500:40.03,S3-356923568:39.97,S3-943400921:39.72,S3-154596051:39.60,S3-892074798:38.42,S3-311468540:38.08,S3-630242762:37.92,S3-32507440:37.82,S3-399306493:37.82,S3-577614760:37.51,S3-46541575:37.51,S3-596480881:37.40,S3-914566855:37.36,S3-376962826:37.30,S3-457294687:37.24	ok
S1-388774887	India	Nimmagadda Vintrade (India) Pvt Ltd	C-415, Gautam Buddha Nagar, 4Th Floor In Tower C, Sector 62, Plot No.-8, Block B, Noida, Noida, Uttar Pradesh	S2-905625563	65.76968	20	S3-420458091	113.63512	20	113.63512	S2-905625563:65.77,S2-731164261:65.77,S2-234895265:65.77,S2-169406125:65.18,S2-269178038:63.37,S2-825425059:62.47,S2-553256986:62.40,S2-908866764:61.63,S2-882563521:61.18,S2-843818522:59.60,S2-62315299:59.52,S2-836190445:59.05,S2-793880844:58.93,S2-648326245:58.86,S2-753990002:57.51,S2-337156906:57.32,S2-384793626:56.98,S2-275656608:56.91,S2-569098974:56.70,S2-93576229:56.30	S3-420458091:113.64,S3-871474698:107.23,S3-390513055:64.26,S3-791632221:63.30,S3-932050264:63.12,S3-417751595:62.36,S3-648032895:61.75,S3-575585442:60.76,S3-272998308:60.06,S3-988294541:59.71,S3-149279436:59.14,S3-232973408:59.12,S3-418549058:58.47,S3-355867144:58.42,S3-340266025:58.27,S3-602086354:57.64,S3-3429357:57.63,S3-798225933:57.54,S3-831644594:57.52,S3-77725145:57.52	ok
S1-83010369	US	West Bath Eye Strategic Center	76 Woodlands Pt Road, West Bath, ME	S2-936901361	46.944775	20	S3-395151245	106.49512	20	106.49512	S2-936901361:46.94,S2-30604152:46.17,S2-101183723:45.81,S2-919440504:45.45,S2-861417564:45.40,S2-294418432:45.26,S2-212826203:45.11,S2-449435534:44.13,S2-145406563:43.10,S2-413608409:42.12,S2-844663281:41.93,S2-578521697:41.93,S2-926057970:41.91,S2-175255277:41.91,S2-964402098:41.91,S2-576947413:41.80,S2-907801206:41.80,S2-199711530:41.75,S2-344770573:41.25,S2-385762488:41.22	S3-395151245:106.50,S3-953974817:102.93,S3-86430496:52.40,S3-16620009:52.40,S3-541495281:47.08,S3-669137951:44.90,S3-597773133:44.74,S3-822184612:44.72,S3-195356027:44.64,S3-158961504:44.23,S3-480475859:43.61,S3-780414863:43.36,S3-454839045:43.36,S3-151660889:43.21,S3-500110945:43.21,S3-26783853:43.21,S3-205882412:42.69,S3-568032686:42.48,S3-671967859:42.24,S3-53795799:42.16	ok
S1-864211800	US	North National Arcelormittal PLLC	NY, 6934 Proximity Lane, Victor	S2-196912797	77.760025	20	S3-125831058	83.32584	20	83.32584	S2-196912797:77.76,S2-154304280:72.41,S2-409491415:72.41,S2-395977989:72.41,S2-557352145:72.26,S2-786575513:53.26,S2-611559658:53.17,S2-917515971:46.81,S2-313828633:46.64,S2-992666734:46.64,S2-75701132:44.81,S2-168368031:43.81,S2-714509098:41.63,S2-690272431:41.27,S2-510624470:41.27,S2-734516029:41.19,S2-42501955:41.19,S2-34213997:41.19,S2-95352692:41.19,S2-750937002:40.46	S3-125831058:83.33,S3-111440289:72.36,S3-788424605:71.81,S3-139159473:64.71,S3-989111122:56.74,S3-333315954:53.66,S3-855275990:53.54,S3-908705928:52.96,S3-335066621:47.05,S3-84684879:46.43,S3-140684777:41.08,S3-500057091:41.01,S3-263825467:41.01,S3-923930173:40.61,S3-189159315:40.60,S3-190076446:40.30,S3-213221955:40.12,S3-593975648:39.80,S3-133072109:38.68,S3-881452170:38.26	ok
S1-91410673	US	Hoffman, Mata & Odom L.L.C.	5720 Cody Road, Independence, KY	S2-201377442	43.611652	20	S3-771755836	99.3743	20	99.3743	S2-201377442:43.61,S2-109285625:43.61,S2-73030314:43.24,S2-944797386:42.39,S2-892947124:41.97,S2-424424618:41.97,S2-15578876:41.76,S2-803571131:41.76,S2-523117750:41.76,S2-517540859:41.76,S2-788567104:41.76,S2-835375336:40.71,S2-625346403:40.29,S2-113824801:40.29,S2-367510306:40.29,S2-459134855:39.79,S2-848091622:39.49,S2-427278885:38.79,S2-855219224:38.79,S2-253956121:38.72	S3-771755836:99.37,S3-393027630:69.03,S3-248801660:44.44,S3-78597660:44.05,S3-29657981:43.58,S3-238461812:43.58,S3-747492031:42.44,S3-57228278:42.44,S3-772212953:42.44,S3-733880919:42.30,S3-349978358:42.30,S3-68768270:42.30,S3-380007969:41.42,S3-528638659:41.42,S3-535560243:41.11,S3-22283680:41.11,S3-600182051:41.11,S3-930158013:39.35,S3-424401303:39.05,S3-279211545:38.97	ok
S1-407101550	US	Wright, Lott & Tyler PLLC	13586 159, Jasonville, IN	S2-270384153	104.77822	20	S3-930687406	92.86053	20	104.77822	S2-270384153:104.78,S2-487329128:76.86,S2-354171303:45.12,S2-437927972:44.03,S2-472931108:44.02,S2-3557024:43.17,S2-955655169:41.95,S2-312683176:41.07,S2-844015066:41.07,S2-427150412:41.07,S2-135435161:41.07,S2-937640912:41.07,S2-914551665:41.07,S2-416574731:41.05,S2-347234535:40.57,S2-780751282:40.57,S2-627586879:40.33,S2-319811816:39.65,S2-232002298:38.40,S2-634843345:37.43	S3-930687406:92.86,S3-778661665:87.15,S3-37972390:48.22,S3-120848214:45.55,S3-285023424:44.11,S3-525880987:43.74,S3-388907140:43.74,S3-514237621:41.99,S3-627224480:41.09,S3-701931423:41.09,S3-229031399:41.09,S3-83881535:40.88,S3-711339499:40.88,S3-821392902:40.88,S3-723566552:40.57,S3-929497781:40.50,S3-230399360:40.30,S3-133907498:40.30,S3-40114886:40.30,S3-646824255:40.12	ok
S1-800433453	India	East Healthcare Private Limited	201/202 Bigsplashsector-17 Vashi, Navi Mumbai, Thane, Maharashtra	S2-567158402	52.10596	20	S3-788576442	51.457886	20	52.10596	S2-567158402:52.11,S2-879502940:47.84,S2-996718435:46.69,S2-656996148:46.35,S2-955478901:46.26,S2-266537926:46.02,S2-841071145:45.51,S2-167913661:45.51,S2-980368981:45.51,S2-418332912:45.51,S2-739333286:45.47,S2-646422338:45.47,S2-138071277:45.47,S2-26084908:44.09,S2-981616924:44.02,S2-534345737:43.68,S2-767608423:43.66,S2-571338672:43.20,S2-850951969:42.83,S2-109223609:42.79	S3-788576442:51.46,S3-625089148:47.86,S3-734591726:47.55,S3-848657618:47.01,S3-681588834:46.93,S3-459115077:46.18,S3-354606575:46.17,S3-204749824:46.09,S3-765703405:45.88,S3-205578394:44.51,S3-465716779:44.47,S3-594621737:43.91,S3-715695773:43.91,S3-408016190:43.91,S3-639113796:43.89,S3-879595207:43.89,S3-65524430:43.89,S3-603340636:43.89,S3-755340129:43.89,S3-218508241:43.89	ok
S1-896038718	India	Exotic Chits Pvt. Ltd.	10, 1St Floor, Chaturbhuj Colony, Gordhanwadi Tekro, Kankaria, Ahmedabad, Gujarat	S2-165305225	121.04376	20	S3-266878744	96.07682	20	121.04376	S2-165305225:121.04,S2-730772971:56.01,S2-662971326:51.42,S2-679112720:49.71,S2-49410319:48.30,S2-476256148:48.00,S2-106967942:47.70,S2-383412164:47.68,S2-81761380:47.64,S2-270757642:47.57,S2-998961319:46.35,S2-975507580:46.13,S2-315664784:46.13,S2-652306932:46.13,S2-705525311:46.13,S2-7993748:46.13,S2-539575803:46.13,S2-765578378:45.78,S2-598788077:45.78,S2-434827236:45.78	S3-266878744:96.08,S3-515971297:54.44,S3-122688070:52.08,S3-959946183:49.68,S3-945315209:49.51,S3-541079370:47.72,S3-320607301:47.06,S3-186333096:46.37,S3-526049861:46.37,S3-729408845:46.37,S3-356537702:46.37,S3-612581672:46.37,S3-515548904:46.37,S3-314472840:46.37,S3-709540414:45.94,S3-471097970:45.94,S3-9326350:45.94,S3-238448973:45.04,S3-893263078:44.51,S3-799550082:44.51	ok
S1-795379292	India	Modern Edutainment Private Limited	Property No. 198/22, 1St Floor, Ramesh Market, Garhi, East Of Kailash, New Delhi, South Delhi, Delhi	S2-840100025	59.421318	20	S3-307964027	79.10711	20	79.10711	S2-840100025:59.42,S2-780473956:57.59,S2-850683184:56.31,S2-88662896:55.86,S2-426296007:55.81,S2-615722793:54.55,S2-507984062:54.41,S2-982080327:53.57,S2-376842038:53.46,S2-758756594:52.22,S2-480614696:52.18,S2-554595849:51.66,S2-76608284:51.36,S2-170640786:51.23,S2-523092178:50.59,S2-536390775:50.53,S2-870139353:50.53,S2-203273318:50.15,S2-357642641:50.11,S2-153398790:50.06	S3-307964027:79.11,S3-240428216:56.58,S3-758713000:56.10,S3-618589591:55.80,S3-977045258:55.31,S3-707267292:55.15,S3-195298602:54.53,S3-296775989:54.51,S3-600097528:54.32,S3-228839495:53.91,S3-78038498:53.79,S3-796113912:53.68,S3-135820713:53.62,S3-664218599:53.29,S3-751388011:53.21,S3-425987810:52.54,S3-72760000:51.46,S3-135279073:51.40,S3-520280820:50.53,S3-993676304:50.31	ok
